day,icao,hour_utc,ticker,p_model,p_market,outcome
2026-07-01,KNYC,15,KXHIGHNY-26JUL01-B92.5,0.477,0.47,1.0
2026-07-01,KNYC,15,KXHIGHNY-26JUL01-B94.5,0.0865,0.365,0.0
2026-07-01,KNYC,15,KXHIGHNY-26JUL01-T99,0.0025,0.005,0.0
2026-07-01,KNYC,15,KXHIGHNY-26JUL01-B96.5,0.003,0.025,0.0
2026-07-01,KNYC,15,KXHIGHNY-26JUL01-B98.5,0.0,0.005,0.0
2026-07-01,KNYC,15,KXHIGHNY-26JUL01-T92,0.431,0.185,0.0
2026-07-01,KNYC,17,KXHIGHNY-26JUL01-B92.5,0.5575,0.27,1.0
2026-07-01,KNYC,17,KXHIGHNY-26JUL01-B94.5,0.0805,0.69,0.0
2026-07-01,KNYC,17,KXHIGHNY-26JUL01-T99,0.0,0.005,0.0
2026-07-01,KNYC,17,KXHIGHNY-26JUL01-B96.5,0.024,0.08,0.0
2026-07-01,KNYC,17,KXHIGHNY-26JUL01-B98.5,0.007,0.005,0.0
2026-07-01,KNYC,17,KXHIGHNY-26JUL01-T92,0.331,0.005,0.0
2026-07-01,KNYC,19,KXHIGHNY-26JUL01-B92.5,0.6105,0.825,1.0
2026-07-01,KNYC,19,KXHIGHNY-26JUL01-B94.5,0.049,0.16499999999999998,0.0
2026-07-01,KNYC,19,KXHIGHNY-26JUL01-T99,0.0,0.005,0.0
2026-07-01,KNYC,19,KXHIGHNY-26JUL01-B96.5,0.0005,0.005,0.0
2026-07-01,KNYC,19,KXHIGHNY-26JUL01-B98.5,0.0,0.005,0.0
2026-07-01,KNYC,19,KXHIGHNY-26JUL01-T92,0.34,0.005,0.0
2026-07-02,KNYC,15,KXHIGHNY-26JUL02-B103.5,0.022,0.025,0.0
2026-07-02,KNYC,15,KXHIGHNY-26JUL02-B105.5,0.0,0.005,0.0
2026-07-02,KNYC,15,KXHIGHNY-26JUL02-B101.5,0.172,0.32999999999999996,0.0
2026-07-02,KNYC,15,KXHIGHNY-26JUL02-T99,0.29,0.08499999999999999,0.0
2026-07-02,KNYC,15,KXHIGHNY-26JUL02-B99.5,0.5105,0.61,1.0
2026-07-02,KNYC,15,KXHIGHNY-26JUL02-T106,0.0055,0.005,0.0
2026-07-02,KNYC,17,KXHIGHNY-26JUL02-B103.5,0.0395,0.005,0.0
2026-07-02,KNYC,17,KXHIGHNY-26JUL02-B105.5,0.0305,0.005,0.0
2026-07-02,KNYC,17,KXHIGHNY-26JUL02-B101.5,0.3075,0.33,0.0
2026-07-02,KNYC,17,KXHIGHNY-26JUL02-T99,0.0,0.03,0.0
2026-07-02,KNYC,17,KXHIGHNY-26JUL02-B99.5,0.614,0.67,1.0
2026-07-02,KNYC,17,KXHIGHNY-26JUL02-T106,0.0085,0.005,0.0
2026-07-02,KNYC,19,KXHIGHNY-26JUL02-B103.5,0.029,0.005,0.0
2026-07-02,KNYC,19,KXHIGHNY-26JUL02-B105.5,0.0,0.005,0.0
2026-07-02,KNYC,19,KXHIGHNY-26JUL02-B101.5,0.519,0.28,0.0
2026-07-02,KNYC,19,KXHIGHNY-26JUL02-T99,0.0,0.005,0.0
2026-07-02,KNYC,19,KXHIGHNY-26JUL02-B99.5,0.452,0.725,1.0
2026-07-02,KNYC,19,KXHIGHNY-26JUL02-T106,0.0,0.005,0.0
2026-07-03,KNYC,15,KXHIGHNY-26JUL03-B98.5,0.5295,0.43,1.0
2026-07-03,KNYC,15,KXHIGHNY-26JUL03-B102.5,0.038,0.08499999999999999,0.0
2026-07-03,KNYC,15,KXHIGHNY-26JUL03-T98,0.1785,0.045,0.0
2026-07-03,KNYC,15,KXHIGHNY-26JUL03-B104.5,0.004,0.005,0.0
2026-07-03,KNYC,15,KXHIGHNY-26JUL03-B100.5,0.245,0.45999999999999996,0.0
2026-07-03,KNYC,15,KXHIGHNY-26JUL03-T105,0.005,0.005,0.0
2026-07-03,KNYC,17,KXHIGHNY-26JUL03-B98.5,0.608,0.4,1.0
2026-07-03,KNYC,17,KXHIGHNY-26JUL03-B102.5,0.0305,0.07500000000000001,0.0
2026-07-03,KNYC,17,KXHIGHNY-26JUL03-T98,0.177,0.015,0.0
2026-07-03,KNYC,17,KXHIGHNY-26JUL03-B104.5,0.0075,0.005,0.0
2026-07-03,KNYC,17,KXHIGHNY-26JUL03-B100.5,0.177,0.51,0.0
2026-07-03,KNYC,17,KXHIGHNY-26JUL03-T105,0.0,0.005,0.0
2026-07-03,KNYC,19,KXHIGHNY-26JUL03-B98.5,0.627,0.915,1.0
2026-07-03,KNYC,19,KXHIGHNY-26JUL03-B102.5,0.0015,0.015,0.0
2026-07-03,KNYC,19,KXHIGHNY-26JUL03-T98,0.2835,0.005,0.0
2026-07-03,KNYC,19,KXHIGHNY-26JUL03-B104.5,0.0,0.005,0.0
2026-07-03,KNYC,19,KXHIGHNY-26JUL03-B100.5,0.088,0.095,0.0
2026-07-03,KNYC,19,KXHIGHNY-26JUL03-T105,0.0,0.005,0.0
2026-07-04,KNYC,15,KXHIGHNY-26JUL04-B104.5,0.0005,0.005,0.0
2026-07-04,KNYC,15,KXHIGHNY-26JUL04-T105,0.0,0.005,0.0
2026-07-04,KNYC,15,KXHIGHNY-26JUL04-B102.5,0.0055,0.005,0.0
2026-07-04,KNYC,15,KXHIGHNY-26JUL04-B98.5,0.019,0.065,0.0
2026-07-04,KNYC,15,KXHIGHNY-26JUL04-B100.5,0.0,0.035,0.0
2026-07-04,KNYC,15,KXHIGHNY-26JUL04-T98,0.975,0.905,1.0
2026-07-04,KNYC,17,KXHIGHNY-26JUL04-B104.5,0.0,0.005,0.0
2026-07-04,KNYC,17,KXHIGHNY-26JUL04-T105,0.0,0.005,0.0
2026-07-04,KNYC,17,KXHIGHNY-26JUL04-B102.5,0.0005,0.005,0.0
2026-07-04,KNYC,17,KXHIGHNY-26JUL04-B98.5,0.022,0.07500000000000001,0.0
2026-07-04,KNYC,17,KXHIGHNY-26JUL04-B100.5,0.0075,0.005,0.0
2026-07-04,KNYC,17,KXHIGHNY-26JUL04-T98,0.97,0.925,1.0
2026-07-04,KNYC,19,KXHIGHNY-26JUL04-B104.5,0.0,0.005,0.0
2026-07-04,KNYC,19,KXHIGHNY-26JUL04-T105,0.0,0.005,0.0
2026-07-04,KNYC,19,KXHIGHNY-26JUL04-B102.5,0.0,0.005,0.0
2026-07-04,KNYC,19,KXHIGHNY-26JUL04-B98.5,0.002,0.03,0.0
2026-07-04,KNYC,19,KXHIGHNY-26JUL04-B100.5,0.0,0.005,0.0
2026-07-04,KNYC,19,KXHIGHNY-26JUL04-T98,0.998,0.975,1.0
2026-07-05,KNYC,15,KXHIGHNY-26JUL05-T84,0.947,0.675,1.0
2026-07-05,KNYC,15,KXHIGHNY-26JUL05-T91,0.0,0.005,0.0
2026-07-05,KNYC,15,KXHIGHNY-26JUL05-B88.5,0.0045,0.005,0.0
2026-07-05,KNYC,15,KXHIGHNY-26JUL05-B86.5,0.0005,0.055,0.0
2026-07-05,KNYC,15,KXHIGHNY-26JUL05-B84.5,0.048,0.305,0.0
2026-07-05,KNYC,15,KXHIGHNY-26JUL05-B90.5,0.0,0.005,0.0
2026-07-05,KNYC,17,KXHIGHNY-26JUL05-T84,0.927,0.795,1.0
2026-07-05,KNYC,17,KXHIGHNY-26JUL05-T91,0.0,0.005,0.0
2026-07-05,KNYC,17,KXHIGHNY-26JUL05-B88.5,0.0065,0.005,0.0
2026-07-05,KNYC,17,KXHIGHNY-26JUL05-B86.5,0.0025,0.025,0.0
2026-07-05,KNYC,17,KXHIGHNY-26JUL05-B84.5,0.064,0.195,0.0
2026-07-05,KNYC,17,KXHIGHNY-26JUL05-B90.5,0.0,0.005,0.0
2026-07-05,KNYC,19,KXHIGHNY-26JUL05-T84,0.984,0.875,1.0
2026-07-05,KNYC,19,KXHIGHNY-26JUL05-T91,0.0,0.005,0.0
2026-07-05,KNYC,19,KXHIGHNY-26JUL05-B88.5,0.0,0.005,0.0
2026-07-05,KNYC,19,KXHIGHNY-26JUL05-B86.5,0.0005,0.005,0.0
2026-07-05,KNYC,19,KXHIGHNY-26JUL05-B84.5,0.0155,0.135,0.0
2026-07-05,KNYC,19,KXHIGHNY-26JUL05-B90.5,0.0,0.005,0.0
2026-07-06,KNYC,15,KXHIGHNY-26JUL06-B79.5,0.0005,0.005,0.0
2026-07-06,KNYC,15,KXHIGHNY-26JUL06-B75.5,0.0335,0.045,0.0
2026-07-06,KNYC,15,KXHIGHNY-26JUL06-T82,0.0,0.005,0.0
2026-07-06,KNYC,15,KXHIGHNY-26JUL06-B81.5,0.0035,0.005,0.0
2026-07-06,KNYC,15,KXHIGHNY-26JUL06-B77.5,0.0035,0.005,0.0
2026-07-06,KNYC,15,KXHIGHNY-26JUL06-T75,0.959,0.965,1.0
2026-07-06,KNYC,17,KXHIGHNY-26JUL06-B79.5,0.0,0.005,0.0
2026-07-06,KNYC,17,KXHIGHNY-26JUL06-B75.5,0.001,0.03,0.0
2026-07-06,KNYC,17,KXHIGHNY-26JUL06-T82,0.0,0.005,0.0
2026-07-06,KNYC,17,KXHIGHNY-26JUL06-B81.5,0.0,0.005,0.0
2026-07-06,KNYC,17,KXHIGHNY-26JUL06-B77.5,0.0075,0.005,0.0
2026-07-06,KNYC,17,KXHIGHNY-26JUL06-T75,0.9915,0.985,1.0
2026-07-06,KNYC,19,KXHIGHNY-26JUL06-B79.5,0.0,0.005,0.0
2026-07-06,KNYC,19,KXHIGHNY-26JUL06-B75.5,0.0005,0.005,0.0
2026-07-06,KNYC,19,KXHIGHNY-26JUL06-T82,0.0,0.005,0.0
2026-07-06,KNYC,19,KXHIGHNY-26JUL06-B81.5,0.0,0.005,0.0
2026-07-06,KNYC,19,KXHIGHNY-26JUL06-B77.5,0.0,0.005,0.0
2026-07-06,KNYC,19,KXHIGHNY-26JUL06-T75,0.9995,0.995,1.0
2026-07-07,KNYC,15,KXHIGHNY-26JUL07-T75,0.9915,0.975,1.0
2026-07-07,KNYC,15,KXHIGHNY-26JUL07-B75.5,0.0,0.025,0.0
2026-07-07,KNYC,15,KXHIGHNY-26JUL07-B81.5,0.0,0.005,0.0
2026-07-07,KNYC,15,KXHIGHNY-26JUL07-T82,0.0,0.005,0.0
2026-07-07,KNYC,15,KXHIGHNY-26JUL07-B77.5,0.008,0.005,0.0
2026-07-07,KNYC,17,KXHIGHNY-26JUL07-T75,0.993,0.995,1.0
2026-07-07,KNYC,17,KXHIGHNY-26JUL07-B75.5,0.001,0.005,0.0
2026-07-07,KNYC,17,KXHIGHNY-26JUL07-B81.5,0.0,0.005,0.0
2026-07-07,KNYC,17,KXHIGHNY-26JUL07-T82,0.0,0.005,0.0
2026-07-07,KNYC,17,KXHIGHNY-26JUL07-B79.5,0.0,0.005,0.0
2026-07-07,KNYC,17,KXHIGHNY-26JUL07-B77.5,0.006,0.005,0.0
2026-07-07,KNYC,19,KXHIGHNY-26JUL07-T75,1.0,0.995,1.0
2026-07-07,KNYC,19,KXHIGHNY-26JUL07-B75.5,0.0,0.005,0.0
2026-07-07,KNYC,19,KXHIGHNY-26JUL07-B81.5,0.0,0.005,0.0
2026-07-07,KNYC,19,KXHIGHNY-26JUL07-T82,0.0,0.005,0.0
2026-07-07,KNYC,19,KXHIGHNY-26JUL07-B79.5,0.0,0.005,0.0
2026-07-07,KNYC,19,KXHIGHNY-26JUL07-B77.5,0.0,0.005,0.0
2026-07-08,KNYC,15,KXHIGHNY-26JUL08-B82.5,0.32,0.605,0.0
2026-07-08,KNYC,15,KXHIGHNY-26JUL08-B78.5,0.009,0.015,0.0
2026-07-08,KNYC,15,KXHIGHNY-26JUL08-T76,0.0,0.005,0.0
2026-07-08,KNYC,15,KXHIGHNY-26JUL08-T83,0.6005,0.325,1.0
2026-07-08,KNYC,15,KXHIGHNY-26JUL08-B76.5,0.0,0.005,0.0
2026-07-08,KNYC,15,KXHIGHNY-26JUL08-B80.5,0.0705,0.060000000000000005,0.0
2026-07-08,KNYC,17,KXHIGHNY-26JUL08-B82.5,0.0,0.375,0.0
2026-07-08,KNYC,17,KXHIGHNY-26JUL08-B78.5,0.0,0.005,0.0
2026-07-08,KNYC,17,KXHIGHNY-26JUL08-T76,0.0,0.005,0.0
2026-07-08,KNYC,17,KXHIGHNY-26JUL08-T83,1.0,0.645,1.0
2026-07-08,KNYC,17,KXHIGHNY-26JUL08-B76.5,0.0,0.005,0.0
2026-07-08,KNYC,17,KXHIGHNY-26JUL08-B80.5,0.0,0.005,0.0
2026-07-08,KNYC,19,KXHIGHNY-26JUL08-B82.5,0.0,0.005,0.0
2026-07-08,KNYC,19,KXHIGHNY-26JUL08-B78.5,0.0,0.005,0.0
2026-07-08,KNYC,19,KXHIGHNY-26JUL08-T76,0.0,0.005,0.0
2026-07-08,KNYC,19,KXHIGHNY-26JUL08-T83,1.0,0.995,1.0
2026-07-08,KNYC,19,KXHIGHNY-26JUL08-B76.5,0.0,0.005,0.0
2026-07-08,KNYC,19,KXHIGHNY-26JUL08-B80.5,0.0,0.005,0.0
2026-07-09,KNYC,15,KXHIGHNY-26JUL09-B87.5,0.038,0.025,0.0
2026-07-09,KNYC,15,KXHIGHNY-26JUL09-B83.5,0.433,0.615,0.0
2026-07-09,KNYC,15,KXHIGHNY-26JUL09-T90,0.0035,0.005,0.0
2026-07-09,KNYC,15,KXHIGHNY-26JUL09-B85.5,0.129,0.295,0.0
2026-07-09,KNYC,15,KXHIGHNY-26JUL09-T83,0.3935,0.10500000000000001,1.0
2026-07-09,KNYC,15,KXHIGHNY-26JUL09-B89.5,0.003,0.005,0.0
2026-07-09,KNYC,17,KXHIGHNY-26JUL09-B87.5,0.001,0.005,0.0
2026-07-09,KNYC,17,KXHIGHNY-26JUL09-B83.5,0.4095,0.29000000000000004,0.0
2026-07-09,KNYC,17,KXHIGHNY-26JUL09-T90,0.0,0.005,0.0
2026-07-09,KNYC,17,KXHIGHNY-26JUL09-B85.5,0.0675,0.02,0.0
2026-07-09,KNYC,17,KXHIGHNY-26JUL09-T83,0.517,0.69,1.0
2026-07-09,KNYC,17,KXHIGHNY-26JUL09-B89.5,0.005,0.005,0.0
2026-07-09,KNYC,19,KXHIGHNY-26JUL09-B87.5,0.0,0.005,0.0
2026-07-09,KNYC,19,KXHIGHNY-26JUL09-B83.5,0.295,0.005,0.0
2026-07-09,KNYC,19,KXHIGHNY-26JUL09-T90,0.0,0.005,0.0
2026-07-09,KNYC,19,KXHIGHNY-26JUL09-B85.5,0.0165,0.005,0.0
2026-07-09,KNYC,19,KXHIGHNY-26JUL09-T83,0.6885,0.975,1.0
2026-07-10,KNYC,15,KXHIGHNY-26JUL10-T87,0.893,0.635,1.0
2026-07-10,KNYC,15,KXHIGHNY-26JUL10-B91.5,0.0,0.005,0.0
2026-07-10,KNYC,15,KXHIGHNY-26JUL10-B89.5,0.0125,0.035,0.0
2026-07-10,KNYC,15,KXHIGHNY-26JUL10-B93.5,0.005,0.005,0.0
2026-07-10,KNYC,15,KXHIGHNY-26JUL10-T94,0.0,0.005,0.0
2026-07-10,KNYC,15,KXHIGHNY-26JUL10-B87.5,0.0895,0.345,0.0
2026-07-10,KNYC,17,KXHIGHNY-26JUL10-T87,0.9195,0.975,1.0
2026-07-10,KNYC,17,KXHIGHNY-26JUL10-B91.5,0.0,0.005,0.0
2026-07-10,KNYC,17,KXHIGHNY-26JUL10-B89.5,0.008,0.005,0.0
2026-07-10,KNYC,17,KXHIGHNY-26JUL10-B93.5,0.0,0.005,0.0
2026-07-10,KNYC,17,KXHIGHNY-26JUL10-T94,0.0,0.005,0.0
2026-07-10,KNYC,17,KXHIGHNY-26JUL10-B87.5,0.0725,0.025,0.0
2026-07-10,KNYC,19,KXHIGHNY-26JUL10-T87,0.963,0.965,1.0
2026-07-10,KNYC,19,KXHIGHNY-26JUL10-B91.5,0.0,0.005,0.0
2026-07-10,KNYC,19,KXHIGHNY-26JUL10-B89.5,0.0,0.005,0.0
2026-07-10,KNYC,19,KXHIGHNY-26JUL10-B93.5,0.0,0.005,0.0
2026-07-10,KNYC,19,KXHIGHNY-26JUL10-T94,0.0,0.005,0.0
2026-07-10,KNYC,19,KXHIGHNY-26JUL10-B87.5,0.037,0.045,0.0
2026-07-11,KNYC,15,KXHIGHNY-26JUL11-B81.5,0.323,0.095,1.0
2026-07-11,KNYC,15,KXHIGHNY-26JUL11-T88,0.0055,0.005,0.0
2026-07-11,KNYC,15,KXHIGHNY-26JUL11-B85.5,0.0055,0.005,0.0
2026-07-11,KNYC,15,KXHIGHNY-26JUL11-B87.5,0.0005,0.005,0.0
2026-07-11,KNYC,15,KXHIGHNY-26JUL11-T81,0.6135,0.89,0.0
2026-07-11,KNYC,15,KXHIGHNY-26JUL11-B83.5,0.052,0.015,0.0
2026-07-11,KNYC,17,KXHIGHNY-26JUL11-B81.5,0.2395,0.11499999999999999,1.0
2026-07-11,KNYC,17,KXHIGHNY-26JUL11-T88,0.0,0.005,0.0
2026-07-11,KNYC,17,KXHIGHNY-26JUL11-B85.5,0.006,0.005,0.0
2026-07-11,KNYC,17,KXHIGHNY-26JUL11-B87.5,0.0,0.005,0.0
2026-07-11,KNYC,17,KXHIGHNY-26JUL11-T81,0.7425,0.885,0.0
2026-07-11,KNYC,17,KXHIGHNY-26JUL11-B83.5,0.012,0.005,0.0
2026-07-11,KNYC,19,KXHIGHNY-26JUL11-B81.5,0.6705,0.605,1.0
2026-07-11,KNYC,19,KXHIGHNY-26JUL11-T88,0.0,0.005,0.0
2026-07-11,KNYC,19,KXHIGHNY-26JUL11-B85.5,0.0,0.005,0.0
2026-07-11,KNYC,19,KXHIGHNY-26JUL11-B87.5,0.0,0.005,0.0
2026-07-11,KNYC,19,KXHIGHNY-26JUL11-T81,0.189,0.365,0.0
2026-07-11,KNYC,19,KXHIGHNY-26JUL11-B83.5,0.1405,0.055,0.0
2026-07-12,KNYC,15,KXHIGHNY-26JUL12-B86.5,0.1085,0.005,0.0
2026-07-12,KNYC,15,KXHIGHNY-26JUL12-B88.5,0.0395,0.005,0.0
2026-07-12,KNYC,15,KXHIGHNY-26JUL12-T89,0.0075,0.005,0.0
2026-07-12,KNYC,15,KXHIGHNY-26JUL12-B82.5,0.513,0.625,0.0
2026-07-12,KNYC,15,KXHIGHNY-26JUL12-B84.5,0.3315,0.375,1.0
2026-07-12,KNYC,15,KXHIGHNY-26JUL12-T82,0.0,0.035,0.0
2026-07-12,KNYC,17,KXHIGHNY-26JUL12-B86.5,0.0585,0.01,0.0
2026-07-12,KNYC,17,KXHIGHNY-26JUL12-B88.5,0.025,0.005,0.0
2026-07-12,KNYC,17,KXHIGHNY-26JUL12-T89,0.0065,0.005,0.0
2026-07-12,KNYC,17,KXHIGHNY-26JUL12-B82.5,0.4555,0.19,0.0
2026-07-12,KNYC,17,KXHIGHNY-26JUL12-B84.5,0.4545,0.81,1.0
2026-07-12,KNYC,17,KXHIGHNY-26JUL12-T82,0.0,0.005,0.0
2026-07-12,KNYC,19,KXHIGHNY-26JUL12-B86.5,0.04,0.015,0.0
2026-07-12,KNYC,19,KXHIGHNY-26JUL12-B88.5,0.0005,0.005,0.0
2026-07-12,KNYC,19,KXHIGHNY-26JUL12-T89,0.0,0.005,0.0
2026-07-12,KNYC,19,KXHIGHNY-26JUL12-B82.5,0.3915,0.005,0.0
2026-07-12,KNYC,19,KXHIGHNY-26JUL12-B84.5,0.568,0.9450000000000001,1.0
2026-07-12,KNYC,19,KXHIGHNY-26JUL12-T82,0.0,0.005,0.0
2026-07-13,KNYC,15,KXHIGHNY-26JUL13-B82.5,0.3985,0.47,0.0
2026-07-13,KNYC,15,KXHIGHNY-26JUL13-T89,0.005,0.005,0.0
2026-07-13,KNYC,15,KXHIGHNY-26JUL13-B88.5,0.007,0.005,0.0
2026-07-13,KNYC,15,KXHIGHNY-26JUL13-T82,0.078,0.065,0.0
2026-07-13,KNYC,15,KXHIGHNY-26JUL13-B86.5,0.0915,0.035,0.0
2026-07-13,KNYC,15,KXHIGHNY-26JUL13-B84.5,0.42,0.42,1.0
2026-07-13,KNYC,17,KXHIGHNY-26JUL13-B82.5,0.3725,0.21000000000000002,0.0
2026-07-13,KNYC,17,KXHIGHNY-26JUL13-T89,0.0045,0.005,0.0
2026-07-13,KNYC,17,KXHIGHNY-26JUL13-B88.5,0.033,0.005,0.0
2026-07-13,KNYC,17,KXHIGHNY-26JUL13-T82,0.0,0.005,0.0
2026-07-13,KNYC,17,KXHIGHNY-26JUL13-B86.5,0.0735,0.035,0.0
2026-07-13,KNYC,17,KXHIGHNY-26JUL13-B84.5,0.5165,0.765,1.0
2026-07-13,KNYC,19,KXHIGHNY-26JUL13-B82.5,0.362,0.46499999999999997,0.0
2026-07-13,KNYC,19,KXHIGHNY-26JUL13-T89,0.0,0.005,0.0
2026-07-13,KNYC,19,KXHIGHNY-26JUL13-B88.5,0.0,0.005,0.0
2026-07-13,KNYC,19,KXHIGHNY-26JUL13-T82,0.0,0.005,0.0
2026-07-13,KNYC,19,KXHIGHNY-26JUL13-B86.5,0.0395,0.005,0.0
2026-07-13,KNYC,19,KXHIGHNY-26JUL13-B84.5,0.5985,0.525,1.0
2026-07-14,KNYC,15,KXHIGHNY-26JUL14-B94.5,0.0465,0.28500000000000003,0.0
2026-07-14,KNYC,15,KXHIGHNY-26JUL14-B92.5,0.367,0.395,0.0
2026-07-14,KNYC,15,KXHIGHNY-26JUL14-T90,0.195,0.055,0.0
2026-07-14,KNYC,15,KXHIGHNY-26JUL14-T97,0.0,0.005,0.0
2026-07-14,KNYC,15,KXHIGHNY-26JUL14-B90.5,0.3875,0.235,1.0
2026-07-14,KNYC,15,KXHIGHNY-26JUL14-B96.5,0.004,0.07500000000000001,0.0
2026-07-14,KNYC,17,KXHIGHNY-26JUL14-B94.5,0.06,0.065,0.0
2026-07-14,KNYC,17,KXHIGHNY-26JUL14-B92.5,0.348,0.215,0.0
2026-07-14,KNYC,17,KXHIGHNY-26JUL14-T90,0.095,0.315,0.0
2026-07-14,KNYC,17,KXHIGHNY-26JUL14-T97,0.0005,0.005,0.0
2026-07-14,KNYC,17,KXHIGHNY-26JUL14-B90.5,0.4915,0.39,1.0
2026-07-14,KNYC,17,KXHIGHNY-26JUL14-B96.5,0.005,0.025,0.0
2026-07-14,KNYC,19,KXHIGHNY-26JUL14-B94.5,0.0185,0.035,0.0
2026-07-14,KNYC,19,KXHIGHNY-26JUL14-B92.5,0.1615,0.045,0.0
2026-07-14,KNYC,19,KXHIGHNY-26JUL14-T90,0.2405,0.5800000000000001,0.0
2026-07-14,KNYC,19,KXHIGHNY-26JUL14-T97,0.0,0.005,0.0
2026-07-14,KNYC,19,KXHIGHNY-26JUL14-B90.5,0.579,0.33999999999999997,1.0
2026-07-14,KNYC,19,KXHIGHNY-26JUL14-B96.5,0.0005,0.005,0.0
2026-07-15,KNYC,15,KXHIGHNY-26JUL15-B101.5,0.0015,0.005,0.0
2026-07-15,KNYC,15,KXHIGHNY-26JUL15-B97.5,0.1525,0.355,0.0
2026-07-15,KNYC,15,KXHIGHNY-26JUL15-T97,0.8115,0.555,1.0
2026-07-15,KNYC,15,KXHIGHNY-26JUL15-T104,0.0035,0.005,0.0
2026-07-15,KNYC,15,KXHIGHNY-26JUL15-B99.5,0.031,0.10500000000000001,0.0
2026-07-15,KNYC,15,KXHIGHNY-26JUL15-B103.5,0.0,0.005,0.0
2026-07-15,KNYC,17,KXHIGHNY-26JUL15-B101.5,0.001,0.005,0.0
2026-07-15,KNYC,17,KXHIGHNY-26JUL15-B97.5,0.1415,0.535,0.0
2026-07-15,KNYC,17,KXHIGHNY-26JUL15-T97,0.809,0.435,1.0
2026-07-15,KNYC,17,KXHIGHNY-26JUL15-T104,0.0,0.005,0.0
2026-07-15,KNYC,17,KXHIGHNY-26JUL15-B99.5,0.041,0.07,0.0
2026-07-15,KNYC,17,KXHIGHNY-26JUL15-B103.5,0.0075,0.005,0.0
2026-07-15,KNYC,19,KXHIGHNY-26JUL15-B101.5,0.0,0.005,0.0
2026-07-15,KNYC,19,KXHIGHNY-26JUL15-B97.5,0.155,0.12,0.0
2026-07-15,KNYC,19,KXHIGHNY-26JUL15-T97,0.8445,0.885,1.0
2026-07-15,KNYC,19,KXHIGHNY-26JUL15-T104,0.0,0.005,0.0
2026-07-15,KNYC,19,KXHIGHNY-26JUL15-B99.5,0.0005,0.005,0.0
2026-07-15,KNYC,19,KXHIGHNY-26JUL15-B103.5,0.0,0.005,0.0
2026-07-16,KNYC,15,KXHIGHNY-26JUL16-B95.5,0.0,0.005,0.0
2026-07-16,KNYC,15,KXHIGHNY-26JUL16-B89.5,0.261,0.255,0.0
2026-07-16,KNYC,15,KXHIGHNY-26JUL16-B91.5,0.021,0.16999999999999998,0.0
2026-07-16,KNYC,15,KXHIGHNY-26JUL16-B93.5,0.0,0.055,0.0
2026-07-16,KNYC,15,KXHIGHNY-26JUL16-T89,0.718,0.545,1.0
2026-07-16,KNYC,15,KXHIGHNY-26JUL16-T96,0.0,0.005,0.0
2026-07-16,KNYC,17,KXHIGHNY-26JUL16-B95.5,0.0,0.005,0.0
2026-07-16,KNYC,17,KXHIGHNY-26JUL16-B89.5,0.209,0.035,0.0
2026-07-16,KNYC,17,KXHIGHNY-26JUL16-B91.5,0.0205,0.045,0.0
2026-07-16,KNYC,17,KXHIGHNY-26JUL16-B93.5,0.0,0.005,0.0
2026-07-16,KNYC,17,KXHIGHNY-26JUL16-T89,0.7705,0.905,1.0
2026-07-16,KNYC,17,KXHIGHNY-26JUL16-T96,0.0,0.005,0.0
2026-07-16,KNYC,19,KXHIGHNY-26JUL16-B95.5,0.0,0.005,0.0
2026-07-16,KNYC,19,KXHIGHNY-26JUL16-B89.5,0.088,0.025,0.0
2026-07-16,KNYC,19,KXHIGHNY-26JUL16-B91.5,0.0035,0.005,0.0
2026-07-16,KNYC,19,KXHIGHNY-26JUL16-B93.5,0.0,0.005,0.0
2026-07-16,KNYC,19,KXHIGHNY-26JUL16-T89,0.9085,0.965,1.0
2026-07-16,KNYC,19,KXHIGHNY-26JUL16-T96,0.0,0.005,0.0
2026-07-17,KNYC,15,KXHIGHNY-26JUL17-T83,0.0,0.04,0.0
2026-07-17,KNYC,15,KXHIGHNY-26JUL17-B89.5,0.069,0.045,0.0
2026-07-17,KNYC,15,KXHIGHNY-26JUL17-T90,0.02,0.005,0.0
2026-07-17,KNYC,15,KXHIGHNY-26JUL17-B83.5,0.2335,0.135,0.0
2026-07-17,KNYC,15,KXHIGHNY-26JUL17-B85.5,0.4705,0.575,1.0
2026-07-17,KNYC,15,KXHIGHNY-26JUL17-B87.5,0.207,0.275,0.0
2026-07-17,KNYC,17,KXHIGHNY-26JUL17-T83,0.0,0.005,0.0
2026-07-17,KNYC,17,KXHIGHNY-26JUL17-B89.5,0.0395,0.07500000000000001,0.0
2026-07-17,KNYC,17,KXHIGHNY-26JUL17-T90,0.008,0.005,0.0
2026-07-17,KNYC,17,KXHIGHNY-26JUL17-B83.5,0.1985,0.005,0.0
2026-07-17,KNYC,17,KXHIGHNY-26JUL17-B85.5,0.567,0.55,1.0
2026-07-17,KNYC,17,KXHIGHNY-26JUL17-B87.5,0.187,0.37,0.0
2026-07-17,KNYC,19,KXHIGHNY-26JUL17-T83,0.0,0.005,0.0
2026-07-17,KNYC,19,KXHIGHNY-26JUL17-B89.5,0.0045,0.015,0.0
2026-07-17,KNYC,19,KXHIGHNY-26JUL17-T90,0.0,0.005,0.0
2026-07-17,KNYC,19,KXHIGHNY-26JUL17-B83.5,0.084,0.005,0.0
2026-07-17,KNYC,19,KXHIGHNY-26JUL17-B85.5,0.76,0.8,1.0
2026-07-17,KNYC,19,KXHIGHNY-26JUL17-B87.5,0.1515,0.195,0.0
2026-07-18,KNYC,15,KXHIGHNY-26JUL18-B83.5,0.0135,0.015,0.0
2026-07-18,KNYC,15,KXHIGHNY-26JUL18-T79,0.646,0.795,1.0
2026-07-18,KNYC,15,KXHIGHNY-26JUL18-B85.5,0.0,0.005,0.0
2026-07-18,KNYC,15,KXHIGHNY-26JUL18-B81.5,0.064,0.035,0.0
2026-07-18,KNYC,15,KXHIGHNY-26JUL18-T86,0.005,0.005,0.0
2026-07-18,KNYC,15,KXHIGHNY-26JUL18-B79.5,0.2715,0.185,0.0
2026-07-18,KNYC,17,KXHIGHNY-26JUL18-B83.5,0.009,0.005,0.0
2026-07-18,KNYC,17,KXHIGHNY-26JUL18-T79,0.7815,0.865,1.0
2026-07-18,KNYC,17,KXHIGHNY-26JUL18-B85.5,0.0,0.005,0.0
2026-07-18,KNYC,17,KXHIGHNY-26JUL18-B81.5,0.0375,0.055,0.0
2026-07-18,KNYC,17,KXHIGHNY-26JUL18-T86,0.0,0.005,0.0
2026-07-18,KNYC,17,KXHIGHNY-26JUL18-B79.5,0.172,0.09,0.0
2026-07-18,KNYC,19,KXHIGHNY-26JUL18-B83.5,0.0,0.005,0.0
2026-07-18,KNYC,19,KXHIGHNY-26JUL18-T79,0.927,0.905,1.0
2026-07-18,KNYC,19,KXHIGHNY-26JUL18-B85.5,0.0,0.005,0.0
2026-07-18,KNYC,19,KXHIGHNY-26JUL18-B81.5,0.0025,0.045,0.0
2026-07-18,KNYC,19,KXHIGHNY-26JUL18-T86,0.0,0.005,0.0
2026-07-18,KNYC,19,KXHIGHNY-26JUL18-B79.5,0.0705,0.065,0.0
2026-07-19,KNYC,15,KXHIGHNY-26JUL19-T80,0.496,0.235,1.0
2026-07-19,KNYC,15,KXHIGHNY-26JUL19-T87,0.0,0.005,0.0
2026-07-19,KNYC,15,KXHIGHNY-26JUL19-B84.5,0.002,0.015,0.0
2026-07-19,KNYC,15,KXHIGHNY-26JUL19-B80.5,0.4135,0.505,0.0
2026-07-19,KNYC,15,KXHIGHNY-26JUL19-B86.5,0.0045,0.005,0.0
2026-07-19,KNYC,15,KXHIGHNY-26JUL19-B82.5,0.084,0.26,0.0
2026-07-19,KNYC,17,KXHIGHNY-26JUL19-T80,0.55,0.505,1.0
2026-07-19,KNYC,17,KXHIGHNY-26JUL19-T87,0.0,0.005,0.0
2026-07-19,KNYC,17,KXHIGHNY-26JUL19-B84.5,0.012,0.005,0.0
2026-07-19,KNYC,17,KXHIGHNY-26JUL19-B80.5,0.352,0.46499999999999997,0.0
2026-07-19,KNYC,17,KXHIGHNY-26JUL19-B86.5,0.0,0.005,0.0
2026-07-19,KNYC,17,KXHIGHNY-26JUL19-B82.5,0.086,0.055,0.0
2026-07-19,KNYC,19,KXHIGHNY-26JUL19-T80,0.348,0.515,1.0
2026-07-19,KNYC,19,KXHIGHNY-26JUL19-T87,0.0,0.005,0.0
2026-07-19,KNYC,19,KXHIGHNY-26JUL19-B84.5,0.0015,0.01,0.0
2026-07-19,KNYC,19,KXHIGHNY-26JUL19-B80.5,0.6145,0.47,0.0
2026-07-19,KNYC,19,KXHIGHNY-26JUL19-B86.5,0.0,0.005,0.0
2026-07-19,KNYC,19,KXHIGHNY-26JUL19-B82.5,0.036,0.045,0.0
2026-07-20,KNYC,15,KXHIGHNY-26JUL20-T77,0.0475,0.005,0.0
2026-07-20,KNYC,15,KXHIGHNY-26JUL20-B83.5,0.062,0.055,0.0
2026-07-20,KNYC,15,KXHIGHNY-26JUL20-B81.5,0.3285,0.515,1.0
2026-07-20,KNYC,15,KXHIGHNY-26JUL20-T84,0.0055,0.005,0.0
2026-07-20,KNYC,15,KXHIGHNY-26JUL20-B79.5,0.4155,0.425,0.0
2026-07-20,KNYC,15,KXHIGHNY-26JUL20-B77.5,0.141,0.025,0.0
2026-07-20,KNYC,17,KXHIGHNY-26JUL20-T77,0.0,0.005,0.0
2026-07-20,KNYC,17,KXHIGHNY-26JUL20-B83.5,0.0925,0.045,0.0
2026-07-20,KNYC,17,KXHIGHNY-26JUL20-B81.5,0.337,0.515,1.0
2026-07-20,KNYC,17,KXHIGHNY-26JUL20-T84,0.0085,0.005,0.0
2026-07-20,KNYC,17,KXHIGHNY-26JUL20-B79.5,0.522,0.46499999999999997,0.0
2026-07-20,KNYC,17,KXHIGHNY-26JUL20-B77.5,0.04,0.005,0.0
2026-07-20,KNYC,19,KXHIGHNY-26JUL20-T77,0.0,0.005,0.0
2026-07-20,KNYC,19,KXHIGHNY-26JUL20-B83.5,0.032,0.03,0.0
2026-07-20,KNYC,19,KXHIGHNY-26JUL20-B81.5,0.5925,0.675,1.0
2026-07-20,KNYC,19,KXHIGHNY-26JUL20-T84,0.0005,0.005,0.0
2026-07-20,KNYC,19,KXHIGHNY-26JUL20-B79.5,0.375,0.265,0.0
2026-07-20,KNYC,19,KXHIGHNY-26JUL20-B77.5,0.0,0.005,0.0
2026-07-21,KNYC,15,KXHIGHNY-26JUL21-B79.5,0.415,0.2,0.0
2026-07-21,KNYC,15,KXHIGHNY-26JUL21-T86,0.0045,0.005,0.0
2026-07-21,KNYC,15,KXHIGHNY-26JUL21-B81.5,0.175,0.14500000000000002,1.0
2026-07-21,KNYC,15,KXHIGHNY-26JUL21-B83.5,0.0595,0.035,0.0
2026-07-21,KNYC,15,KXHIGHNY-26JUL21-B85.5,0.019,0.005,0.0
2026-07-21,KNYC,15,KXHIGHNY-26JUL21-T79,0.327,0.615,0.0
2026-07-21,KNYC,17,KXHIGHNY-26JUL21-B79.5,0.5415,0.595,0.0
2026-07-21,KNYC,17,KXHIGHNY-26JUL21-T86,0.008,0.005,0.0
2026-07-21,KNYC,17,KXHIGHNY-26JUL21-B81.5,0.156,0.325,1.0
2026-07-21,KNYC,17,KXHIGHNY-26JUL21-B83.5,0.0425,0.07500000000000001,0.0
2026-07-21,KNYC,17,KXHIGHNY-26JUL21-B85.5,0.0,0.005,0.0
2026-07-21,KNYC,17,KXHIGHNY-26JUL21-T79,0.252,0.005,0.0
2026-07-21,KNYC,19,KXHIGHNY-26JUL21-B79.5,0.723,0.005,0.0
2026-07-21,KNYC,19,KXHIGHNY-26JUL21-T86,0.0,0.005,0.0
2026-07-21,KNYC,19,KXHIGHNY-26JUL21-B81.5,0.1555,0.975,1.0
2026-07-21,KNYC,19,KXHIGHNY-26JUL21-B83.5,0.0005,0.025,0.0
2026-07-21,KNYC,19,KXHIGHNY-26JUL21-B85.5,0.0,0.005,0.0
2026-07-21,KNYC,19,KXHIGHNY-26JUL21-T79,0.121,0.005,0.0
2026-07-22,KNYC,15,KXHIGHNY-26JUL22-B90.5,0.008,0.005,0.0
2026-07-22,KNYC,15,KXHIGHNY-26JUL22-B88.5,0.078,0.025,0.0
2026-07-22,KNYC,15,KXHIGHNY-26JUL22-B86.5,0.4045,0.295,0.0
2026-07-22,KNYC,15,KXHIGHNY-26JUL22-T91,0.006,0.005,0.0
2026-07-22,KNYC,15,KXHIGHNY-26JUL22-T84,0.086,0.24,0.0
2026-07-22,KNYC,15,KXHIGHNY-26JUL22-B84.5,0.4175,0.475,1.0
2026-07-22,KNYC,17,KXHIGHNY-26JUL22-B90.5,0.029,0.005,0.0
2026-07-22,KNYC,17,KXHIGHNY-26JUL22-B88.5,0.087,0.025,0.0
2026-07-22,KNYC,17,KXHIGHNY-26JUL22-B86.5,0.53,0.64,0.0
2026-07-22,KNYC,17,KXHIGHNY-26JUL22-T91,0.004,0.005,0.0
2026-07-22,KNYC,17,KXHIGHNY-26JUL22-T84,0.0,0.005,0.0
2026-07-22,KNYC,17,KXHIGHNY-26JUL22-B84.5,0.35,0.355,1.0
2026-07-22,KNYC,19,KXHIGHNY-26JUL22-B90.5,0.0005,0.005,0.0
2026-07-22,KNYC,19,KXHIGHNY-26JUL22-B88.5,0.032,0.015,0.0
2026-07-22,KNYC,19,KXHIGHNY-26JUL22-B86.5,0.616,0.78,0.0
2026-07-22,KNYC,19,KXHIGHNY-26JUL22-T91,0.0,0.005,0.0
2026-07-22,KNYC,19,KXHIGHNY-26JUL22-T84,0.0,0.005,0.0
2026-07-22,KNYC,19,KXHIGHNY-26JUL22-B84.5,0.3515,0.20500000000000002,1.0
2026-07-23,KNYC,15,KXHIGHNY-26JUL23-T86,0.0025,0.005,0.0
2026-07-23,KNYC,15,KXHIGHNY-26JUL23-B83.5,0.025,0.035,0.0
2026-07-23,KNYC,15,KXHIGHNY-26JUL23-B85.5,0.0005,0.005,0.0
2026-07-23,KNYC,15,KXHIGHNY-26JUL23-T79,0.234,0.07500000000000001,0.0
2026-07-23,KNYC,15,KXHIGHNY-26JUL23-B81.5,0.26,0.505,0.0
2026-07-23,KNYC,15,KXHIGHNY-26JUL23-B79.5,0.478,0.405,1.0
2026-07-23,KNYC,17,KXHIGHNY-26JUL23-T86,0.0,0.005,0.0
2026-07-23,KNYC,17,KXHIGHNY-26JUL23-B83.5,0.042,0.015,0.0
2026-07-23,KNYC,17,KXHIGHNY-26JUL23-B85.5,0.0085,0.005,0.0
2026-07-23,KNYC,17,KXHIGHNY-26JUL23-T79,0.1515,0.03,0.0
2026-07-23,KNYC,17,KXHIGHNY-26JUL23-B81.5,0.2305,0.48,0.0
2026-07-23,KNYC,17,KXHIGHNY-26JUL23-B79.5,0.5675,0.52,1.0
2026-07-23,KNYC,19,KXHIGHNY-26JUL23-T86,0.0,0.005,0.0
2026-07-23,KNYC,19,KXHIGHNY-26JUL23-B83.5,0.011,0.005,0.0
2026-07-23,KNYC,19,KXHIGHNY-26JUL23-B85.5,0.0,0.005,0.0
2026-07-23,KNYC,19,KXHIGHNY-26JUL23-T79,0.032,0.005,0.0
2026-07-23,KNYC,19,KXHIGHNY-26JUL23-B81.5,0.2265,0.22999999999999998,0.0
2026-07-23,KNYC,19,KXHIGHNY-26JUL23-B79.5,0.7305,0.755,1.0
2026-07-24,KNYC,15,KXHIGHNY-26JUL24-B87.5,0.0135,0.005,0.0
2026-07-24,KNYC,15,KXHIGHNY-26JUL24-T81,0.1965,0.045,0.0
2026-07-24,KNYC,15,KXHIGHNY-26JUL24-T88,0.003,0.005,0.0
2026-07-24,KNYC,15,KXHIGHNY-26JUL24-B85.5,0.0725,0.005,0.0
2026-07-24,KNYC,15,KXHIGHNY-26JUL24-B83.5,0.267,0.245,1.0
2026-07-24,KNYC,15,KXHIGHNY-26JUL24-B81.5,0.4475,0.6799999999999999,0.0
2026-07-24,KNYC,17,KXHIGHNY-26JUL24-B87.5,0.0,0.005,0.0
2026-07-24,KNYC,17,KXHIGHNY-26JUL24-T81,0.1585,0.005,0.0
2026-07-24,KNYC,17,KXHIGHNY-26JUL24-T88,0.0075,0.005,0.0
2026-07-24,KNYC,17,KXHIGHNY-26JUL24-B85.5,0.047,0.025,0.0
2026-07-24,KNYC,17,KXHIGHNY-26JUL24-B83.5,0.2175,0.255,1.0
2026-07-24,KNYC,17,KXHIGHNY-26JUL24-B81.5,0.5695,0.725,0.0
2026-07-24,KNYC,19,KXHIGHNY-26JUL24-B87.5,0.0,0.005,0.0
2026-07-24,KNYC,19,KXHIGHNY-26JUL24-T81,0.066,0.005,0.0
2026-07-24,KNYC,19,KXHIGHNY-26JUL24-T88,0.0,0.005,0.0
2026-07-24,KNYC,19,KXHIGHNY-26JUL24-B85.5,0.0035,0.005,0.0
2026-07-24,KNYC,19,KXHIGHNY-26JUL24-B83.5,0.209,0.125,1.0
2026-07-24,KNYC,19,KXHIGHNY-26JUL24-B81.5,0.7215,0.875,0.0
2026-07-25,KNYC,15,KXHIGHNY-26JUL25-T87,0.0,0.005,0.0
2026-07-25,KNYC,15,KXHIGHNY-26JUL25-T80,0.288,0.035,0.0
2026-07-25,KNYC,15,KXHIGHNY-26JUL25-B80.5,0.464,0.41000000000000003,1.0
2026-07-25,KNYC,15,KXHIGHNY-26JUL25-B86.5,0.0055,0.005,0.0
2026-07-25,KNYC,15,KXHIGHNY-26JUL25-B84.5,0.037,0.025,0.0
2026-07-25,KNYC,15,KXHIGHNY-26JUL25-B82.5,0.2055,0.53,0.0
2026-07-25,KNYC,17,KXHIGHNY-26JUL25-T87,0.0,0.005,0.0
2026-07-25,KNYC,17,KXHIGHNY-26JUL25-T80,0.0,0.005,0.0
2026-07-25,KNYC,17,KXHIGHNY-26JUL25-B80.5,0.727,0.645,1.0
2026-07-25,KNYC,17,KXHIGHNY-26JUL25-B86.5,0.0005,0.005,0.0
2026-07-25,KNYC,17,KXHIGHNY-26JUL25-B84.5,0.0515,0.015,0.0
2026-07-25,KNYC,17,KXHIGHNY-26JUL25-B82.5,0.221,0.345,0.0
2026-07-25,KNYC,19,KXHIGHNY-26JUL25-T87,0.0,0.005,0.0
2026-07-25,KNYC,19,KXHIGHNY-26JUL25-T80,0.0,0.005,0.0
2026-07-25,KNYC,19,KXHIGHNY-26JUL25-B80.5,0.8095,0.91,1.0
2026-07-25,KNYC,19,KXHIGHNY-26JUL25-B86.5,0.0,0.005,0.0
2026-07-25,KNYC,19,KXHIGHNY-26JUL25-B84.5,0.0005,0.005,0.0
2026-07-25,KNYC,19,KXHIGHNY-26JUL25-B82.5,0.19,0.08,0.0
2026-07-26,KNYC,15,KXHIGHNY-26JUL26-T88,0.0,0.005,0.0
2026-07-26,KNYC,15,KXHIGHNY-26JUL26-B83.5,0.5215,0.585,0.0
2026-07-26,KNYC,15,KXHIGHNY-26JUL26-B85.5,0.083,0.055,1.0
2026-07-26,KNYC,15,KXHIGHNY-26JUL26-T81,0.034,0.025,0.0
2026-07-26,KNYC,15,KXHIGHNY-26JUL26-B87.5,0.0,0.005,0.0
2026-07-26,KNYC,15,KXHIGHNY-26JUL26-B81.5,0.3615,0.335,0.0
2026-07-26,KNYC,17,KXHIGHNY-26JUL26-T88,0.0,0.005,0.0
2026-07-26,KNYC,17,KXHIGHNY-26JUL26-B83.5,0.6695,0.8,0.0
2026-07-26,KNYC,17,KXHIGHNY-26JUL26-B85.5,0.189,0.21000000000000002,1.0
2026-07-26,KNYC,17,KXHIGHNY-26JUL26-T81,0.0,0.005,0.0
2026-07-26,KNYC,17,KXHIGHNY-26JUL26-B87.5,0.035,0.005,0.0
2026-07-26,KNYC,17,KXHIGHNY-26JUL26-B81.5,0.1065,0.005,0.0
2026-07-26,KNYC,19,KXHIGHNY-26JUL26-T88,0.0,0.005,0.0
2026-07-26,KNYC,19,KXHIGHNY-26JUL26-B83.5,0.4245,0.875,0.0
2026-07-26,KNYC,19,KXHIGHNY-26JUL26-B85.5,0.5745,0.12,1.0
2026-07-26,KNYC,19,KXHIGHNY-26JUL26-T81,0.0,0.005,0.0
2026-07-26,KNYC,19,KXHIGHNY-26JUL26-B87.5,0.001,0.005,0.0
2026-07-26,KNYC,19,KXHIGHNY-26JUL26-B81.5,0.0,0.005,0.0
2026-07-27,KNYC,15,KXHIGHNY-26JUL27-T88,0.014,0.005,0.0
2026-07-27,KNYC,15,KXHIGHNY-26JUL27-B85.5,0.299,0.235,0.0
2026-07-27,KNYC,15,KXHIGHNY-26JUL27-B87.5,0.136,0.015,0.0
2026-07-27,KNYC,15,KXHIGHNY-26JUL27-T81,0.0,0.005,0.0
2026-07-27,KNYC,15,KXHIGHNY-26JUL27-B83.5,0.391,0.575,1.0
2026-07-27,KNYC,15,KXHIGHNY-26JUL27-B81.5,0.16,0.185,0.0
2026-07-27,KNYC,17,KXHIGHNY-26JUL27-T88,0.0,0.005,0.0
2026-07-27,KNYC,17,KXHIGHNY-26JUL27-B85.5,0.2205,0.305,0.0
2026-07-27,KNYC,17,KXHIGHNY-26JUL27-B87.5,0.0275,0.005,0.0
2026-07-27,KNYC,17,KXHIGHNY-26JUL27-T81,0.0,0.005,0.0
2026-07-27,KNYC,17,KXHIGHNY-26JUL27-B83.5,0.6155,0.695,1.0
2026-07-27,KNYC,17,KXHIGHNY-26JUL27-B81.5,0.1365,0.005,0.0
2026-07-27,KNYC,19,KXHIGHNY-26JUL27-T88,0.0,0.005,0.0
2026-07-27,KNYC,19,KXHIGHNY-26JUL27-B85.5,0.118,0.015,0.0
2026-07-27,KNYC,19,KXHIGHNY-26JUL27-B87.5,0.0,0.005,0.0
2026-07-27,KNYC,19,KXHIGHNY-26JUL27-T81,0.0,0.005,0.0
2026-07-27,KNYC,19,KXHIGHNY-26JUL27-B83.5,0.8325,0.985,1.0
2026-07-27,KNYC,19,KXHIGHNY-26JUL27-B81.5,0.0495,0.005,0.0
2026-07-28,KNYC,15,KXHIGHNY-26JUL28-B79.5,0.4565,0.62,1.0
2026-07-28,KNYC,15,KXHIGHNY-26JUL28-T84,0.0055,0.005,0.0
2026-07-28,KNYC,15,KXHIGHNY-26JUL28-B81.5,0.2805,0.28500000000000003,0.0
2026-07-28,KNYC,15,KXHIGHNY-26JUL28-T77,0.0,0.005,0.0
2026-07-28,KNYC,15,KXHIGHNY-26JUL28-B77.5,0.1985,0.10500000000000001,0.0
2026-07-28,KNYC,15,KXHIGHNY-26JUL28-B83.5,0.059,0.025,0.0
2026-07-28,KNYC,17,KXHIGHNY-26JUL28-B79.5,0.6585,0.43,1.0
2026-07-28,KNYC,17,KXHIGHNY-26JUL28-T84,0.0,0.005,0.0
2026-07-28,KNYC,17,KXHIGHNY-26JUL28-B81.5,0.0945,0.055,0.0
2026-07-28,KNYC,17,KXHIGHNY-26JUL28-T77,0.0,0.005,0.0
2026-07-28,KNYC,17,KXHIGHNY-26JUL28-B77.5,0.2455,0.52,0.0
2026-07-28,KNYC,17,KXHIGHNY-26JUL28-B83.5,0.0015,0.005,0.0
2026-07-28,KNYC,19,KXHIGHNY-26JUL28-B79.5,0.668,0.985,1.0
2026-07-28,KNYC,19,KXHIGHNY-26JUL28-T84,0.0,0.005,0.0
2026-07-28,KNYC,19,KXHIGHNY-26JUL28-B81.5,0.0105,0.015,0.0
2026-07-28,KNYC,19,KXHIGHNY-26JUL28-T77,0.0,0.005,0.0
2026-07-28,KNYC,19,KXHIGHNY-26JUL28-B77.5,0.3215,0.005,0.0
2026-07-28,KNYC,19,KXHIGHNY-26JUL28-B83.5,0.0,0.005,0.0
2026-07-29,KNYC,15,KXHIGHNY-26JUL29-T83,0.0,0.005,0.0
2026-07-29,KNYC,15,KXHIGHNY-26JUL29-B76.5,0.101,0.185,0.0
2026-07-29,KNYC,15,KXHIGHNY-26JUL29-T76,0.0005,0.055,0.0
2026-07-29,KNYC,15,KXHIGHNY-26JUL29-B78.5,0.461,0.335,0.0
2026-07-29,KNYC,15,KXHIGHNY-26JUL29-B80.5,0.398,0.4,1.0
2026-07-29,KNYC,15,KXHIGHNY-26JUL29-B82.5,0.0395,0.025,0.0
2026-07-29,KNYC,17,KXHIGHNY-26JUL29-T83,0.0,0.005,0.0
2026-07-29,KNYC,17,KXHIGHNY-26JUL29-B76.5,0.0,0.005,0.0
2026-07-29,KNYC,17,KXHIGHNY-26JUL29-T76,0.0,0.005,0.0
2026-07-29,KNYC,17,KXHIGHNY-26JUL29-B78.5,0.5615,0.37,0.0
2026-07-29,KNYC,17,KXHIGHNY-26JUL29-B80.5,0.381,0.555,1.0
2026-07-29,KNYC,17,KXHIGHNY-26JUL29-B82.5,0.0575,0.08499999999999999,0.0
2026-07-29,KNYC,19,KXHIGHNY-26JUL29-T83,0.0,0.005,0.0
2026-07-29,KNYC,19,KXHIGHNY-26JUL29-B76.5,0.0,0.005,0.0
2026-07-29,KNYC,19,KXHIGHNY-26JUL29-T76,0.0,0.005,0.0
2026-07-29,KNYC,19,KXHIGHNY-26JUL29-B78.5,0.341,0.365,0.0
2026-07-29,KNYC,19,KXHIGHNY-26JUL29-B80.5,0.6525,0.6100000000000001,1.0
2026-07-29,KNYC,19,KXHIGHNY-26JUL29-B82.5,0.0065,0.005,0.0
2026-07-30,KNYC,15,KXHIGHNY-26JUL30-B79.5,0.0075,0.045,0.0
2026-07-30,KNYC,15,KXHIGHNY-26JUL30-B77.5,0.0835,0.455,0.0
2026-07-30,KNYC,15,KXHIGHNY-26JUL30-T84,0.0,0.005,0.0
2026-07-30,KNYC,15,KXHIGHNY-26JUL30-B83.5,0.0,0.005,0.0
2026-07-30,KNYC,15,KXHIGHNY-26JUL30-B81.5,0.0,0.005,0.0
2026-07-30,KNYC,15,KXHIGHNY-26JUL30-T77,0.909,0.525,1.0
2026-07-30,KNYC,17,KXHIGHNY-26JUL30-B79.5,0.0,0.015,0.0
2026-07-30,KNYC,17,KXHIGHNY-26JUL30-B77.5,0.0095,0.28500000000000003,0.0
2026-07-30,KNYC,17,KXHIGHNY-26JUL30-T84,0.0,0.005,0.0
2026-07-30,KNYC,17,KXHIGHNY-26JUL30-B83.5,0.0,0.005,0.0
2026-07-30,KNYC,17,KXHIGHNY-26JUL30-B81.5,0.0,0.005,0.0
2026-07-30,KNYC,17,KXHIGHNY-26JUL30-T77,0.9905,0.6799999999999999,1.0
2026-07-30,KNYC,19,KXHIGHNY-26JUL30-B79.5,0.0,0.005,0.0
2026-07-30,KNYC,19,KXHIGHNY-26JUL30-B77.5,0.0025,0.11,0.0
2026-07-30,KNYC,19,KXHIGHNY-26JUL30-T84,0.0,0.005,0.0
2026-07-30,KNYC,19,KXHIGHNY-26JUL30-B83.5,0.0,0.005,0.0
2026-07-30,KNYC,19,KXHIGHNY-26JUL30-B81.5,0.0,0.005,0.0
2026-07-30,KNYC,19,KXHIGHNY-26JUL30-T77,0.9975,0.885,1.0
2026-07-31,KNYC,15,KXHIGHNY-26JUL31-B82.5,0.4775,0.125,0.0
2026-07-31,KNYC,15,KXHIGHNY-26JUL31-T82,0.0455,0.005,0.0
2026-07-31,KNYC,15,KXHIGHNY-26JUL31-B86.5,0.0565,0.215,0.0
2026-07-31,KNYC,15,KXHIGHNY-26JUL31-B88.5,0.006,0.025,0.0
2026-07-31,KNYC,15,KXHIGHNY-26JUL31-T89,0.0,0.005,0.0
2026-07-31,KNYC,15,KXHIGHNY-26JUL31-B84.5,0.4145,0.675,1.0
2026-07-31,KNYC,17,KXHIGHNY-26JUL31-B82.5,0.3695,0.055,0.0
2026-07-31,KNYC,17,KXHIGHNY-26JUL31-T82,0.0,0.005,0.0
2026-07-31,KNYC,17,KXHIGHNY-26JUL31-B86.5,0.067,0.135,0.0
2026-07-31,KNYC,17,KXHIGHNY-26JUL31-B88.5,0.0,0.005,0.0
2026-07-31,KNYC,17,KXHIGHNY-26JUL31-T89,0.0,0.005,0.0
2026-07-31,KNYC,17,KXHIGHNY-26JUL31-B84.5,0.5635,0.795,1.0
2026-07-31,KNYC,19,KXHIGHNY-26JUL31-B82.5,0.388,0.005,0.0
2026-07-31,KNYC,19,KXHIGHNY-26JUL31-T82,0.0,0.005,0.0
2026-07-31,KNYC,19,KXHIGHNY-26JUL31-B86.5,0.001,0.065,0.0
2026-07-31,KNYC,19,KXHIGHNY-26JUL31-B88.5,0.0,0.005,0.0
2026-07-31,KNYC,19,KXHIGHNY-26JUL31-T89,0.0,0.005,0.0
2026-07-31,KNYC,19,KXHIGHNY-26JUL31-B84.5,0.611,0.9450000000000001,1.0
2026-08-01,KNYC,15,KXHIGHNY-26AUG01-T82,0.0,0.005,0.0
2026-08-01,KNYC,15,KXHIGHNY-26AUG01-B88.5,0.07,0.055,0.0
2026-08-01,KNYC,15,KXHIGHNY-26AUG01-B86.5,0.5075,0.405,1.0
2026-08-01,KNYC,15,KXHIGHNY-26AUG01-B82.5,0.0225,0.025,0.0
2026-08-01,KNYC,15,KXHIGHNY-26AUG01-T89,0.007,0.005,0.0
2026-08-01,KNYC,15,KXHIGHNY-26AUG01-B84.5,0.393,0.495,0.0
2026-08-01,KNYC,17,KXHIGHNY-26AUG01-T82,0.0,0.005,0.0
2026-08-01,KNYC,17,KXHIGHNY-26AUG01-B88.5,0.0775,0.045,0.0
2026-08-01,KNYC,17,KXHIGHNY-26AUG01-B86.5,0.6485,0.505,1.0
2026-08-01,KNYC,17,KXHIGHNY-26AUG01-B82.5,0.0,0.005,0.0
2026-08-01,KNYC,17,KXHIGHNY-26AUG01-T89,0.0005,0.005,0.0
2026-08-01,KNYC,17,KXHIGHNY-26AUG01-B84.5,0.2735,0.48,0.0
2026-08-01,KNYC,19,KXHIGHNY-26AUG01-T82,0.0,0.005,0.0
2026-08-01,KNYC,19,KXHIGHNY-26AUG01-B88.5,0.01,0.015,0.0
2026-08-01,KNYC,19,KXHIGHNY-26AUG01-B86.5,0.648,0.96,1.0
2026-08-01,KNYC,19,KXHIGHNY-26AUG01-B82.5,0.0,0.005,0.0
2026-08-01,KNYC,19,KXHIGHNY-26AUG01-T89,0.0,0.005,0.0
2026-08-01,KNYC,19,KXHIGHNY-26AUG01-B84.5,0.342,0.005,0.0
2026-08-02,KNYC,15,KXHIGHNY-26AUG02-B86.5,0.017,0.015,0.0
2026-08-02,KNYC,15,KXHIGHNY-26AUG02-B84.5,0.252,0.07,0.0
2026-08-02,KNYC,15,KXHIGHNY-26AUG02-B80.5,0.1465,0.185,0.0
2026-08-02,KNYC,15,KXHIGHNY-26AUG02-B82.5,0.5845,0.74,1.0
2026-08-02,KNYC,15,KXHIGHNY-26AUG02-T87,0.0,0.005,0.0
2026-08-02,KNYC,15,KXHIGHNY-26AUG02-T80,0.0,0.005,0.0
2026-08-02,KNYC,17,KXHIGHNY-26AUG02-B86.5,0.0005,0.005,0.0
2026-08-02,KNYC,17,KXHIGHNY-26AUG02-B84.5,0.13,0.060000000000000005,0.0
2026-08-02,KNYC,17,KXHIGHNY-26AUG02-B80.5,0.154,0.365,0.0
2026-08-02,KNYC,17,KXHIGHNY-26AUG02-B82.5,0.7155,0.595,1.0
2026-08-02,KNYC,17,KXHIGHNY-26AUG02-T87,0.0,0.005,0.0
2026-08-02,KNYC,17,KXHIGHNY-26AUG02-T80,0.0,0.005,0.0
2026-08-02,KNYC,19,KXHIGHNY-26AUG02-B86.5,0.0,0.005,0.0
2026-08-02,KNYC,19,KXHIGHNY-26AUG02-B84.5,0.0155,0.08499999999999999,0.0
2026-08-02,KNYC,19,KXHIGHNY-26AUG02-B80.5,0.2805,0.005,0.0
2026-08-02,KNYC,19,KXHIGHNY-26AUG02-B82.5,0.704,0.91,1.0
2026-08-02,KNYC,19,KXHIGHNY-26AUG02-T87,0.0,0.005,0.0
2026-08-02,KNYC,19,KXHIGHNY-26AUG02-T80,0.0,0.005,0.0
2026-08-03,KNYC,15,KXHIGHNY-26AUG03-B80.5,0.4525,0.505,1.0
2026-08-03,KNYC,15,KXHIGHNY-26AUG03-B82.5,0.3565,0.155,0.0
2026-08-03,KNYC,15,KXHIGHNY-26AUG03-T87,0.0,0.005,0.0
2026-08-03,KNYC,15,KXHIGHNY-26AUG03-B86.5,0.0,0.005,0.0
2026-08-03,KNYC,15,KXHIGHNY-26AUG03-B84.5,0.0175,0.035,0.0
2026-08-03,KNYC,15,KXHIGHNY-26AUG03-T80,0.1735,0.325,0.0
2026-08-03,KNYC,17,KXHIGHNY-26AUG03-B80.5,0.3195,0.545,1.0
2026-08-03,KNYC,17,KXHIGHNY-26AUG03-B82.5,0.1615,0.175,0.0
2026-08-03,KNYC,17,KXHIGHNY-26AUG03-T87,0.0,0.005,0.0
2026-08-03,KNYC,17,KXHIGHNY-26AUG03-B86.5,0.0,0.005,0.0
2026-08-03,KNYC,17,KXHIGHNY-26AUG03-B84.5,0.003,0.025,0.0
2026-08-03,KNYC,17,KXHIGHNY-26AUG03-T80,0.516,0.275,0.0
2026-08-03,KNYC,19,KXHIGHNY-26AUG03-B80.5,0.2905,0.6799999999999999,1.0
2026-08-03,KNYC,19,KXHIGHNY-26AUG03-B82.5,0.0905,0.14,0.0
2026-08-03,KNYC,19,KXHIGHNY-26AUG03-T87,0.0,0.005,0.0
2026-08-03,KNYC,19,KXHIGHNY-26AUG03-B86.5,0.0,0.005,0.0
2026-08-03,KNYC,19,KXHIGHNY-26AUG03-B84.5,0.0035,0.005,0.0
2026-08-03,KNYC,19,KXHIGHNY-26AUG03-T80,0.6155,0.19,0.0
2026-08-04,KNYC,15,KXHIGHNY-26AUG04-B81.5,0.161,0.215,0.0
2026-08-04,KNYC,15,KXHIGHNY-26AUG04-T88,0.0,0.005,0.0
2026-08-04,KNYC,15,KXHIGHNY-26AUG04-B83.5,0.6085,0.695,1.0
2026-08-04,KNYC,15,KXHIGHNY-26AUG04-B87.5,0.011,0.005,0.0
2026-08-04,KNYC,15,KXHIGHNY-26AUG04-B85.5,0.217,0.095,0.0
2026-08-04,KNYC,15,KXHIGHNY-26AUG04-T81,0.0025,0.005,0.0
2026-08-04,KNYC,17,KXHIGHNY-26AUG04-B81.5,0.0,0.005,0.0
2026-08-04,KNYC,17,KXHIGHNY-26AUG04-T88,0.0,0.005,0.0
2026-08-04,KNYC,17,KXHIGHNY-26AUG04-B83.5,0.4745,0.775,1.0
2026-08-04,KNYC,17,KXHIGHNY-26AUG04-B87.5,0.066,0.015,0.0
2026-08-04,KNYC,17,KXHIGHNY-26AUG04-B85.5,0.4595,0.255,0.0
2026-08-04,KNYC,17,KXHIGHNY-26AUG04-T81,0.0,0.005,0.0
2026-08-04,KNYC,19,KXHIGHNY-26AUG04-B81.5,0.0,0.005,0.0
2026-08-04,KNYC,19,KXHIGHNY-26AUG04-T88,0.0,0.005,0.0
2026-08-04,KNYC,19,KXHIGHNY-26AUG04-B83.5,0.4275,0.715,1.0
2026-08-04,KNYC,19,KXHIGHNY-26AUG04-B87.5,0.0,0.005,0.0
2026-08-04,KNYC,19,KXHIGHNY-26AUG04-B85.5,0.5725,0.31,0.0
2026-08-04,KNYC,19,KXHIGHNY-26AUG04-T81,0.0,0.005,0.0
2026-08-05,KNYC,15,KXHIGHNY-26AUG05-B84.5,0.3065,0.155,0.0
2026-08-05,KNYC,15,KXHIGHNY-26AUG05-T80,0.0,0.005,0.0
2026-08-05,KNYC,15,KXHIGHNY-26AUG05-B80.5,0.1215,0.245,0.0
2026-08-05,KNYC,15,KXHIGHNY-26AUG05-T87,0.0025,0.005,0.0
2026-08-05,KNYC,15,KXHIGHNY-26AUG05-B82.5,0.529,0.615,1.0
2026-08-05,KNYC,15,KXHIGHNY-26AUG05-B86.5,0.0405,0.035,0.0
2026-08-05,KNYC,17,KXHIGHNY-26AUG05-B84.5,0.119,0.2,0.0
2026-08-05,KNYC,17,KXHIGHNY-26AUG05-T80,0.0,0.005,0.0
2026-08-05,KNYC,17,KXHIGHNY-26AUG05-B80.5,0.1935,0.055,0.0
2026-08-05,KNYC,17,KXHIGHNY-26AUG05-T87,0.0,0.005,0.0
2026-08-05,KNYC,17,KXHIGHNY-26AUG05-B82.5,0.6875,0.72,1.0
2026-08-05,KNYC,17,KXHIGHNY-26AUG05-B86.5,0.0,0.015,0.0
2026-08-05,KNYC,19,KXHIGHNY-26AUG05-B84.5,0.202,0.04,0.0
2026-08-05,KNYC,19,KXHIGHNY-26AUG05-T80,0.0,0.005,0.0
2026-08-05,KNYC,19,KXHIGHNY-26AUG05-B80.5,0.0,0.005,0.0
2026-08-05,KNYC,19,KXHIGHNY-26AUG05-T87,0.0,0.005,0.0
2026-08-05,KNYC,19,KXHIGHNY-26AUG05-B82.5,0.798,0.955,1.0
2026-08-05,KNYC,19,KXHIGHNY-26AUG05-B86.5,0.0,0.005,0.0
2026-08-06,KNYC,15,KXHIGHNY-26AUG06-B94.5,0.0,0.005,0.0
2026-08-06,KNYC,15,KXHIGHNY-26AUG06-T95,0.0,0.005,0.0
2026-08-06,KNYC,15,KXHIGHNY-26AUG06-T88,0.6065,0.485,0.0
2026-08-06,KNYC,15,KXHIGHNY-26AUG06-B92.5,0.0,0.005,0.0
2026-08-06,KNYC,15,KXHIGHNY-26AUG06-B90.5,0.022,0.09,0.0
2026-08-06,KNYC,15,KXHIGHNY-26AUG06-B88.5,0.3715,0.45,1.0
2026-08-06,KNYC,17,KXHIGHNY-26AUG06-B94.5,0.0,0.005,0.0
2026-08-06,KNYC,17,KXHIGHNY-26AUG06-T95,0.0,0.005,0.0
2026-08-06,KNYC,17,KXHIGHNY-26AUG06-T88,0.2695,0.095,0.0
2026-08-06,KNYC,17,KXHIGHNY-26AUG06-B92.5,0.0,0.005,0.0
2026-08-06,KNYC,17,KXHIGHNY-26AUG06-B90.5,0.081,0.305,0.0
2026-08-06,KNYC,17,KXHIGHNY-26AUG06-B88.5,0.6495,0.595,1.0
2026-08-06,KNYC,19,KXHIGHNY-26AUG06-B94.5,0.0,0.005,0.0
2026-08-06,KNYC,19,KXHIGHNY-26AUG06-T95,0.0,0.005,0.0
2026-08-06,KNYC,19,KXHIGHNY-26AUG06-T88,0.301,0.005,0.0
2026-08-06,KNYC,19,KXHIGHNY-26AUG06-B92.5,0.0,0.005,0.0
2026-08-06,KNYC,19,KXHIGHNY-26AUG06-B90.5,0.008,0.08,0.0
2026-08-06,KNYC,19,KXHIGHNY-26AUG06-B88.5,0.691,0.87,1.0
2026-08-07,KNYC,15,KXHIGHNY-26AUG07-T89,0.0445,0.055,0.0
2026-08-07,KNYC,15,KXHIGHNY-26AUG07-B91.5,0.45,0.585,1.0
2026-08-07,KNYC,15,KXHIGHNY-26AUG07-B89.5,0.474,0.35,0.0
2026-08-07,KNYC,15,KXHIGHNY-26AUG07-B93.5,0.0315,0.05,0.0
2026-08-07,KNYC,15,KXHIGHNY-26AUG07-T96,0.0,0.005,0.0
2026-08-07,KNYC,15,KXHIGHNY-26AUG07-B95.5,0.0,0.005,0.0
2026-08-07,KNYC,17,KXHIGHNY-26AUG07-T89,0.0075,0.005,0.0
2026-08-07,KNYC,17,KXHIGHNY-26AUG07-B91.5,0.44,0.69,1.0
2026-08-07,KNYC,17,KXHIGHNY-26AUG07-B89.5,0.5115,0.24,0.0
2026-08-07,KNYC,17,KXHIGHNY-26AUG07-B93.5,0.041,0.035,0.0
2026-08-07,KNYC,17,KXHIGHNY-26AUG07-T96,0.0,0.005,0.0
2026-08-07,KNYC,17,KXHIGHNY-26AUG07-B95.5,0.0,0.005,0.0
2026-08-07,KNYC,19,KXHIGHNY-26AUG07-T89,0.0065,0.005,0.0
2026-08-07,KNYC,19,KXHIGHNY-26AUG07-B91.5,0.2725,0.135,1.0
2026-08-07,KNYC,19,KXHIGHNY-26AUG07-B89.5,0.714,0.855,0.0
2026-08-07,KNYC,19,KXHIGHNY-26AUG07-B93.5,0.007,0.005,0.0
2026-08-07,KNYC,19,KXHIGHNY-26AUG07-T96,0.0,0.005,0.0
2026-08-07,KNYC,19,KXHIGHNY-26AUG07-B95.5,0.0,0.005,0.0
2026-08-08,KNYC,15,KXHIGHNY-26AUG08-T96,0.0,0.005,0.0
2026-08-08,KNYC,15,KXHIGHNY-26AUG08-B95.5,0.0,0.005,0.0
2026-08-08,KNYC,15,KXHIGHNY-26AUG08-B93.5,0.0,0.005,0.0
2026-08-08,KNYC,15,KXHIGHNY-26AUG08-B91.5,0.0,0.07500000000000001,0.0
2026-08-08,KNYC,15,KXHIGHNY-26AUG08-B89.5,0.066,0.505,0.0
2026-08-08,KNYC,15,KXHIGHNY-26AUG08-T89,0.934,0.46499999999999997,1.0
2026-08-08,KNYC,17,KXHIGHNY-26AUG08-T96,0.0,0.005,0.0
2026-08-08,KNYC,17,KXHIGHNY-26AUG08-B95.5,0.0,0.005,0.0
2026-08-08,KNYC,17,KXHIGHNY-26AUG08-B93.5,0.0,0.005,0.0
2026-08-08,KNYC,17,KXHIGHNY-26AUG08-B91.5,0.0,0.065,0.0
2026-08-08,KNYC,17,KXHIGHNY-26AUG08-B89.5,0.086,0.695,0.0
2026-08-08,KNYC,17,KXHIGHNY-26AUG08-T89,0.914,0.24,1.0
2026-08-08,KNYC,19,KXHIGHNY-26AUG08-T96,0.0,0.005,0.0
2026-08-08,KNYC,19,KXHIGHNY-26AUG08-B95.5,0.0,0.005,0.0
2026-08-08,KNYC,19,KXHIGHNY-26AUG08-B93.5,0.0,0.005,0.0
2026-08-08,KNYC,19,KXHIGHNY-26AUG08-B91.5,0.001,0.025,0.0
2026-08-08,KNYC,19,KXHIGHNY-26AUG08-B89.5,0.213,0.30000000000000004,0.0
2026-08-08,KNYC,19,KXHIGHNY-26AUG08-T89,0.786,0.685,1.0
2026-08-09,KNYC,15,KXHIGHNY-26AUG09-T97,0.0,0.005,0.0
2026-08-09,KNYC,15,KXHIGHNY-26AUG09-B96.5,0.0,0.005,0.0
2026-08-09,KNYC,15,KXHIGHNY-26AUG09-B94.5,0.0,0.005,0.0
2026-08-09,KNYC,15,KXHIGHNY-26AUG09-B90.5,0.4995,0.695,0.0
2026-08-09,KNYC,15,KXHIGHNY-26AUG09-T90,0.4605,0.14500000000000002,1.0
2026-08-09,KNYC,15,KXHIGHNY-26AUG09-B92.5,0.04,0.19,0.0
2026-08-09,KNYC,17,KXHIGHNY-26AUG09-T97,0.0,0.005,0.0
2026-08-09,KNYC,17,KXHIGHNY-26AUG09-B96.5,0.0,0.005,0.0
2026-08-09,KNYC,17,KXHIGHNY-26AUG09-B94.5,0.0,0.005,0.0
2026-08-09,KNYC,17,KXHIGHNY-26AUG09-B90.5,0.391,0.635,0.0
2026-08-09,KNYC,17,KXHIGHNY-26AUG09-T90,0.5855,0.265,1.0
2026-08-09,KNYC,17,KXHIGHNY-26AUG09-B92.5,0.0235,0.08499999999999999,0.0
2026-08-09,KNYC,19,KXHIGHNY-26AUG09-T97,0.0,0.005,0.0
2026-08-09,KNYC,19,KXHIGHNY-26AUG09-B96.5,0.0,0.005,0.0
2026-08-09,KNYC,19,KXHIGHNY-26AUG09-B94.5,0.0,0.005,0.0
2026-08-09,KNYC,19,KXHIGHNY-26AUG09-B90.5,0.131,0.275,0.0
2026-08-09,KNYC,19,KXHIGHNY-26AUG09-T90,0.859,0.685,1.0
2026-08-09,KNYC,19,KXHIGHNY-26AUG09-B92.5,0.01,0.04,0.0
2026-08-10,KNYC,15,KXHIGHNY-26AUG10-B91.5,0.0015,0.055,0.0
2026-08-10,KNYC,15,KXHIGHNY-26AUG10-T96,0.0,0.005,0.0
2026-08-10,KNYC,15,KXHIGHNY-26AUG10-B95.5,0.0,0.005,0.0
2026-08-10,KNYC,15,KXHIGHNY-26AUG10-B93.5,0.0,0.005,0.0
2026-08-10,KNYC,15,KXHIGHNY-26AUG10-T89,0.8865,0.7,1.0
2026-08-10,KNYC,15,KXHIGHNY-26AUG10-B89.5,0.112,0.245,0.0
2026-08-10,KNYC,17,KXHIGHNY-26AUG10-B91.5,0.0005,0.005,0.0
2026-08-10,KNYC,17,KXHIGHNY-26AUG10-T96,0.0,0.005,0.0
2026-08-10,KNYC,17,KXHIGHNY-26AUG10-B95.5,0.0,0.005,0.0
2026-08-10,KNYC,17,KXHIGHNY-26AUG10-B93.5,0.0,0.005,0.0
2026-08-10,KNYC,17,KXHIGHNY-26AUG10-T89,0.9415,0.955,1.0
2026-08-10,KNYC,17,KXHIGHNY-26AUG10-B89.5,0.058,0.045,0.0
2026-08-10,KNYC,19,KXHIGHNY-26AUG10-B91.5,0.0,0.005,0.0
2026-08-10,KNYC,19,KXHIGHNY-26AUG10-T96,0.0,0.005,0.0
2026-08-10,KNYC,19,KXHIGHNY-26AUG10-B95.5,0.0,0.005,0.0
2026-08-10,KNYC,19,KXHIGHNY-26AUG10-B93.5,0.0,0.005,0.0
2026-08-10,KNYC,19,KXHIGHNY-26AUG10-T89,0.9585,0.945,1.0
2026-08-10,KNYC,19,KXHIGHNY-26AUG10-B89.5,0.0415,0.060000000000000005,0.0
2026-08-11,KNYC,15,KXHIGHNY-26AUG11-B91.5,0.0,0.005,0.0
2026-08-11,KNYC,15,KXHIGHNY-26AUG11-T96,0.0,0.005,0.0
2026-08-11,KNYC,15,KXHIGHNY-26AUG11-B89.5,0.001,0.015,0.0
2026-08-11,KNYC,15,KXHIGHNY-26AUG11-T89,0.999,0.985,1.0
2026-08-11,KNYC,15,KXHIGHNY-26AUG11-B93.5,0.0,0.005,0.0
2026-08-11,KNYC,15,KXHIGHNY-26AUG11-B95.5,0.0,0.005,0.0
2026-08-11,KNYC,17,KXHIGHNY-26AUG11-B91.5,0.0,0.005,0.0
2026-08-11,KNYC,17,KXHIGHNY-26AUG11-T96,0.0,0.005,0.0
2026-08-11,KNYC,17,KXHIGHNY-26AUG11-B89.5,0.0015,0.015,0.0
2026-08-11,KNYC,17,KXHIGHNY-26AUG11-T89,0.9985,0.985,1.0
2026-08-11,KNYC,17,KXHIGHNY-26AUG11-B93.5,0.0,0.005,0.0
2026-08-11,KNYC,17,KXHIGHNY-26AUG11-B95.5,0.0,0.005,0.0
2026-08-11,KNYC,19,KXHIGHNY-26AUG11-B91.5,0.0,0.005,0.0
2026-08-11,KNYC,19,KXHIGHNY-26AUG11-T96,0.0,0.005,0.0
2026-08-11,KNYC,19,KXHIGHNY-26AUG11-B89.5,0.001,0.005,0.0
2026-08-11,KNYC,19,KXHIGHNY-26AUG11-T89,0.999,0.995,1.0
2026-08-11,KNYC,19,KXHIGHNY-26AUG11-B93.5,0.0,0.005,0.0
2026-08-11,KNYC,19,KXHIGHNY-26AUG11-B95.5,0.0,0.005,0.0
2026-08-12,KNYC,15,KXHIGHNY-26AUG12-T90,0.0,0.005,0.0
2026-08-12,KNYC,15,KXHIGHNY-26AUG12-B89.5,0.0095,0.04,0.0
2026-08-12,KNYC,15,KXHIGHNY-26AUG12-B85.5,0.4685,0.525,0.0
2026-08-12,KNYC,15,KXHIGHNY-26AUG12-B83.5,0.2885,0.165,1.0
2026-08-12,KNYC,15,KXHIGHNY-26AUG12-T83,0.0445,0.03,0.0
2026-08-12,KNYC,15,KXHIGHNY-26AUG12-B87.5,0.189,0.255,0.0
2026-08-12,KNYC,17,KXHIGHNY-26AUG12-T90,0.0,0.005,0.0
2026-08-12,KNYC,17,KXHIGHNY-26AUG12-B89.5,0.004,0.015,0.0
2026-08-12,KNYC,17,KXHIGHNY-26AUG12-B85.5,0.538,0.605,0.0
2026-08-12,KNYC,17,KXHIGHNY-26AUG12-B83.5,0.2575,0.275,1.0
2026-08-12,KNYC,17,KXHIGHNY-26AUG12-T83,0.0005,0.005,0.0
2026-08-12,KNYC,17,KXHIGHNY-26AUG12-B87.5,0.2,0.12,0.0
2026-08-12,KNYC,19,KXHIGHNY-26AUG12-T90,0.0,0.005,0.0
2026-08-12,KNYC,19,KXHIGHNY-26AUG12-B89.5,0.002,0.005,0.0
2026-08-12,KNYC,19,KXHIGHNY-26AUG12-B85.5,0.308,0.405,0.0
2026-08-12,KNYC,19,KXHIGHNY-26AUG12-B83.5,0.625,0.555,1.0
2026-08-12,KNYC,19,KXHIGHNY-26AUG12-T83,0.0,0.005,0.0
2026-08-12,KNYC,19,KXHIGHNY-26AUG12-B87.5,0.065,0.04,0.0
2026-08-13,KNYC,15,KXHIGHNY-26AUG13-B89.5,0.008,0.005,0.0
2026-08-13,KNYC,15,KXHIGHNY-26AUG13-B91.5,0.0,0.005,0.0
2026-08-13,KNYC,15,KXHIGHNY-26AUG13-B87.5,0.1075,0.11499999999999999,0.0
2026-08-13,KNYC,15,KXHIGHNY-26AUG13-T92,0.0,0.005,0.0
2026-08-13,KNYC,15,KXHIGHNY-26AUG13-B85.5,0.604,0.315,1.0
2026-08-13,KNYC,15,KXHIGHNY-26AUG13-T85,0.2805,0.575,0.0
2026-08-13,KNYC,17,KXHIGHNY-26AUG13-B89.5,0.0,0.005,0.0
2026-08-13,KNYC,17,KXHIGHNY-26AUG13-B91.5,0.0,0.005,0.0
2026-08-13,KNYC,17,KXHIGHNY-26AUG13-B87.5,0.0615,0.055,0.0
2026-08-13,KNYC,17,KXHIGHNY-26AUG13-T92,0.0,0.005,0.0
2026-08-13,KNYC,17,KXHIGHNY-26AUG13-B85.5,0.493,0.485,1.0
2026-08-13,KNYC,17,KXHIGHNY-26AUG13-T85,0.4455,0.425,0.0
2026-08-13,KNYC,19,KXHIGHNY-26AUG13-B89.5,0.0,0.005,0.0
2026-08-13,KNYC,19,KXHIGHNY-26AUG13-B91.5,0.0,0.005,0.0
2026-08-13,KNYC,19,KXHIGHNY-26AUG13-B87.5,0.0205,0.005,0.0
2026-08-13,KNYC,19,KXHIGHNY-26AUG13-T92,0.0,0.005,0.0
2026-08-13,KNYC,19,KXHIGHNY-26AUG13-B85.5,0.6905,0.11499999999999999,1.0
2026-08-13,KNYC,19,KXHIGHNY-26AUG13-T85,0.289,0.87,0.0
2026-08-14,KNYC,15,KXHIGHNY-26AUG14-T85,0.3365,0.255,1.0
2026-08-14,KNYC,15,KXHIGHNY-26AUG14-B91.5,0.0,0.005,0.0
2026-08-14,KNYC,15,KXHIGHNY-26AUG14-B85.5,0.5855,0.615,0.0
2026-08-14,KNYC,15,KXHIGHNY-26AUG14-B87.5,0.073,0.135,0.0
2026-08-14,KNYC,15,KXHIGHNY-26AUG14-T92,0.0,0.005,0.0
2026-08-14,KNYC,15,KXHIGHNY-26AUG14-B89.5,0.005,0.005,0.0
2026-08-14,KNYC,17,KXHIGHNY-26AUG14-T85,0.2725,0.455,1.0
2026-08-14,KNYC,17,KXHIGHNY-26AUG14-B91.5,0.0,0.005,0.0
2026-08-14,KNYC,17,KXHIGHNY-26AUG14-B85.5,0.643,0.445,0.0
2026-08-14,KNYC,17,KXHIGHNY-26AUG14-B87.5,0.0845,0.07500000000000001,0.0
2026-08-14,KNYC,17,KXHIGHNY-26AUG14-T92,0.0,0.005,0.0
2026-08-14,KNYC,17,KXHIGHNY-26AUG14-B89.5,0.0,0.005,0.0
2026-08-14,KNYC,19,KXHIGHNY-26AUG14-T85,0.319,0.515,1.0
2026-08-14,KNYC,19,KXHIGHNY-26AUG14-B91.5,0.0,0.005,0.0
2026-08-14,KNYC,19,KXHIGHNY-26AUG14-B85.5,0.67,0.46499999999999997,0.0
2026-08-14,KNYC,19,KXHIGHNY-26AUG14-B87.5,0.011,0.005,0.0
2026-08-14,KNYC,19,KXHIGHNY-26AUG14-T92,0.0,0.005,0.0
2026-08-14,KNYC,19,KXHIGHNY-26AUG14-B89.5,0.0,0.005,0.0
2026-08-15,KNYC,15,KXHIGHNY-26AUG15-B82.5,0.6435,0.515,1.0
2026-08-15,KNYC,15,KXHIGHNY-26AUG15-T80,0.0005,0.015,0.0
2026-08-15,KNYC,15,KXHIGHNY-26AUG15-B84.5,0.2235,0.14500000000000002,0.0
2026-08-15,KNYC,15,KXHIGHNY-26AUG15-T87,0.0,0.005,0.0
2026-08-15,KNYC,15,KXHIGHNY-26AUG15-B86.5,0.0095,0.015,0.0
2026-08-15,KNYC,15,KXHIGHNY-26AUG15-B80.5,0.123,0.33,0.0
2026-08-15,KNYC,17,KXHIGHNY-26AUG15-B82.5,0.729,0.605,1.0
2026-08-15,KNYC,17,KXHIGHNY-26AUG15-T80,0.0,0.005,0.0
2026-08-15,KNYC,17,KXHIGHNY-26AUG15-B84.5,0.1695,0.1,0.0
2026-08-15,KNYC,17,KXHIGHNY-26AUG15-T87,0.0,0.005,0.0
2026-08-15,KNYC,17,KXHIGHNY-26AUG15-B86.5,0.0015,0.005,0.0
2026-08-15,KNYC,17,KXHIGHNY-26AUG15-B80.5,0.1,0.265,0.0
2026-08-15,KNYC,19,KXHIGHNY-26AUG15-B82.5,0.4005,0.6950000000000001,1.0
2026-08-15,KNYC,19,KXHIGHNY-26AUG15-T80,0.0,0.005,0.0
2026-08-15,KNYC,19,KXHIGHNY-26AUG15-B84.5,0.598,0.28,0.0
2026-08-15,KNYC,19,KXHIGHNY-26AUG15-T87,0.0,0.005,0.0
2026-08-15,KNYC,19,KXHIGHNY-26AUG15-B86.5,0.0015,0.01,0.0
2026-08-15,KNYC,19,KXHIGHNY-26AUG15-B80.5,0.0,0.005,0.0
2026-08-16,KNYC,15,KXHIGHNY-26AUG16-B84.5,0.028,0.005,0.0
2026-08-16,KNYC,15,KXHIGHNY-26AUG16-T78,0.0,0.005,0.0
2026-08-16,KNYC,15,KXHIGHNY-26AUG16-B78.5,0.145,0.125,0.0
2026-08-16,KNYC,15,KXHIGHNY-26AUG16-B80.5,0.543,0.76,1.0
2026-08-16,KNYC,15,KXHIGHNY-26AUG16-T85,0.0,0.005,0.0
2026-08-16,KNYC,15,KXHIGHNY-26AUG16-B82.5,0.284,0.14,0.0
2026-08-16,KNYC,17,KXHIGHNY-26AUG16-B84.5,0.0,0.005,0.0
2026-08-16,KNYC,17,KXHIGHNY-26AUG16-T78,0.0,0.005,0.0
2026-08-16,KNYC,17,KXHIGHNY-26AUG16-B78.5,0.24,0.22,0.0
2026-08-16,KNYC,17,KXHIGHNY-26AUG16-B80.5,0.67,0.715,1.0
2026-08-16,KNYC,17,KXHIGHNY-26AUG16-T85,0.0,0.005,0.0
2026-08-16,KNYC,17,KXHIGHNY-26AUG16-B82.5,0.09,0.03,0.0
2026-08-16,KNYC,19,KXHIGHNY-26AUG16-B84.5,0.0,0.005,0.0
2026-08-16,KNYC,19,KXHIGHNY-26AUG16-T78,0.0,0.005,0.0
2026-08-16,KNYC,19,KXHIGHNY-26AUG16-B78.5,0.3325,0.005,0.0
2026-08-16,KNYC,19,KXHIGHNY-26AUG16-B80.5,0.6515,0.995,1.0
2026-08-16,KNYC,19,KXHIGHNY-26AUG16-T85,0.0,0.005,0.0
2026-08-16,KNYC,19,KXHIGHNY-26AUG16-B82.5,0.016,0.005,0.0
2026-08-17,KNYC,15,KXHIGHNY-26AUG17-B86.5,0.0,0.025,0.0
2026-08-17,KNYC,15,KXHIGHNY-26AUG17-T91,0.0,0.005,0.0
2026-08-17,KNYC,15,KXHIGHNY-26AUG17-B90.5,0.0,0.005,0.0
2026-08-17,KNYC,15,KXHIGHNY-26AUG17-B88.5,0.0,0.005,0.0
2026-08-17,KNYC,15,KXHIGHNY-26AUG17-T84,1.0,0.84,1.0
2026-08-17,KNYC,15,KXHIGHNY-26AUG17-B84.5,0.0,0.155,0.0
2026-08-17,KNYC,17,KXHIGHNY-26AUG17-B86.5,0.0,0.005,0.0
2026-08-17,KNYC,17,KXHIGHNY-26AUG17-T91,0.0,0.005,0.0
2026-08-17,KNYC,17,KXHIGHNY-26AUG17-B90.5,0.0,0.005,0.0
2026-08-17,KNYC,17,KXHIGHNY-26AUG17-B88.5,0.0,0.005,0.0
2026-08-17,KNYC,17,KXHIGHNY-26AUG17-T84,1.0,0.945,1.0
2026-08-17,KNYC,17,KXHIGHNY-26AUG17-B84.5,0.0,0.05,0.0
2026-08-17,KNYC,19,KXHIGHNY-26AUG17-B86.5,0.0,0.005,0.0
2026-08-17,KNYC,19,KXHIGHNY-26AUG17-T91,0.0,0.005,0.0
2026-08-17,KNYC,19,KXHIGHNY-26AUG17-B90.5,0.0,0.005,0.0
2026-08-17,KNYC,19,KXHIGHNY-26AUG17-B88.5,0.0,0.005,0.0
2026-08-17,KNYC,19,KXHIGHNY-26AUG17-T84,1.0,0.955,1.0
2026-08-17,KNYC,19,KXHIGHNY-26AUG17-B84.5,0.0,0.035,0.0
2026-08-18,KNYC,15,KXHIGHNY-26AUG18-T92,0.0,0.005,0.0
2026-08-18,KNYC,15,KXHIGHNY-26AUG18-B89.5,0.0,0.005,0.0
2026-08-18,KNYC,15,KXHIGHNY-26AUG18-T85,0.784,0.855,0.0
2026-08-18,KNYC,15,KXHIGHNY-26AUG18-B85.5,0.2105,0.14,1.0
2026-08-18,KNYC,15,KXHIGHNY-26AUG18-B87.5,0.0055,0.005,0.0
2026-08-18,KNYC,15,KXHIGHNY-26AUG18-B91.5,0.0,0.005,0.0
2026-08-18,KNYC,17,KXHIGHNY-26AUG18-T92,0.0,0.005,0.0
2026-08-18,KNYC,17,KXHIGHNY-26AUG18-B89.5,0.015,0.005,0.0
2026-08-18,KNYC,17,KXHIGHNY-26AUG18-T85,0.2975,0.46499999999999997,0.0
2026-08-18,KNYC,17,KXHIGHNY-26AUG18-B85.5,0.5635,0.455,1.0
2026-08-18,KNYC,17,KXHIGHNY-26AUG18-B87.5,0.124,0.03,0.0
2026-08-18,KNYC,17,KXHIGHNY-26AUG18-B91.5,0.0,0.005,0.0
2026-08-18,KNYC,19,KXHIGHNY-26AUG18-T92,0.0,0.005,0.0
2026-08-18,KNYC,19,KXHIGHNY-26AUG18-B89.5,0.0,0.005,0.0
2026-08-18,KNYC,19,KXHIGHNY-26AUG18-T85,0.1425,0.005,0.0
2026-08-18,KNYC,19,KXHIGHNY-26AUG18-B85.5,0.721,0.985,1.0
2026-08-18,KNYC,19,KXHIGHNY-26AUG18-B87.5,0.1365,0.005,0.0
2026-08-18,KNYC,19,KXHIGHNY-26AUG18-B91.5,0.0,0.005,0.0
2026-08-19,KNYC,15,KXHIGHNY-26AUG19-B91.5,0.0,0.005,0.0
2026-08-19,KNYC,15,KXHIGHNY-26AUG19-B89.5,0.0115,0.065,0.0
2026-08-19,KNYC,15,KXHIGHNY-26AUG19-T92,0.0,0.005,0.0
2026-08-19,KNYC,15,KXHIGHNY-26AUG19-T85,0.141,0.060000000000000005,0.0
2026-08-19,KNYC,15,KXHIGHNY-26AUG19-B87.5,0.2565,0.28,0.0
2026-08-19,KNYC,15,KXHIGHNY-26AUG19-B85.5,0.591,0.565,1.0
2026-08-19,KNYC,17,KXHIGHNY-26AUG19-B91.5,0.0,0.005,0.0
2026-08-19,KNYC,17,KXHIGHNY-26AUG19-B89.5,0.0335,0.03,0.0
2026-08-19,KNYC,17,KXHIGHNY-26AUG19-T92,0.0,0.005,0.0
2026-08-19,KNYC,17,KXHIGHNY-26AUG19-T85,0.023,0.005,0.0
2026-08-19,KNYC,17,KXHIGHNY-26AUG19-B87.5,0.3585,0.475,0.0
2026-08-19,KNYC,17,KXHIGHNY-26AUG19-B85.5,0.585,0.5,1.0
2026-08-19,KNYC,19,KXHIGHNY-26AUG19-B91.5,0.0,0.005,0.0
2026-08-19,KNYC,19,KXHIGHNY-26AUG19-B89.5,0.0015,0.005,0.0
2026-08-19,KNYC,19,KXHIGHNY-26AUG19-T92,0.0,0.005,0.0
2026-08-19,KNYC,19,KXHIGHNY-26AUG19-T85,0.0165,0.005,0.0
2026-08-19,KNYC,19,KXHIGHNY-26AUG19-B87.5,0.2175,0.125,0.0
2026-08-19,KNYC,19,KXHIGHNY-26AUG19-B85.5,0.7645,0.885,1.0
2026-08-20,KNYC,15,KXHIGHNY-26AUG20-T78,0.0,0.005,0.0
2026-08-20,KNYC,15,KXHIGHNY-26AUG20-B78.5,0.0,0.005,0.0
2026-08-20,KNYC,15,KXHIGHNY-26AUG20-B80.5,0.0,0.005,0.0
2026-08-20,KNYC,15,KXHIGHNY-26AUG20-T85,0.3845,0.08,0.0
2026-08-20,KNYC,15,KXHIGHNY-26AUG20-B84.5,0.6155,0.505,1.0
2026-08-20,KNYC,15,KXHIGHNY-26AUG20-B82.5,0.0,0.38,0.0
2026-08-20,KNYC,17,KXHIGHNY-26AUG20-T78,0.0,0.005,0.0
2026-08-20,KNYC,17,KXHIGHNY-26AUG20-B78.5,0.0,0.005,0.0
2026-08-20,KNYC,17,KXHIGHNY-26AUG20-B80.5,0.0,0.005,0.0
2026-08-20,KNYC,17,KXHIGHNY-26AUG20-T85,0.191,0.03,0.0
2026-08-20,KNYC,17,KXHIGHNY-26AUG20-B84.5,0.809,0.965,1.0
2026-08-20,KNYC,17,KXHIGHNY-26AUG20-B82.5,0.0,0.005,0.0
2026-08-20,KNYC,19,KXHIGHNY-26AUG20-T78,0.0,0.005,0.0
2026-08-20,KNYC,19,KXHIGHNY-26AUG20-B78.5,0.0,0.005,0.0
2026-08-20,KNYC,19,KXHIGHNY-26AUG20-B80.5,0.0,0.005,0.0
2026-08-20,KNYC,19,KXHIGHNY-26AUG20-T85,0.14,0.005,0.0
2026-08-20,KNYC,19,KXHIGHNY-26AUG20-B84.5,0.86,0.995,1.0
2026-08-20,KNYC,19,KXHIGHNY-26AUG20-B82.5,0.0,0.005,0.0
2026-08-21,KNYC,15,KXHIGHNY-26AUG21-B81.5,0.0045,0.01,0.0
2026-08-21,KNYC,15,KXHIGHNY-26AUG21-B79.5,0.085,0.085,1.0
2026-08-21,KNYC,15,KXHIGHNY-26AUG21-B83.5,0.0,0.005,0.0
2026-08-21,KNYC,15,KXHIGHNY-26AUG21-T77,0.3785,0.48,0.0
2026-08-21,KNYC,15,KXHIGHNY-26AUG21-B77.5,0.532,0.395,0.0
2026-08-21,KNYC,15,KXHIGHNY-26AUG21-T84,0.0,0.005,0.0
2026-08-21,KNYC,17,KXHIGHNY-26AUG21-B81.5,0.001,0.005,0.0
2026-08-21,KNYC,17,KXHIGHNY-26AUG21-B79.5,0.1035,0.05,1.0
2026-08-21,KNYC,17,KXHIGHNY-26AUG21-B83.5,0.0,0.005,0.0
2026-08-21,KNYC,17,KXHIGHNY-26AUG21-T77,0.188,0.615,0.0
2026-08-21,KNYC,17,KXHIGHNY-26AUG21-B77.5,0.7075,0.315,0.0
2026-08-21,KNYC,17,KXHIGHNY-26AUG21-T84,0.0,0.005,0.0
2026-08-21,KNYC,19,KXHIGHNY-26AUG21-B81.5,0.0,0.005,0.0
2026-08-21,KNYC,19,KXHIGHNY-26AUG21-B79.5,0.55,0.025,1.0
2026-08-21,KNYC,19,KXHIGHNY-26AUG21-B83.5,0.0,0.005,0.0
2026-08-21,KNYC,19,KXHIGHNY-26AUG21-T77,0.0,0.005,0.0
2026-08-21,KNYC,19,KXHIGHNY-26AUG21-B77.5,0.45,0.955,0.0
2026-08-21,KNYC,19,KXHIGHNY-26AUG21-T84,0.0,0.005,0.0
2026-08-22,KNYC,15,KXHIGHNY-26AUG22-B73.5,0.004,0.255,0.0
2026-08-22,KNYC,15,KXHIGHNY-26AUG22-T73,0.0,0.015,0.0
2026-08-22,KNYC,15,KXHIGHNY-26AUG22-T80,0.01,0.005,0.0
2026-08-22,KNYC,15,KXHIGHNY-26AUG22-B79.5,0.1575,0.025,0.0
2026-08-22,KNYC,15,KXHIGHNY-26AUG22-B77.5,0.599,0.20500000000000002,1.0
2026-08-22,KNYC,15,KXHIGHNY-26AUG22-B75.5,0.2295,0.52,0.0
2026-08-22,KNYC,17,KXHIGHNY-26AUG22-B73.5,0.0,0.185,0.0
2026-08-22,KNYC,17,KXHIGHNY-26AUG22-T73,0.0,0.005,0.0
2026-08-22,KNYC,17,KXHIGHNY-26AUG22-T80,0.0005,0.005,0.0
2026-08-22,KNYC,17,KXHIGHNY-26AUG22-B79.5,0.1295,0.005,0.0
2026-08-22,KNYC,17,KXHIGHNY-26AUG22-B77.5,0.685,0.20500000000000002,1.0
2026-08-22,KNYC,17,KXHIGHNY-26AUG22-B75.5,0.185,0.595,0.0
2026-08-22,KNYC,19,KXHIGHNY-26AUG22-B73.5,0.0,0.005,0.0
2026-08-22,KNYC,19,KXHIGHNY-26AUG22-T73,0.0,0.005,0.0
2026-08-22,KNYC,19,KXHIGHNY-26AUG22-T80,0.0,0.005,0.0
2026-08-22,KNYC,19,KXHIGHNY-26AUG22-B79.5,0.0215,0.05,0.0
2026-08-22,KNYC,19,KXHIGHNY-26AUG22-B77.5,0.6945,0.54,1.0
2026-08-22,KNYC,19,KXHIGHNY-26AUG22-B75.5,0.284,0.41000000000000003,0.0
2026-08-23,KNYC,15,KXHIGHNY-26AUG23-B86.5,0.0,0.005,0.0
2026-08-23,KNYC,15,KXHIGHNY-26AUG23-T87,0.0,0.005,0.0
2026-08-23,KNYC,15,KXHIGHNY-26AUG23-B82.5,0.225,0.275,0.0
2026-08-23,KNYC,15,KXHIGHNY-26AUG23-B80.5,0.586,0.435,1.0
2026-08-23,KNYC,15,KXHIGHNY-26AUG23-B84.5,0.0075,0.03,0.0
2026-08-23,KNYC,15,KXHIGHNY-26AUG23-T80,0.1815,0.265,0.0
2026-08-23,KNYC,17,KXHIGHNY-26AUG23-B86.5,0.0,0.005,0.0
2026-08-23,KNYC,17,KXHIGHNY-26AUG23-T87,0.0,0.005,0.0
2026-08-23,KNYC,17,KXHIGHNY-26AUG23-B82.5,0.0635,0.185,0.0
2026-08-23,KNYC,17,KXHIGHNY-26AUG23-B80.5,0.342,0.525,1.0
2026-08-23,KNYC,17,KXHIGHNY-26AUG23-B84.5,0.0,0.005,0.0
2026-08-23,KNYC,17,KXHIGHNY-26AUG23-T80,0.5945,0.29500000000000004,0.0
2026-08-23,KNYC,19,KXHIGHNY-26AUG23-B86.5,0.0,0.005,0.0
2026-08-23,KNYC,19,KXHIGHNY-26AUG23-T87,0.0,0.005,0.0
2026-08-23,KNYC,19,KXHIGHNY-26AUG23-B82.5,0.034,0.175,0.0
2026-08-23,KNYC,19,KXHIGHNY-26AUG23-B80.5,0.7225,0.8049999999999999,1.0
2026-08-23,KNYC,19,KXHIGHNY-26AUG23-B84.5,0.0005,0.005,0.0
2026-08-23,KNYC,19,KXHIGHNY-26AUG23-T80,0.243,0.005,0.0
2026-08-24,KNYC,15,KXHIGHNY-26AUG24-B78.5,0.3705,0.375,1.0
2026-08-24,KNYC,15,KXHIGHNY-26AUG24-B82.5,0.057,0.055,0.0
2026-08-24,KNYC,15,KXHIGHNY-26AUG24-T85,0.0,0.005,0.0
2026-08-24,KNYC,15,KXHIGHNY-26AUG24-T78,0.033,0.02,0.0
2026-08-24,KNYC,15,KXHIGHNY-26AUG24-B84.5,0.0075,0.005,0.0
2026-08-24,KNYC,15,KXHIGHNY-26AUG24-B80.5,0.532,0.555,0.0
2026-08-24,KNYC,17,KXHIGHNY-26AUG24-B78.5,0.4605,0.55,1.0
2026-08-24,KNYC,17,KXHIGHNY-26AUG24-B82.5,0.0475,0.025,0.0
2026-08-24,KNYC,17,KXHIGHNY-26AUG24-T85,0.0,0.005,0.0
2026-08-24,KNYC,17,KXHIGHNY-26AUG24-T78,0.0,0.005,0.0
2026-08-24,KNYC,17,KXHIGHNY-26AUG24-B84.5,0.0,0.005,0.0
2026-08-24,KNYC,17,KXHIGHNY-26AUG24-B80.5,0.492,0.445,0.0
2026-08-24,KNYC,19,KXHIGHNY-26AUG24-B78.5,0.3135,0.5549999999999999,1.0
2026-08-24,KNYC,19,KXHIGHNY-26AUG24-B82.5,0.0115,0.005,0.0
2026-08-24,KNYC,19,KXHIGHNY-26AUG24-T85,0.0,0.005,0.0
2026-08-24,KNYC,19,KXHIGHNY-26AUG24-T78,0.0,0.005,0.0
2026-08-24,KNYC,19,KXHIGHNY-26AUG24-B84.5,0.0,0.005,0.0
2026-08-24,KNYC,19,KXHIGHNY-26AUG24-B80.5,0.675,0.445,0.0
2026-07-01,KMDW,15,KXHIGHCHI-26JUL01-B99.5,0.006,0.005,0.0
2026-07-01,KMDW,15,KXHIGHCHI-26JUL01-B101.5,0.0,0.005,0.0
2026-07-01,KMDW,15,KXHIGHCHI-26JUL01-B95.5,0.5265,0.5700000000000001,0.0
2026-07-01,KMDW,15,KXHIGHCHI-26JUL01-B97.5,0.06,0.135,0.0
2026-07-01,KMDW,15,KXHIGHCHI-26JUL01-T95,0.4055,0.32,1.0
2026-07-01,KMDW,17,KXHIGHCHI-26JUL01-B99.5,0.004,0.005,0.0
2026-07-01,KMDW,17,KXHIGHCHI-26JUL01-B101.5,0.006,0.005,0.0
2026-07-01,KMDW,17,KXHIGHCHI-26JUL01-B95.5,0.495,0.635,0.0
2026-07-01,KMDW,17,KXHIGHCHI-26JUL01-B97.5,0.0515,0.04,0.0
2026-07-01,KMDW,17,KXHIGHCHI-26JUL01-T95,0.4435,0.365,1.0
2026-07-01,KMDW,19,KXHIGHCHI-26JUL01-B99.5,0.0,0.005,0.0
2026-07-01,KMDW,19,KXHIGHCHI-26JUL01-B101.5,0.006,0.005,0.0
2026-07-01,KMDW,19,KXHIGHCHI-26JUL01-B95.5,0.481,0.605,0.0
2026-07-01,KMDW,19,KXHIGHCHI-26JUL01-T102,0.0005,0.005,0.0
2026-07-01,KMDW,19,KXHIGHCHI-26JUL01-B97.5,0.038,0.08499999999999999,0.0
2026-07-01,KMDW,19,KXHIGHCHI-26JUL01-T95,0.4745,0.265,1.0
2026-07-02,KMDW,15,KXHIGHCHI-26JUL02-B97.5,0.019,0.045,0.0
2026-07-02,KMDW,15,KXHIGHCHI-26JUL02-T100,0.0,0.005,0.0
2026-07-02,KMDW,15,KXHIGHCHI-26JUL02-T93,0.352,0.08499999999999999,0.0
2026-07-02,KMDW,15,KXHIGHCHI-26JUL02-B95.5,0.1955,0.59,1.0
2026-07-02,KMDW,15,KXHIGHCHI-26JUL02-B99.5,0.0035,0.015,0.0
2026-07-02,KMDW,15,KXHIGHCHI-26JUL02-B93.5,0.43,0.275,0.0
2026-07-02,KMDW,17,KXHIGHCHI-26JUL02-B97.5,0.031,0.045,0.0
2026-07-02,KMDW,17,KXHIGHCHI-26JUL02-T100,0.0075,0.005,0.0
2026-07-02,KMDW,17,KXHIGHCHI-26JUL02-T93,0.229,0.07500000000000001,0.0
2026-07-02,KMDW,17,KXHIGHCHI-26JUL02-B95.5,0.225,0.49,1.0
2026-07-02,KMDW,17,KXHIGHCHI-26JUL02-B99.5,0.0075,0.005,0.0
2026-07-02,KMDW,17,KXHIGHCHI-26JUL02-B93.5,0.5,0.315,0.0
2026-07-02,KMDW,19,KXHIGHCHI-26JUL02-B97.5,0.017,0.07,0.0
2026-07-02,KMDW,19,KXHIGHCHI-26JUL02-T100,0.0085,0.005,0.0
2026-07-02,KMDW,19,KXHIGHCHI-26JUL02-T93,0.124,0.005,0.0
2026-07-02,KMDW,19,KXHIGHCHI-26JUL02-B95.5,0.2415,0.575,1.0
2026-07-02,KMDW,19,KXHIGHCHI-26JUL02-B99.5,0.0,0.005,0.0
2026-07-02,KMDW,19,KXHIGHCHI-26JUL02-B93.5,0.609,0.325,0.0
2026-07-03,KMDW,15,KXHIGHCHI-26JUL03-B91.5,0.2005,0.325,1.0
2026-07-03,KMDW,15,KXHIGHCHI-26JUL03-T89,0.276,0.225,0.0
2026-07-03,KMDW,15,KXHIGHCHI-26JUL03-B95.5,0.0195,0.015,0.0
2026-07-03,KMDW,15,KXHIGHCHI-26JUL03-T96,0.008,0.005,0.0
2026-07-03,KMDW,15,KXHIGHCHI-26JUL03-B89.5,0.4675,0.445,0.0
2026-07-03,KMDW,15,KXHIGHCHI-26JUL03-B93.5,0.0285,0.045,0.0
2026-07-03,KMDW,17,KXHIGHCHI-26JUL03-B91.5,0.239,0.525,1.0
2026-07-03,KMDW,17,KXHIGHCHI-26JUL03-T89,0.0,0.005,0.0
2026-07-03,KMDW,17,KXHIGHCHI-26JUL03-B95.5,0.0135,0.015,0.0
2026-07-03,KMDW,17,KXHIGHCHI-26JUL03-T96,0.017,0.005,0.0
2026-07-03,KMDW,17,KXHIGHCHI-26JUL03-B89.5,0.581,0.43,0.0
2026-07-03,KMDW,17,KXHIGHCHI-26JUL03-B93.5,0.1495,0.07500000000000001,0.0
2026-07-03,KMDW,19,KXHIGHCHI-26JUL03-B91.5,0.4765,0.995,1.0
2026-07-03,KMDW,19,KXHIGHCHI-26JUL03-T89,0.0,0.005,0.0
2026-07-03,KMDW,19,KXHIGHCHI-26JUL03-B95.5,0.012,0.005,0.0
2026-07-03,KMDW,19,KXHIGHCHI-26JUL03-T96,0.0085,0.005,0.0
2026-07-03,KMDW,19,KXHIGHCHI-26JUL03-B89.5,0.489,0.005,0.0
2026-07-03,KMDW,19,KXHIGHCHI-26JUL03-B93.5,0.014,0.005,0.0
2026-07-04,KMDW,15,KXHIGHCHI-26JUL04-T92,0.009,0.005,0.0
2026-07-04,KMDW,15,KXHIGHCHI-26JUL04-B91.5,0.0275,0.005,0.0
2026-07-04,KMDW,15,KXHIGHCHI-26JUL04-B89.5,0.031,0.025,0.0
2026-07-04,KMDW,15,KXHIGHCHI-26JUL04-B85.5,0.076,0.305,1.0
2026-07-04,KMDW,15,KXHIGHCHI-26JUL04-T85,0.7885,0.635,0.0
2026-07-04,KMDW,15,KXHIGHCHI-26JUL04-B87.5,0.068,0.045,0.0
2026-07-04,KMDW,17,KXHIGHCHI-26JUL04-T92,0.0005,0.005,0.0
2026-07-04,KMDW,17,KXHIGHCHI-26JUL04-B91.5,0.0135,0.005,0.0
2026-07-04,KMDW,17,KXHIGHCHI-26JUL04-B89.5,0.011,0.005,0.0
2026-07-04,KMDW,17,KXHIGHCHI-26JUL04-B85.5,0.1985,0.11499999999999999,1.0
2026-07-04,KMDW,17,KXHIGHCHI-26JUL04-T85,0.762,0.8200000000000001,0.0
2026-07-04,KMDW,17,KXHIGHCHI-26JUL04-B87.5,0.0145,0.025,0.0
2026-07-04,KMDW,19,KXHIGHCHI-26JUL04-T92,0.0,0.005,0.0
2026-07-04,KMDW,19,KXHIGHCHI-26JUL04-B91.5,0.012,0.005,0.0
2026-07-04,KMDW,19,KXHIGHCHI-26JUL04-B89.5,0.0005,0.005,0.0
2026-07-04,KMDW,19,KXHIGHCHI-26JUL04-B85.5,0.037,0.245,1.0
2026-07-04,KMDW,19,KXHIGHCHI-26JUL04-T85,0.938,0.745,0.0
2026-07-04,KMDW,19,KXHIGHCHI-26JUL04-B87.5,0.0125,0.035,0.0
2026-07-05,KMDW,15,KXHIGHCHI-26JUL05-B85.5,0.0045,0.005,0.0
2026-07-05,KMDW,15,KXHIGHCHI-26JUL05-T86,0.0,0.005,0.0
2026-07-05,KMDW,15,KXHIGHCHI-26JUL05-T79,0.898,0.905,1.0
2026-07-05,KMDW,15,KXHIGHCHI-26JUL05-B83.5,0.0,0.015,0.0
2026-07-05,KMDW,15,KXHIGHCHI-26JUL05-B81.5,0.013,0.025,0.0
2026-07-05,KMDW,15,KXHIGHCHI-26JUL05-B79.5,0.0845,0.065,0.0
2026-07-05,KMDW,17,KXHIGHCHI-26JUL05-B85.5,0.0,0.005,0.0
2026-07-05,KMDW,17,KXHIGHCHI-26JUL05-T86,0.0,0.005,0.0
2026-07-05,KMDW,17,KXHIGHCHI-26JUL05-T79,0.9205,0.935,1.0
2026-07-05,KMDW,17,KXHIGHCHI-26JUL05-B83.5,0.009,0.005,0.0
2026-07-05,KMDW,17,KXHIGHCHI-26JUL05-B81.5,0.011,0.025,0.0
2026-07-05,KMDW,17,KXHIGHCHI-26JUL05-B79.5,0.0595,0.065,0.0
2026-07-05,KMDW,19,KXHIGHCHI-26JUL05-B85.5,0.01,0.005,0.0
2026-07-05,KMDW,19,KXHIGHCHI-26JUL05-T86,0.0,0.005,0.0
2026-07-05,KMDW,19,KXHIGHCHI-26JUL05-T79,0.928,0.925,1.0
2026-07-05,KMDW,19,KXHIGHCHI-26JUL05-B83.5,0.0,0.005,0.0
2026-07-05,KMDW,19,KXHIGHCHI-26JUL05-B81.5,0.013,0.005,0.0
2026-07-05,KMDW,19,KXHIGHCHI-26JUL05-B79.5,0.049,0.07500000000000001,0.0
2026-07-06,KMDW,15,KXHIGHCHI-26JUL06-B80.5,0.4635,0.255,1.0
2026-07-06,KMDW,15,KXHIGHCHI-26JUL06-B76.5,0.0335,0.20500000000000002,0.0
2026-07-06,KMDW,15,KXHIGHCHI-26JUL06-B82.5,0.144,0.025,0.0
2026-07-06,KMDW,15,KXHIGHCHI-26JUL06-T83,0.045,0.015,0.0
2026-07-06,KMDW,15,KXHIGHCHI-26JUL06-T76,0.0,0.035,0.0
2026-07-06,KMDW,15,KXHIGHCHI-26JUL06-B78.5,0.314,0.525,0.0
2026-07-06,KMDW,17,KXHIGHCHI-26JUL06-B80.5,0.466,0.185,1.0
2026-07-06,KMDW,17,KXHIGHCHI-26JUL06-B76.5,0.0,0.21000000000000002,0.0
2026-07-06,KMDW,17,KXHIGHCHI-26JUL06-B82.5,0.243,0.035,0.0
2026-07-06,KMDW,17,KXHIGHCHI-26JUL06-T83,0.0345,0.005,0.0
2026-07-06,KMDW,17,KXHIGHCHI-26JUL06-T76,0.0,0.005,0.0
2026-07-06,KMDW,17,KXHIGHCHI-26JUL06-B78.5,0.2565,0.575,0.0
2026-07-06,KMDW,19,KXHIGHCHI-26JUL06-B80.5,0.6575,0.855,1.0
2026-07-06,KMDW,19,KXHIGHCHI-26JUL06-B76.5,0.0,0.005,0.0
2026-07-06,KMDW,19,KXHIGHCHI-26JUL06-B82.5,0.0805,0.135,0.0
2026-07-06,KMDW,19,KXHIGHCHI-26JUL06-T83,0.0195,0.005,0.0
2026-07-06,KMDW,19,KXHIGHCHI-26JUL06-T76,0.0,0.005,0.0
2026-07-06,KMDW,19,KXHIGHCHI-26JUL06-B78.5,0.2425,0.005,0.0
2026-07-07,KMDW,15,KXHIGHCHI-26JUL07-B81.5,0.0145,0.13,0.0
2026-07-07,KMDW,15,KXHIGHCHI-26JUL07-T81,0.0,0.005,0.0
2026-07-07,KMDW,15,KXHIGHCHI-26JUL07-B83.5,0.2485,0.405,1.0
2026-07-07,KMDW,15,KXHIGHCHI-26JUL07-B87.5,0.1795,0.035,0.0
2026-07-07,KMDW,15,KXHIGHCHI-26JUL07-B85.5,0.496,0.38,0.0
2026-07-07,KMDW,15,KXHIGHCHI-26JUL07-T88,0.0615,0.005,0.0
2026-07-07,KMDW,17,KXHIGHCHI-26JUL07-B81.5,0.0175,0.005,0.0
2026-07-07,KMDW,17,KXHIGHCHI-26JUL07-T81,0.0,0.005,0.0
2026-07-07,KMDW,17,KXHIGHCHI-26JUL07-B83.5,0.257,0.235,1.0
2026-07-07,KMDW,17,KXHIGHCHI-26JUL07-B87.5,0.1765,0.065,0.0
2026-07-07,KMDW,17,KXHIGHCHI-26JUL07-B85.5,0.5225,0.695,0.0
2026-07-07,KMDW,17,KXHIGHCHI-26JUL07-T88,0.0265,0.005,0.0
2026-07-07,KMDW,19,KXHIGHCHI-26JUL07-B81.5,0.0,0.005,0.0
2026-07-07,KMDW,19,KXHIGHCHI-26JUL07-T81,0.0,0.005,0.0
2026-07-07,KMDW,19,KXHIGHCHI-26JUL07-B83.5,0.2165,0.25,1.0
2026-07-07,KMDW,19,KXHIGHCHI-26JUL07-B87.5,0.0925,0.055,0.0
2026-07-07,KMDW,19,KXHIGHCHI-26JUL07-B85.5,0.6695,0.655,0.0
2026-07-07,KMDW,19,KXHIGHCHI-26JUL07-T88,0.0215,0.005,0.0
2026-07-08,KMDW,15,KXHIGHCHI-26JUL08-B92.5,0.049,0.060000000000000005,0.0
2026-07-08,KMDW,15,KXHIGHCHI-26JUL08-T86,0.006,0.01,0.0
2026-07-08,KMDW,15,KXHIGHCHI-26JUL08-B88.5,0.5055,0.495,1.0
2026-07-08,KMDW,15,KXHIGHCHI-26JUL08-B86.5,0.1255,0.065,0.0
2026-07-08,KMDW,15,KXHIGHCHI-26JUL08-B90.5,0.3025,0.355,0.0
2026-07-08,KMDW,15,KXHIGHCHI-26JUL08-T93,0.0115,0.005,0.0
2026-07-08,KMDW,17,KXHIGHCHI-26JUL08-B92.5,0.0315,0.015,0.0
2026-07-08,KMDW,17,KXHIGHCHI-26JUL08-T86,0.0,0.005,0.0
2026-07-08,KMDW,17,KXHIGHCHI-26JUL08-B88.5,0.5095,0.65,1.0
2026-07-08,KMDW,17,KXHIGHCHI-26JUL08-B86.5,0.134,0.07500000000000001,0.0
2026-07-08,KMDW,17,KXHIGHCHI-26JUL08-B90.5,0.318,0.245,0.0
2026-07-08,KMDW,17,KXHIGHCHI-26JUL08-T93,0.007,0.005,0.0
2026-07-08,KMDW,19,KXHIGHCHI-26JUL08-B92.5,0.0185,0.015,0.0
2026-07-08,KMDW,19,KXHIGHCHI-26JUL08-T86,0.0,0.005,0.0
2026-07-08,KMDW,19,KXHIGHCHI-26JUL08-B88.5,0.646,0.695,1.0
2026-07-08,KMDW,19,KXHIGHCHI-26JUL08-B86.5,0.112,0.045,0.0
2026-07-08,KMDW,19,KXHIGHCHI-26JUL08-B90.5,0.216,0.245,0.0
2026-07-08,KMDW,19,KXHIGHCHI-26JUL08-T93,0.0075,0.005,0.0
2026-07-09,KMDW,15,KXHIGHCHI-26JUL09-B88.5,0.244,0.18,0.0
2026-07-09,KMDW,15,KXHIGHCHI-26JUL09-B84.5,0.206,0.255,0.0
2026-07-09,KMDW,15,KXHIGHCHI-26JUL09-T84,0.02,0.07500000000000001,0.0
2026-07-09,KMDW,15,KXHIGHCHI-26JUL09-B86.5,0.469,0.45999999999999996,1.0
2026-07-09,KMDW,15,KXHIGHCHI-26JUL09-T91,0.0215,0.005,0.0
2026-07-09,KMDW,15,KXHIGHCHI-26JUL09-B90.5,0.0395,0.035,0.0
2026-07-09,KMDW,17,KXHIGHCHI-26JUL09-B88.5,0.182,0.16,0.0
2026-07-09,KMDW,17,KXHIGHCHI-26JUL09-B84.5,0.2465,0.325,0.0
2026-07-09,KMDW,17,KXHIGHCHI-26JUL09-T84,0.0285,0.11499999999999999,0.0
2026-07-09,KMDW,17,KXHIGHCHI-26JUL09-B86.5,0.499,0.47,1.0
2026-07-09,KMDW,17,KXHIGHCHI-26JUL09-T91,0.015,0.005,0.0
2026-07-09,KMDW,17,KXHIGHCHI-26JUL09-B90.5,0.029,0.005,0.0
2026-07-09,KMDW,19,KXHIGHCHI-26JUL09-B88.5,0.1345,0.165,0.0
2026-07-09,KMDW,19,KXHIGHCHI-26JUL09-B84.5,0.181,0.10500000000000001,0.0
2026-07-09,KMDW,19,KXHIGHCHI-26JUL09-T84,0.0,0.005,0.0
2026-07-09,KMDW,19,KXHIGHCHI-26JUL09-B86.5,0.655,0.73,1.0
2026-07-09,KMDW,19,KXHIGHCHI-26JUL09-T91,0.011,0.005,0.0
2026-07-09,KMDW,19,KXHIGHCHI-26JUL09-B90.5,0.0185,0.005,0.0
2026-07-10,KMDW,15,KXHIGHCHI-26JUL10-T86,0.037,0.005,0.0
2026-07-10,KMDW,15,KXHIGHCHI-26JUL10-B81.5,0.553,0.445,1.0
2026-07-10,KMDW,15,KXHIGHCHI-26JUL10-B85.5,0.035,0.025,0.0
2026-07-10,KMDW,15,KXHIGHCHI-26JUL10-B83.5,0.294,0.375,0.0
2026-07-10,KMDW,15,KXHIGHCHI-26JUL10-T79,0.0005,0.015,0.0
2026-07-10,KMDW,15,KXHIGHCHI-26JUL10-B79.5,0.0805,0.165,0.0
2026-07-10,KMDW,17,KXHIGHCHI-26JUL10-T86,0.0145,0.005,0.0
2026-07-10,KMDW,17,KXHIGHCHI-26JUL10-B81.5,0.528,0.44,1.0
2026-07-10,KMDW,17,KXHIGHCHI-26JUL10-B85.5,0.022,0.05,0.0
2026-07-10,KMDW,17,KXHIGHCHI-26JUL10-B83.5,0.356,0.51,0.0
2026-07-10,KMDW,17,KXHIGHCHI-26JUL10-T79,0.0,0.005,0.0
2026-07-10,KMDW,17,KXHIGHCHI-26JUL10-B79.5,0.0795,0.02,0.0
2026-07-10,KMDW,19,KXHIGHCHI-26JUL10-T86,0.011,0.005,0.0
2026-07-10,KMDW,19,KXHIGHCHI-26JUL10-B81.5,0.466,0.63,1.0
2026-07-10,KMDW,19,KXHIGHCHI-26JUL10-B85.5,0.031,0.015,0.0
2026-07-10,KMDW,19,KXHIGHCHI-26JUL10-B83.5,0.492,0.375,0.0
2026-07-10,KMDW,19,KXHIGHCHI-26JUL10-T79,0.0,0.005,0.0
2026-07-10,KMDW,19,KXHIGHCHI-26JUL10-B79.5,0.0,0.005,0.0
2026-07-11,KMDW,15,KXHIGHCHI-26JUL11-B81.5,0.5355,0.375,0.0
2026-07-11,KMDW,15,KXHIGHCHI-26JUL11-B87.5,0.014,0.005,0.0
2026-07-11,KMDW,15,KXHIGHCHI-26JUL11-B83.5,0.371,0.56,1.0
2026-07-11,KMDW,15,KXHIGHCHI-26JUL11-T81,0.0285,0.015,0.0
2026-07-11,KMDW,15,KXHIGHCHI-26JUL11-B85.5,0.0285,0.07500000000000001,0.0
2026-07-11,KMDW,15,KXHIGHCHI-26JUL11-T88,0.0225,0.005,0.0
2026-07-11,KMDW,17,KXHIGHCHI-26JUL11-B81.5,0.523,0.055,0.0
2026-07-11,KMDW,17,KXHIGHCHI-26JUL11-B87.5,0.0085,0.005,0.0
2026-07-11,KMDW,17,KXHIGHCHI-26JUL11-B83.5,0.3605,0.74,1.0
2026-07-11,KMDW,17,KXHIGHCHI-26JUL11-T81,0.0,0.005,0.0
2026-07-11,KMDW,17,KXHIGHCHI-26JUL11-B85.5,0.1,0.195,0.0
2026-07-11,KMDW,17,KXHIGHCHI-26JUL11-T88,0.008,0.005,0.0
2026-07-11,KMDW,19,KXHIGHCHI-26JUL11-B81.5,0.4865,0.005,0.0
2026-07-11,KMDW,19,KXHIGHCHI-26JUL11-B87.5,0.0045,0.005,0.0
2026-07-11,KMDW,19,KXHIGHCHI-26JUL11-B83.5,0.4855,0.945,1.0
2026-07-11,KMDW,19,KXHIGHCHI-26JUL11-T81,0.0,0.005,0.0
2026-07-11,KMDW,19,KXHIGHCHI-26JUL11-B85.5,0.0155,0.05,0.0
2026-07-11,KMDW,19,KXHIGHCHI-26JUL11-T88,0.008,0.005,0.0
2026-07-12,KMDW,15,KXHIGHCHI-26JUL12-B86.5,0.7155,0.48,1.0
2026-07-12,KMDW,15,KXHIGHCHI-26JUL12-B84.5,0.188,0.5,0.0
2026-07-12,KMDW,15,KXHIGHCHI-26JUL12-B82.5,0.002,0.015,0.0
2026-07-12,KMDW,15,KXHIGHCHI-26JUL12-B88.5,0.073,0.03,0.0
2026-07-12,KMDW,15,KXHIGHCHI-26JUL12-T89,0.0215,0.015,0.0
2026-07-12,KMDW,15,KXHIGHCHI-26JUL12-T82,0.0,0.005,0.0
2026-07-12,KMDW,17,KXHIGHCHI-26JUL12-B86.5,0.692,0.745,1.0
2026-07-12,KMDW,17,KXHIGHCHI-26JUL12-B84.5,0.212,0.24,0.0
2026-07-12,KMDW,17,KXHIGHCHI-26JUL12-B82.5,0.0,0.005,0.0
2026-07-12,KMDW,17,KXHIGHCHI-26JUL12-B88.5,0.085,0.02,0.0
2026-07-12,KMDW,17,KXHIGHCHI-26JUL12-T89,0.011,0.005,0.0
2026-07-12,KMDW,17,KXHIGHCHI-26JUL12-T82,0.0,0.005,0.0
2026-07-12,KMDW,19,KXHIGHCHI-26JUL12-B86.5,0.6165,0.595,1.0
2026-07-12,KMDW,19,KXHIGHCHI-26JUL12-B84.5,0.334,0.425,0.0
2026-07-12,KMDW,19,KXHIGHCHI-26JUL12-B82.5,0.0,0.005,0.0
2026-07-12,KMDW,19,KXHIGHCHI-26JUL12-B88.5,0.045,0.01,0.0
2026-07-12,KMDW,19,KXHIGHCHI-26JUL12-T89,0.0045,0.005,0.0
2026-07-12,KMDW,19,KXHIGHCHI-26JUL12-T82,0.0,0.005,0.0
2026-07-13,KMDW,15,KXHIGHCHI-26JUL13-B87.5,0.04,0.005,0.0
2026-07-13,KMDW,15,KXHIGHCHI-26JUL13-B93.5,0.51,0.525,0.0
2026-07-13,KMDW,15,KXHIGHCHI-26JUL13-B89.5,0.041,0.08499999999999999,0.0
2026-07-13,KMDW,15,KXHIGHCHI-26JUL13-T87,0.035,0.005,0.0
2026-07-13,KMDW,15,KXHIGHCHI-26JUL13-T94,0.067,0.07,0.0
2026-07-13,KMDW,15,KXHIGHCHI-26JUL13-B91.5,0.307,0.325,1.0
2026-07-13,KMDW,17,KXHIGHCHI-26JUL13-B87.5,0.0,0.035,0.0
2026-07-13,KMDW,17,KXHIGHCHI-26JUL13-B93.5,0.5,0.445,0.0
2026-07-13,KMDW,17,KXHIGHCHI-26JUL13-B89.5,0.0535,0.115,0.0
2026-07-13,KMDW,17,KXHIGHCHI-26JUL13-T87,0.0,0.005,0.0
2026-07-13,KMDW,17,KXHIGHCHI-26JUL13-T94,0.065,0.060000000000000005,0.0
2026-07-13,KMDW,17,KXHIGHCHI-26JUL13-B91.5,0.3815,0.365,1.0
2026-07-13,KMDW,19,KXHIGHCHI-26JUL13-B87.5,0.0,0.005,0.0
2026-07-13,KMDW,19,KXHIGHCHI-26JUL13-B93.5,0.4535,0.365,0.0
2026-07-13,KMDW,19,KXHIGHCHI-26JUL13-B89.5,0.0105,0.09,0.0
2026-07-13,KMDW,19,KXHIGHCHI-26JUL13-T87,0.0,0.005,0.0
2026-07-13,KMDW,19,KXHIGHCHI-26JUL13-T94,0.0515,0.025,0.0
2026-07-13,KMDW,19,KXHIGHCHI-26JUL13-B91.5,0.4845,0.565,1.0
2026-07-14,KMDW,15,KXHIGHCHI-26JUL14-B94.5,0.2675,0.165,0.0
2026-07-14,KMDW,15,KXHIGHCHI-26JUL14-B96.5,0.507,0.565,1.0
2026-07-14,KMDW,15,KXHIGHCHI-26JUL14-B98.5,0.115,0.215,0.0
2026-07-14,KMDW,15,KXHIGHCHI-26JUL14-B100.5,0.0035,0.055,0.0
2026-07-14,KMDW,15,KXHIGHCHI-26JUL14-T101,0.0015,0.005,0.0
2026-07-14,KMDW,15,KXHIGHCHI-26JUL14-T94,0.1055,0.04,0.0
2026-07-14,KMDW,17,KXHIGHCHI-26JUL14-B94.5,0.325,0.31,0.0
2026-07-14,KMDW,17,KXHIGHCHI-26JUL14-B96.5,0.468,0.46499999999999997,1.0
2026-07-14,KMDW,17,KXHIGHCHI-26JUL14-B98.5,0.1125,0.1,0.0
2026-07-14,KMDW,17,KXHIGHCHI-26JUL14-B100.5,0.006,0.03,0.0
2026-07-14,KMDW,17,KXHIGHCHI-26JUL14-T101,0.0075,0.005,0.0
2026-07-14,KMDW,17,KXHIGHCHI-26JUL14-T94,0.081,0.095,0.0
2026-07-14,KMDW,19,KXHIGHCHI-26JUL14-B94.5,0.47,0.405,0.0
2026-07-14,KMDW,19,KXHIGHCHI-26JUL14-B96.5,0.4345,0.46499999999999997,1.0
2026-07-14,KMDW,19,KXHIGHCHI-26JUL14-B98.5,0.0855,0.08499999999999999,0.0
2026-07-14,KMDW,19,KXHIGHCHI-26JUL14-B100.5,0.0015,0.025,0.0
2026-07-14,KMDW,19,KXHIGHCHI-26JUL14-T101,0.0085,0.005,0.0
2026-07-14,KMDW,19,KXHIGHCHI-26JUL14-T94,0.0,0.005,0.0
2026-07-15,KMDW,15,KXHIGHCHI-26JUL15-T103,0.0,0.005,0.0
2026-07-15,KMDW,15,KXHIGHCHI-26JUL15-B100.5,0.0055,0.015,0.0
2026-07-15,KMDW,15,KXHIGHCHI-26JUL15-B96.5,0.41,0.42,0.0
2026-07-15,KMDW,15,KXHIGHCHI-26JUL15-B98.5,0.078,0.08499999999999999,0.0
2026-07-15,KMDW,15,KXHIGHCHI-26JUL15-B102.5,0.0,0.005,0.0
2026-07-15,KMDW,15,KXHIGHCHI-26JUL15-T96,0.5065,0.52,1.0
2026-07-15,KMDW,17,KXHIGHCHI-26JUL15-T103,0.0,0.005,0.0
2026-07-15,KMDW,17,KXHIGHCHI-26JUL15-B100.5,0.005,0.005,0.0
2026-07-15,KMDW,17,KXHIGHCHI-26JUL15-B96.5,0.375,0.41000000000000003,0.0
2026-07-15,KMDW,17,KXHIGHCHI-26JUL15-B98.5,0.0575,0.035,0.0
2026-07-15,KMDW,17,KXHIGHCHI-26JUL15-B102.5,0.0,0.005,0.0
2026-07-15,KMDW,17,KXHIGHCHI-26JUL15-T96,0.5625,0.56,1.0
2026-07-15,KMDW,19,KXHIGHCHI-26JUL15-T103,0.0,0.005,0.0
2026-07-15,KMDW,19,KXHIGHCHI-26JUL15-B100.5,0.0,0.005,0.0
2026-07-15,KMDW,19,KXHIGHCHI-26JUL15-B96.5,0.263,0.165,0.0
2026-07-15,KMDW,19,KXHIGHCHI-26JUL15-B98.5,0.0305,0.015,0.0
2026-07-15,KMDW,19,KXHIGHCHI-26JUL15-B102.5,0.0055,0.005,0.0
2026-07-15,KMDW,19,KXHIGHCHI-26JUL15-T96,0.701,0.8,1.0
2026-07-16,KMDW,15,KXHIGHCHI-26JUL16-T99,0.0,0.005,0.0
2026-07-16,KMDW,15,KXHIGHCHI-26JUL16-B92.5,0.1965,0.165,0.0
2026-07-16,KMDW,15,KXHIGHCHI-26JUL16-T92,0.7695,0.765,1.0
2026-07-16,KMDW,15,KXHIGHCHI-26JUL16-B98.5,0.002,0.005,0.0
2026-07-16,KMDW,15,KXHIGHCHI-26JUL16-B96.5,0.0135,0.015,0.0
2026-07-16,KMDW,15,KXHIGHCHI-26JUL16-B94.5,0.0185,0.035,0.0
2026-07-16,KMDW,17,KXHIGHCHI-26JUL16-T99,0.0,0.005,0.0
2026-07-16,KMDW,17,KXHIGHCHI-26JUL16-B92.5,0.2465,0.335,0.0
2026-07-16,KMDW,17,KXHIGHCHI-26JUL16-T92,0.686,0.665,1.0
2026-07-16,KMDW,17,KXHIGHCHI-26JUL16-B96.5,0.009,0.005,0.0
2026-07-16,KMDW,17,KXHIGHCHI-26JUL16-B94.5,0.052,0.025,0.0
2026-07-16,KMDW,19,KXHIGHCHI-26JUL16-T99,0.0,0.005,0.0
2026-07-16,KMDW,19,KXHIGHCHI-26JUL16-B92.5,0.236,0.095,0.0
2026-07-16,KMDW,19,KXHIGHCHI-26JUL16-T92,0.76,0.915,1.0
2026-07-16,KMDW,19,KXHIGHCHI-26JUL16-B98.5,0.003,0.005,0.0
2026-07-16,KMDW,19,KXHIGHCHI-26JUL16-B96.5,0.0,0.005,0.0
2026-07-16,KMDW,19,KXHIGHCHI-26JUL16-B94.5,0.001,0.005,0.0
2026-07-17,KMDW,15,KXHIGHCHI-26JUL17-B91.5,0.3575,0.345,0.0
2026-07-17,KMDW,15,KXHIGHCHI-26JUL17-T89,0.069,0.065,0.0
2026-07-17,KMDW,15,KXHIGHCHI-26JUL17-B89.5,0.299,0.215,0.0
2026-07-17,KMDW,15,KXHIGHCHI-26JUL17-B93.5,0.196,0.305,1.0
2026-07-17,KMDW,15,KXHIGHCHI-26JUL17-T96,0.023,0.005,0.0
2026-07-17,KMDW,15,KXHIGHCHI-26JUL17-B95.5,0.0555,0.10500000000000001,0.0
2026-07-17,KMDW,17,KXHIGHCHI-26JUL17-B91.5,0.3465,0.32,0.0
2026-07-17,KMDW,17,KXHIGHCHI-26JUL17-T89,0.0,0.005,0.0
2026-07-17,KMDW,17,KXHIGHCHI-26JUL17-B89.5,0.175,0.005,0.0
2026-07-17,KMDW,17,KXHIGHCHI-26JUL17-B93.5,0.313,0.515,1.0
2026-07-17,KMDW,17,KXHIGHCHI-26JUL17-T96,0.033,0.015,0.0
2026-07-17,KMDW,17,KXHIGHCHI-26JUL17-B95.5,0.1325,0.125,0.0
2026-07-17,KMDW,19,KXHIGHCHI-26JUL17-B91.5,0.363,0.495,0.0
2026-07-17,KMDW,19,KXHIGHCHI-26JUL17-T89,0.0,0.005,0.0
2026-07-17,KMDW,19,KXHIGHCHI-26JUL17-B89.5,0.0,0.005,0.0
2026-07-17,KMDW,19,KXHIGHCHI-26JUL17-B93.5,0.5905,0.485,1.0
2026-07-17,KMDW,19,KXHIGHCHI-26JUL17-T96,0.0095,0.005,0.0
2026-07-17,KMDW,19,KXHIGHCHI-26JUL17-B95.5,0.037,0.03,0.0
2026-07-18,KMDW,15,KXHIGHCHI-26JUL18-T89,0.393,0.365,0.0
2026-07-18,KMDW,15,KXHIGHCHI-26JUL18-B89.5,0.371,0.405,0.0
2026-07-18,KMDW,15,KXHIGHCHI-26JUL18-B91.5,0.091,0.20500000000000002,1.0
2026-07-18,KMDW,15,KXHIGHCHI-26JUL18-B95.5,0.0345,0.005,0.0
2026-07-18,KMDW,15,KXHIGHCHI-26JUL18-T96,0.029,0.005,0.0
2026-07-18,KMDW,15,KXHIGHCHI-26JUL18-B93.5,0.0815,0.035,0.0
2026-07-18,KMDW,17,KXHIGHCHI-26JUL18-T89,0.3305,0.005,0.0
2026-07-18,KMDW,17,KXHIGHCHI-26JUL18-B89.5,0.36,0.695,0.0
2026-07-18,KMDW,17,KXHIGHCHI-26JUL18-B91.5,0.213,0.215,1.0
2026-07-18,KMDW,17,KXHIGHCHI-26JUL18-B95.5,0.015,0.025,0.0
2026-07-18,KMDW,17,KXHIGHCHI-26JUL18-T96,0.008,0.01,0.0
2026-07-18,KMDW,17,KXHIGHCHI-26JUL18-B93.5,0.0735,0.07500000000000001,0.0
2026-07-18,KMDW,19,KXHIGHCHI-26JUL18-T89,0.2255,0.005,0.0
2026-07-18,KMDW,19,KXHIGHCHI-26JUL18-B89.5,0.5735,0.845,0.0
2026-07-18,KMDW,19,KXHIGHCHI-26JUL18-B91.5,0.194,0.16,1.0
2026-07-18,KMDW,19,KXHIGHCHI-26JUL18-B95.5,0.0,0.005,0.0
2026-07-18,KMDW,19,KXHIGHCHI-26JUL18-T96,0.007,0.005,0.0
2026-07-18,KMDW,19,KXHIGHCHI-26JUL18-B93.5,0.0,0.005,0.0
2026-07-19,KMDW,15,KXHIGHCHI-26JUL19-B84.5,0.014,0.005,0.0
2026-07-19,KMDW,15,KXHIGHCHI-26JUL19-B82.5,0.051,0.07500000000000001,0.0
2026-07-19,KMDW,15,KXHIGHCHI-26JUL19-T85,0.005,0.005,0.0
2026-07-19,KMDW,15,KXHIGHCHI-26JUL19-T78,0.044,0.095,0.0
2026-07-19,KMDW,15,KXHIGHCHI-26JUL19-B78.5,0.4445,0.27,1.0
2026-07-19,KMDW,15,KXHIGHCHI-26JUL19-B80.5,0.4415,0.555,0.0
2026-07-19,KMDW,17,KXHIGHCHI-26JUL19-B84.5,0.004,0.015,0.0
2026-07-19,KMDW,17,KXHIGHCHI-26JUL19-B82.5,0.0425,0.13,0.0
2026-07-19,KMDW,17,KXHIGHCHI-26JUL19-T85,0.0,0.005,0.0
2026-07-19,KMDW,17,KXHIGHCHI-26JUL19-T78,0.097,0.045,0.0
2026-07-19,KMDW,17,KXHIGHCHI-26JUL19-B78.5,0.4555,0.305,1.0
2026-07-19,KMDW,17,KXHIGHCHI-26JUL19-B80.5,0.401,0.555,0.0
2026-07-19,KMDW,19,KXHIGHCHI-26JUL19-B84.5,0.0,0.01,0.0
2026-07-19,KMDW,19,KXHIGHCHI-26JUL19-B82.5,0.019,0.04,0.0
2026-07-19,KMDW,19,KXHIGHCHI-26JUL19-T85,0.0085,0.005,0.0
2026-07-19,KMDW,19,KXHIGHCHI-26JUL19-T78,0.0,0.14500000000000002,0.0
2026-07-19,KMDW,19,KXHIGHCHI-26JUL19-B78.5,0.564,0.645,1.0
2026-07-19,KMDW,19,KXHIGHCHI-26JUL19-B80.5,0.4085,0.20500000000000002,0.0
2026-07-20,KMDW,15,KXHIGHCHI-26JUL20-B85.5,0.0815,0.45,0.0
2026-07-20,KMDW,15,KXHIGHCHI-26JUL20-T90,0.0,0.005,0.0
2026-07-20,KMDW,15,KXHIGHCHI-26JUL20-B83.5,0.365,0.215,0.0
2026-07-20,KMDW,15,KXHIGHCHI-26JUL20-B87.5,0.0195,0.335,0.0
2026-07-20,KMDW,15,KXHIGHCHI-26JUL20-B89.5,0.006,0.035,0.0
2026-07-20,KMDW,15,KXHIGHCHI-26JUL20-T83,0.528,0.025,1.0
2026-07-20,KMDW,17,KXHIGHCHI-26JUL20-B85.5,0.038,0.325,0.0
2026-07-20,KMDW,17,KXHIGHCHI-26JUL20-T90,0.0,0.005,0.0
2026-07-20,KMDW,17,KXHIGHCHI-26JUL20-B83.5,0.3065,0.455,0.0
2026-07-20,KMDW,17,KXHIGHCHI-26JUL20-B87.5,0.0075,0.11499999999999999,0.0
2026-07-20,KMDW,17,KXHIGHCHI-26JUL20-B89.5,0.0005,0.005,0.0
2026-07-20,KMDW,17,KXHIGHCHI-26JUL20-T83,0.6475,0.15000000000000002,1.0
2026-07-20,KMDW,19,KXHIGHCHI-26JUL20-B85.5,0.024,0.12000000000000001,0.0
2026-07-20,KMDW,19,KXHIGHCHI-26JUL20-T90,0.0,0.005,0.0
2026-07-20,KMDW,19,KXHIGHCHI-26JUL20-B83.5,0.175,0.565,0.0
2026-07-20,KMDW,19,KXHIGHCHI-26JUL20-B87.5,0.0075,0.04,0.0
2026-07-20,KMDW,19,KXHIGHCHI-26JUL20-B89.5,0.0,0.005,0.0
2026-07-20,KMDW,19,KXHIGHCHI-26JUL20-T83,0.7935,0.30000000000000004,1.0
2026-07-21,KMDW,15,KXHIGHCHI-26JUL21-B86.5,0.3435,0.425,1.0
2026-07-21,KMDW,15,KXHIGHCHI-26JUL21-B90.5,0.0345,0.025,0.0
2026-07-21,KMDW,15,KXHIGHCHI-26JUL21-B84.5,0.427,0.345,0.0
2026-07-21,KMDW,15,KXHIGHCHI-26JUL21-T84,0.0805,0.055,0.0
2026-07-21,KMDW,15,KXHIGHCHI-26JUL21-T91,0.0225,0.005,0.0
2026-07-21,KMDW,15,KXHIGHCHI-26JUL21-B88.5,0.092,0.155,0.0
2026-07-21,KMDW,17,KXHIGHCHI-26JUL21-B86.5,0.422,0.515,1.0
2026-07-21,KMDW,17,KXHIGHCHI-26JUL21-B90.5,0.0175,0.025,0.0
2026-07-21,KMDW,17,KXHIGHCHI-26JUL21-B84.5,0.459,0.30000000000000004,0.0
2026-07-21,KMDW,17,KXHIGHCHI-26JUL21-T84,0.0,0.005,0.0
2026-07-21,KMDW,17,KXHIGHCHI-26JUL21-T91,0.0075,0.005,0.0
2026-07-21,KMDW,17,KXHIGHCHI-26JUL21-B88.5,0.094,0.20500000000000002,0.0
2026-07-21,KMDW,19,KXHIGHCHI-26JUL21-B86.5,0.571,0.765,1.0
2026-07-21,KMDW,19,KXHIGHCHI-26JUL21-B90.5,0.001,0.01,0.0
2026-07-21,KMDW,19,KXHIGHCHI-26JUL21-B84.5,0.3725,0.005,0.0
2026-07-21,KMDW,19,KXHIGHCHI-26JUL21-T84,0.0,0.005,0.0
2026-07-21,KMDW,19,KXHIGHCHI-26JUL21-T91,0.0075,0.005,0.0
2026-07-21,KMDW,19,KXHIGHCHI-26JUL21-B88.5,0.048,0.225,0.0
2026-07-22,KMDW,15,KXHIGHCHI-26JUL22-B69.5,0.0015,0.025,0.0
2026-07-22,KMDW,15,KXHIGHCHI-26JUL22-B71.5,0.2285,0.195,0.0
2026-07-22,KMDW,15,KXHIGHCHI-26JUL22-B75.5,0.049,0.16999999999999998,0.0
2026-07-22,KMDW,15,KXHIGHCHI-26JUL22-T76,0.012,0.025,0.0
2026-07-22,KMDW,15,KXHIGHCHI-26JUL22-T69,0.0,0.005,0.0
2026-07-22,KMDW,15,KXHIGHCHI-26JUL22-B73.5,0.709,0.545,1.0
2026-07-22,KMDW,17,KXHIGHCHI-26JUL22-B69.5,0.0065,0.005,0.0
2026-07-22,KMDW,17,KXHIGHCHI-26JUL22-B71.5,0.241,0.20500000000000002,0.0
2026-07-22,KMDW,17,KXHIGHCHI-26JUL22-B75.5,0.033,0.15000000000000002,0.0
2026-07-22,KMDW,17,KXHIGHCHI-26JUL22-T76,0.006,0.025,0.0
2026-07-22,KMDW,17,KXHIGHCHI-26JUL22-T69,0.0,0.005,0.0
2026-07-22,KMDW,17,KXHIGHCHI-26JUL22-B73.5,0.7135,0.62,1.0
2026-07-22,KMDW,19,KXHIGHCHI-26JUL22-B69.5,0.0005,0.005,0.0
2026-07-22,KMDW,19,KXHIGHCHI-26JUL22-B71.5,0.32,0.395,0.0
2026-07-22,KMDW,19,KXHIGHCHI-26JUL22-B75.5,0.0225,0.035,0.0
2026-07-22,KMDW,19,KXHIGHCHI-26JUL22-T76,0.0045,0.005,0.0
2026-07-22,KMDW,19,KXHIGHCHI-26JUL22-T69,0.0,0.005,0.0
2026-07-22,KMDW,19,KXHIGHCHI-26JUL22-B73.5,0.6525,0.5700000000000001,1.0
2026-07-23,KMDW,15,KXHIGHCHI-26JUL23-B82.5,0.004,0.03,0.0
2026-07-23,KMDW,15,KXHIGHCHI-26JUL23-T76,0.01,0.035,0.0
2026-07-23,KMDW,15,KXHIGHCHI-26JUL23-B80.5,0.0155,0.19,0.0
2026-07-23,KMDW,15,KXHIGHCHI-26JUL23-B76.5,0.3125,0.22999999999999998,1.0
2026-07-23,KMDW,15,KXHIGHCHI-26JUL23-B78.5,0.655,0.555,0.0
2026-07-23,KMDW,15,KXHIGHCHI-26JUL23-T83,0.003,0.025,0.0
2026-07-23,KMDW,17,KXHIGHCHI-26JUL23-B82.5,0.002,0.025,0.0
2026-07-23,KMDW,17,KXHIGHCHI-26JUL23-T76,0.0045,0.025,0.0
2026-07-23,KMDW,17,KXHIGHCHI-26JUL23-B80.5,0.012,0.11499999999999999,0.0
2026-07-23,KMDW,17,KXHIGHCHI-26JUL23-B76.5,0.2875,0.185,1.0
2026-07-23,KMDW,17,KXHIGHCHI-26JUL23-B78.5,0.6915,0.635,0.0
2026-07-23,KMDW,17,KXHIGHCHI-26JUL23-T83,0.0025,0.005,0.0
2026-07-23,KMDW,19,KXHIGHCHI-26JUL23-B82.5,0.0,0.015,0.0
2026-07-23,KMDW,19,KXHIGHCHI-26JUL23-T76,0.0,0.005,0.0
2026-07-23,KMDW,19,KXHIGHCHI-26JUL23-B80.5,0.005,0.08499999999999999,0.0
2026-07-23,KMDW,19,KXHIGHCHI-26JUL23-B76.5,0.3685,0.20500000000000002,1.0
2026-07-23,KMDW,19,KXHIGHCHI-26JUL23-B78.5,0.625,0.7,0.0
2026-07-23,KMDW,19,KXHIGHCHI-26JUL23-T83,0.0015,0.005,0.0
2026-07-24,KMDW,15,KXHIGHCHI-26JUL24-B80.5,0.376,0.52,0.0
2026-07-24,KMDW,15,KXHIGHCHI-26JUL24-B78.5,0.471,0.32,1.0
2026-07-24,KMDW,15,KXHIGHCHI-26JUL24-B82.5,0.041,0.055,0.0
2026-07-24,KMDW,15,KXHIGHCHI-26JUL24-T85,0.0,0.005,0.0
2026-07-24,KMDW,15,KXHIGHCHI-26JUL24-T78,0.1075,0.08,0.0
2026-07-24,KMDW,15,KXHIGHCHI-26JUL24-B84.5,0.0045,0.025,0.0
2026-07-24,KMDW,17,KXHIGHCHI-26JUL24-B80.5,0.457,0.53,0.0
2026-07-24,KMDW,17,KXHIGHCHI-26JUL24-B78.5,0.438,0.365,1.0
2026-07-24,KMDW,17,KXHIGHCHI-26JUL24-B82.5,0.09,0.055,0.0
2026-07-24,KMDW,17,KXHIGHCHI-26JUL24-T85,0.0055,0.005,0.0
2026-07-24,KMDW,17,KXHIGHCHI-26JUL24-T78,0.0,0.045,0.0
2026-07-24,KMDW,17,KXHIGHCHI-26JUL24-B84.5,0.0095,0.015,0.0
2026-07-24,KMDW,19,KXHIGHCHI-26JUL24-B80.5,0.4045,0.66,0.0
2026-07-24,KMDW,19,KXHIGHCHI-26JUL24-B78.5,0.573,0.3,1.0
2026-07-24,KMDW,19,KXHIGHCHI-26JUL24-B82.5,0.014,0.045,0.0
2026-07-24,KMDW,19,KXHIGHCHI-26JUL24-T85,0.0085,0.005,0.0
2026-07-24,KMDW,19,KXHIGHCHI-26JUL24-T78,0.0,0.005,0.0
2026-07-24,KMDW,19,KXHIGHCHI-26JUL24-B84.5,0.0,0.015,0.0
2026-07-25,KMDW,15,KXHIGHCHI-26JUL25-B82.5,0.1025,0.1,0.0
2026-07-25,KMDW,15,KXHIGHCHI-26JUL25-B86.5,0.005,0.005,0.0
2026-07-25,KMDW,15,KXHIGHCHI-26JUL25-B80.5,0.3135,0.435,0.0
2026-07-25,KMDW,15,KXHIGHCHI-26JUL25-T87,0.0,0.005,0.0
2026-07-25,KMDW,15,KXHIGHCHI-26JUL25-T80,0.5455,0.41000000000000003,1.0
2026-07-25,KMDW,15,KXHIGHCHI-26JUL25-B84.5,0.0335,0.025,0.0
2026-07-25,KMDW,17,KXHIGHCHI-26JUL25-B82.5,0.051,0.085,0.0
2026-07-25,KMDW,17,KXHIGHCHI-26JUL25-B86.5,0.0,0.01,0.0
2026-07-25,KMDW,17,KXHIGHCHI-26JUL25-B80.5,0.15,0.47,0.0
2026-07-25,KMDW,17,KXHIGHCHI-26JUL25-T87,0.0,0.005,0.0
2026-07-25,KMDW,17,KXHIGHCHI-26JUL25-T80,0.787,0.41500000000000004,1.0
2026-07-25,KMDW,17,KXHIGHCHI-26JUL25-B84.5,0.012,0.03,0.0
2026-07-25,KMDW,19,KXHIGHCHI-26JUL25-B82.5,0.026,0.04,0.0
2026-07-25,KMDW,19,KXHIGHCHI-26JUL25-B86.5,0.0105,0.005,0.0
2026-07-25,KMDW,19,KXHIGHCHI-26JUL25-B80.5,0.1535,0.325,0.0
2026-07-25,KMDW,19,KXHIGHCHI-26JUL25-T87,0.0,0.005,0.0
2026-07-25,KMDW,19,KXHIGHCHI-26JUL25-T80,0.809,0.635,1.0
2026-07-25,KMDW,19,KXHIGHCHI-26JUL25-B84.5,0.001,0.005,0.0
2026-07-26,KMDW,15,KXHIGHCHI-26JUL26-B93.5,0.0545,0.045,0.0
2026-07-26,KMDW,15,KXHIGHCHI-26JUL26-B89.5,0.4385,0.445,0.0
2026-07-26,KMDW,15,KXHIGHCHI-26JUL26-B91.5,0.2905,0.385,1.0
2026-07-26,KMDW,15,KXHIGHCHI-26JUL26-T89,0.2155,0.135,0.0
2026-07-26,KMDW,15,KXHIGHCHI-26JUL26-T96,0.0,0.005,0.0
2026-07-26,KMDW,15,KXHIGHCHI-26JUL26-B95.5,0.001,0.005,0.0
2026-07-26,KMDW,17,KXHIGHCHI-26JUL26-B93.5,0.0535,0.035,0.0
2026-07-26,KMDW,17,KXHIGHCHI-26JUL26-B89.5,0.4285,0.5700000000000001,0.0
2026-07-26,KMDW,17,KXHIGHCHI-26JUL26-B91.5,0.472,0.315,1.0
2026-07-26,KMDW,17,KXHIGHCHI-26JUL26-T89,0.03,0.11499999999999999,0.0
2026-07-26,KMDW,17,KXHIGHCHI-26JUL26-T96,0.0,0.005,0.0
2026-07-26,KMDW,17,KXHIGHCHI-26JUL26-B95.5,0.016,0.005,0.0
2026-07-26,KMDW,19,KXHIGHCHI-26JUL26-B93.5,0.022,0.025,0.0
2026-07-26,KMDW,19,KXHIGHCHI-26JUL26-B89.5,0.552,0.47,0.0
2026-07-26,KMDW,19,KXHIGHCHI-26JUL26-B91.5,0.3865,0.46499999999999997,1.0
2026-07-26,KMDW,19,KXHIGHCHI-26JUL26-T89,0.027,0.005,0.0
2026-07-26,KMDW,19,KXHIGHCHI-26JUL26-T96,0.0,0.005,0.0
2026-07-26,KMDW,19,KXHIGHCHI-26JUL26-B95.5,0.0125,0.005,0.0
2026-07-27,KMDW,15,KXHIGHCHI-26JUL27-B96.5,0.0195,0.035,0.0
2026-07-27,KMDW,15,KXHIGHCHI-26JUL27-B90.5,0.256,0.31,0.0
2026-07-27,KMDW,15,KXHIGHCHI-26JUL27-T90,0.3675,0.355,1.0
2026-07-27,KMDW,15,KXHIGHCHI-26JUL27-T97,0.0,0.04,0.0
2026-07-27,KMDW,15,KXHIGHCHI-26JUL27-B92.5,0.2715,0.21000000000000002,0.0
2026-07-27,KMDW,15,KXHIGHCHI-26JUL27-B94.5,0.0855,0.07500000000000001,0.0
2026-07-27,KMDW,17,KXHIGHCHI-26JUL27-B96.5,0.0,0.005,0.0
2026-07-27,KMDW,17,KXHIGHCHI-26JUL27-B90.5,0.5665,0.21000000000000002,0.0
2026-07-27,KMDW,17,KXHIGHCHI-26JUL27-T90,0.3855,0.685,1.0
2026-07-27,KMDW,17,KXHIGHCHI-26JUL27-T97,0.0,0.005,0.0
2026-07-27,KMDW,17,KXHIGHCHI-26JUL27-B92.5,0.0315,0.065,0.0
2026-07-27,KMDW,17,KXHIGHCHI-26JUL27-B94.5,0.0165,0.025,0.0
2026-07-27,KMDW,19,KXHIGHCHI-26JUL27-B96.5,0.0,0.005,0.0
2026-07-27,KMDW,19,KXHIGHCHI-26JUL27-B90.5,0.2565,0.035,0.0
2026-07-27,KMDW,19,KXHIGHCHI-26JUL27-T90,0.73,0.955,1.0
2026-07-27,KMDW,19,KXHIGHCHI-26JUL27-T97,0.0,0.005,0.0
2026-07-27,KMDW,19,KXHIGHCHI-26JUL27-B92.5,0.0,0.015,0.0
2026-07-27,KMDW,19,KXHIGHCHI-26JUL27-B94.5,0.0135,0.005,0.0
2026-07-28,KMDW,15,KXHIGHCHI-26JUL28-T75,0.0,0.005,0.0
2026-07-28,KMDW,15,KXHIGHCHI-26JUL28-B75.5,0.016,0.36,0.0
2026-07-28,KMDW,15,KXHIGHCHI-26JUL28-B81.5,0.0255,0.035,0.0
2026-07-28,KMDW,15,KXHIGHCHI-26JUL28-B79.5,0.4245,0.255,1.0
2026-07-28,KMDW,15,KXHIGHCHI-26JUL28-B77.5,0.5295,0.355,0.0
2026-07-28,KMDW,15,KXHIGHCHI-26JUL28-T82,0.0045,0.015,0.0
2026-07-28,KMDW,17,KXHIGHCHI-26JUL28-T75,0.0,0.005,0.0
2026-07-28,KMDW,17,KXHIGHCHI-26JUL28-B75.5,0.0075,0.375,0.0
2026-07-28,KMDW,17,KXHIGHCHI-26JUL28-B81.5,0.017,0.045,0.0
2026-07-28,KMDW,17,KXHIGHCHI-26JUL28-B79.5,0.4665,0.13,1.0
2026-07-28,KMDW,17,KXHIGHCHI-26JUL28-B77.5,0.5055,0.455,0.0
2026-07-28,KMDW,17,KXHIGHCHI-26JUL28-T82,0.0035,0.005,0.0
2026-07-28,KMDW,19,KXHIGHCHI-26JUL28-T75,0.0,0.005,0.0
2026-07-28,KMDW,19,KXHIGHCHI-26JUL28-B75.5,0.0,0.005,0.0
2026-07-28,KMDW,19,KXHIGHCHI-26JUL28-B81.5,0.016,0.11499999999999999,0.0
2026-07-28,KMDW,19,KXHIGHCHI-26JUL28-B79.5,0.664,0.775,1.0
2026-07-28,KMDW,19,KXHIGHCHI-26JUL28-B77.5,0.313,0.11499999999999999,0.0
2026-07-28,KMDW,19,KXHIGHCHI-26JUL28-T82,0.007,0.005,0.0
2026-07-29,KMDW,15,KXHIGHCHI-26JUL29-T87,0.0,0.005,0.0
2026-07-29,KMDW,15,KXHIGHCHI-26JUL29-B84.5,0.0035,0.005,0.0
2026-07-29,KMDW,15,KXHIGHCHI-26JUL29-B86.5,0.0,0.005,0.0
2026-07-29,KMDW,15,KXHIGHCHI-26JUL29-B82.5,0.0095,0.03,0.0
2026-07-29,KMDW,15,KXHIGHCHI-26JUL29-B80.5,0.7205,0.4,1.0
2026-07-29,KMDW,15,KXHIGHCHI-26JUL29-T80,0.2665,0.595,0.0
2026-07-29,KMDW,17,KXHIGHCHI-26JUL29-T87,0.0,0.005,0.0
2026-07-29,KMDW,17,KXHIGHCHI-26JUL29-B84.5,0.005,0.005,0.0
2026-07-29,KMDW,17,KXHIGHCHI-26JUL29-B86.5,0.0,0.005,0.0
2026-07-29,KMDW,17,KXHIGHCHI-26JUL29-B82.5,0.0045,0.02,0.0
2026-07-29,KMDW,17,KXHIGHCHI-26JUL29-B80.5,0.6945,0.185,1.0
2026-07-29,KMDW,17,KXHIGHCHI-26JUL29-T80,0.296,0.79,0.0
2026-07-29,KMDW,19,KXHIGHCHI-26JUL29-T87,0.0,0.005,0.0
2026-07-29,KMDW,19,KXHIGHCHI-26JUL29-B84.5,0.0,0.005,0.0
2026-07-29,KMDW,19,KXHIGHCHI-26JUL29-B86.5,0.0035,0.005,0.0
2026-07-29,KMDW,19,KXHIGHCHI-26JUL29-B82.5,0.0085,0.005,0.0
2026-07-29,KMDW,19,KXHIGHCHI-26JUL29-B80.5,0.7785,0.335,1.0
2026-07-29,KMDW,19,KXHIGHCHI-26JUL29-T80,0.2095,0.675,0.0
2026-07-30,KMDW,15,KXHIGHCHI-26JUL30-B91.5,0.003,0.015,0.0
2026-07-30,KMDW,15,KXHIGHCHI-26JUL30-B87.5,0.7265,0.505,0.0
2026-07-30,KMDW,15,KXHIGHCHI-26JUL30-T85,0.0165,0.07500000000000001,0.0
2026-07-30,KMDW,15,KXHIGHCHI-26JUL30-B89.5,0.0525,0.125,0.0
2026-07-30,KMDW,15,KXHIGHCHI-26JUL30-T92,0.0,0.005,0.0
2026-07-30,KMDW,15,KXHIGHCHI-26JUL30-B85.5,0.2015,0.275,1.0
2026-07-30,KMDW,17,KXHIGHCHI-26JUL30-B91.5,0.0015,0.005,0.0
2026-07-30,KMDW,17,KXHIGHCHI-26JUL30-B87.5,0.6205,0.605,0.0
2026-07-30,KMDW,17,KXHIGHCHI-26JUL30-T85,0.0155,0.045,0.0
2026-07-30,KMDW,17,KXHIGHCHI-26JUL30-B89.5,0.026,0.055,0.0
2026-07-30,KMDW,17,KXHIGHCHI-26JUL30-T92,0.0,0.005,0.0
2026-07-30,KMDW,17,KXHIGHCHI-26JUL30-B85.5,0.3365,0.31,1.0
2026-07-30,KMDW,19,KXHIGHCHI-26JUL30-B91.5,0.0,0.005,0.0
2026-07-30,KMDW,19,KXHIGHCHI-26JUL30-B87.5,0.8365,0.675,0.0
2026-07-30,KMDW,19,KXHIGHCHI-26JUL30-T85,0.0,0.005,0.0
2026-07-30,KMDW,19,KXHIGHCHI-26JUL30-B89.5,0.04,0.025,0.0
2026-07-30,KMDW,19,KXHIGHCHI-26JUL30-T92,0.006,0.005,0.0
2026-07-30,KMDW,19,KXHIGHCHI-26JUL30-B85.5,0.1175,0.28500000000000003,1.0
2026-07-31,KMDW,15,KXHIGHCHI-26JUL31-B78.5,0.0,0.005,0.0
2026-07-31,KMDW,15,KXHIGHCHI-26JUL31-B84.5,0.0245,0.3,0.0
2026-07-31,KMDW,15,KXHIGHCHI-26JUL31-T85,0.014,0.055,0.0
2026-07-31,KMDW,15,KXHIGHCHI-26JUL31-B82.5,0.352,0.435,1.0
2026-07-31,KMDW,15,KXHIGHCHI-26JUL31-B80.5,0.6095,0.20500000000000002,0.0
2026-07-31,KMDW,15,KXHIGHCHI-26JUL31-T78,0.0,0.005,0.0
2026-07-31,KMDW,17,KXHIGHCHI-26JUL31-B78.5,0.0,0.005,0.0
2026-07-31,KMDW,17,KXHIGHCHI-26JUL31-B84.5,0.025,0.04,0.0
2026-07-31,KMDW,17,KXHIGHCHI-26JUL31-T85,0.006,0.005,0.0
2026-07-31,KMDW,17,KXHIGHCHI-26JUL31-B82.5,0.3885,0.965,1.0
2026-07-31,KMDW,17,KXHIGHCHI-26JUL31-B80.5,0.5805,0.005,0.0
2026-07-31,KMDW,17,KXHIGHCHI-26JUL31-T78,0.0,0.005,0.0
2026-07-31,KMDW,19,KXHIGHCHI-26JUL31-B78.5,0.0,0.005,0.0
2026-07-31,KMDW,19,KXHIGHCHI-26JUL31-B84.5,0.003,0.005,0.0
2026-07-31,KMDW,19,KXHIGHCHI-26JUL31-T85,0.004,0.005,0.0
2026-07-31,KMDW,19,KXHIGHCHI-26JUL31-B82.5,0.42,0.995,1.0
2026-07-31,KMDW,19,KXHIGHCHI-26JUL31-B80.5,0.573,0.005,0.0
2026-07-31,KMDW,19,KXHIGHCHI-26JUL31-T78,0.0,0.005,0.0
2026-08-01,KMDW,15,KXHIGHCHI-26AUG01-B70.5,0.0,0.005,0.0
2026-08-01,KMDW,15,KXHIGHCHI-26AUG01-B74.5,0.251,0.315,0.0
2026-08-01,KMDW,15,KXHIGHCHI-26AUG01-B76.5,0.108,0.035,1.0
2026-08-01,KMDW,15,KXHIGHCHI-26AUG01-T70,0.0,0.005,0.0
2026-08-01,KMDW,15,KXHIGHCHI-26AUG01-B72.5,0.611,0.685,0.0
2026-08-01,KMDW,15,KXHIGHCHI-26AUG01-T77,0.03,0.005,0.0
2026-08-01,KMDW,17,KXHIGHCHI-26AUG01-B70.5,0.0,0.005,0.0
2026-08-01,KMDW,17,KXHIGHCHI-26AUG01-B74.5,0.5765,0.28500000000000003,0.0
2026-08-01,KMDW,17,KXHIGHCHI-26AUG01-B76.5,0.3435,0.015,1.0
2026-08-01,KMDW,17,KXHIGHCHI-26AUG01-T70,0.0,0.005,0.0
2026-08-01,KMDW,17,KXHIGHCHI-26AUG01-B72.5,0.0,0.725,0.0
2026-08-01,KMDW,17,KXHIGHCHI-26AUG01-T77,0.08,0.005,0.0
2026-08-01,KMDW,19,KXHIGHCHI-26AUG01-B70.5,0.0,0.005,0.0
2026-08-01,KMDW,19,KXHIGHCHI-26AUG01-B74.5,0.5695,0.005,0.0
2026-08-01,KMDW,19,KXHIGHCHI-26AUG01-B76.5,0.4235,0.965,1.0
2026-08-01,KMDW,19,KXHIGHCHI-26AUG01-T70,0.0,0.005,0.0
2026-08-01,KMDW,19,KXHIGHCHI-26AUG01-B72.5,0.0,0.005,0.0
2026-08-01,KMDW,19,KXHIGHCHI-26AUG01-T77,0.007,0.025,0.0
2026-08-02,KMDW,15,KXHIGHCHI-26AUG02-B73.5,0.1185,0.060000000000000005,0.0
2026-08-02,KMDW,15,KXHIGHCHI-26AUG02-B77.5,0.1715,0.425,0.0
2026-08-02,KMDW,15,KXHIGHCHI-26AUG02-B75.5,0.6935,0.415,1.0
2026-08-02,KMDW,15,KXHIGHCHI-26AUG02-T71,0.0,0.005,0.0
2026-08-02,KMDW,15,KXHIGHCHI-26AUG02-B71.5,0.0,0.005,0.0
2026-08-02,KMDW,15,KXHIGHCHI-26AUG02-T78,0.0165,0.11499999999999999,0.0
2026-08-02,KMDW,17,KXHIGHCHI-26AUG02-B73.5,0.282,0.295,0.0
2026-08-02,KMDW,17,KXHIGHCHI-26AUG02-B77.5,0.0365,0.18,0.0
2026-08-02,KMDW,17,KXHIGHCHI-26AUG02-B75.5,0.673,0.435,1.0
2026-08-02,KMDW,17,KXHIGHCHI-26AUG02-T71,0.0,0.005,0.0
2026-08-02,KMDW,17,KXHIGHCHI-26AUG02-B71.5,0.0005,0.005,0.0
2026-08-02,KMDW,17,KXHIGHCHI-26AUG02-T78,0.008,0.035,0.0
2026-08-02,KMDW,19,KXHIGHCHI-26AUG02-B73.5,0.548,0.715,0.0
2026-08-02,KMDW,19,KXHIGHCHI-26AUG02-B77.5,0.024,0.005,0.0
2026-08-02,KMDW,19,KXHIGHCHI-26AUG02-B75.5,0.404,0.265,1.0
2026-08-02,KMDW,19,KXHIGHCHI-26AUG02-T71,0.0,0.005,0.0
2026-08-02,KMDW,19,KXHIGHCHI-26AUG02-B71.5,0.0165,0.005,0.0
2026-08-02,KMDW,19,KXHIGHCHI-26AUG02-T78,0.0075,0.005,0.0
2026-08-03,KMDW,15,KXHIGHCHI-26AUG03-B78.5,0.006,0.08499999999999999,0.0
2026-08-03,KMDW,15,KXHIGHCHI-26AUG03-B76.5,0.0,0.01,0.0
2026-08-03,KMDW,15,KXHIGHCHI-26AUG03-T83,0.216,0.07500000000000001,0.0
2026-08-03,KMDW,15,KXHIGHCHI-26AUG03-T76,0.0,0.005,0.0
2026-08-03,KMDW,15,KXHIGHCHI-26AUG03-B80.5,0.233,0.485,0.0
2026-08-03,KMDW,15,KXHIGHCHI-26AUG03-B82.5,0.545,0.345,1.0
2026-08-03,KMDW,17,KXHIGHCHI-26AUG03-B78.5,0.009,0.005,0.0
2026-08-03,KMDW,17,KXHIGHCHI-26AUG03-B76.5,0.0,0.005,0.0
2026-08-03,KMDW,17,KXHIGHCHI-26AUG03-T83,0.046,0.08499999999999999,0.0
2026-08-03,KMDW,17,KXHIGHCHI-26AUG03-T76,0.0,0.005,0.0
2026-08-03,KMDW,17,KXHIGHCHI-26AUG03-B80.5,0.414,0.385,0.0
2026-08-03,KMDW,17,KXHIGHCHI-26AUG03-B82.5,0.531,0.55,1.0
2026-08-03,KMDW,19,KXHIGHCHI-26AUG03-B78.5,0.0,0.005,0.0
2026-08-03,KMDW,19,KXHIGHCHI-26AUG03-B76.5,0.0,0.005,0.0
2026-08-03,KMDW,19,KXHIGHCHI-26AUG03-T83,0.076,0.035,0.0
2026-08-03,KMDW,19,KXHIGHCHI-26AUG03-T76,0.0,0.005,0.0
2026-08-03,KMDW,19,KXHIGHCHI-26AUG03-B80.5,0.1865,0.795,0.0
2026-08-03,KMDW,19,KXHIGHCHI-26AUG03-B82.5,0.7375,0.195,1.0
2026-08-04,KMDW,15,KXHIGHCHI-26AUG04-B81.5,0.0115,0.015,0.0
2026-08-04,KMDW,15,KXHIGHCHI-26AUG04-T81,0.0,0.005,0.0
2026-08-04,KMDW,15,KXHIGHCHI-26AUG04-T88,0.011,0.035,0.0
2026-08-04,KMDW,15,KXHIGHCHI-26AUG04-B85.5,0.6475,0.515,1.0
2026-08-04,KMDW,15,KXHIGHCHI-26AUG04-B83.5,0.1345,0.14500000000000002,0.0
2026-08-04,KMDW,15,KXHIGHCHI-26AUG04-B87.5,0.1955,0.335,0.0
2026-08-04,KMDW,17,KXHIGHCHI-26AUG04-B81.5,0.0,0.015,0.0
2026-08-04,KMDW,17,KXHIGHCHI-26AUG04-T81,0.0,0.005,0.0
2026-08-04,KMDW,17,KXHIGHCHI-26AUG04-T88,0.0065,0.015,0.0
2026-08-04,KMDW,17,KXHIGHCHI-26AUG04-B85.5,0.7165,0.535,1.0
2026-08-04,KMDW,17,KXHIGHCHI-26AUG04-B83.5,0.0955,0.245,0.0
2026-08-04,KMDW,17,KXHIGHCHI-26AUG04-B87.5,0.1815,0.255,0.0
2026-08-04,KMDW,19,KXHIGHCHI-26AUG04-B81.5,0.0,0.005,0.0
2026-08-04,KMDW,19,KXHIGHCHI-26AUG04-T81,0.0,0.005,0.0
2026-08-04,KMDW,19,KXHIGHCHI-26AUG04-T88,0.0155,0.015,0.0
2026-08-04,KMDW,19,KXHIGHCHI-26AUG04-B85.5,0.632,0.635,1.0
2026-08-04,KMDW,19,KXHIGHCHI-26AUG04-B83.5,0.034,0.060000000000000005,0.0
2026-08-04,KMDW,19,KXHIGHCHI-26AUG04-B87.5,0.3185,0.315,0.0
2026-08-05,KMDW,15,KXHIGHCHI-26AUG05-B83.5,0.364,0.275,1.0
2026-08-05,KMDW,15,KXHIGHCHI-26AUG05-B79.5,0.0,0.235,0.0
2026-08-05,KMDW,15,KXHIGHCHI-26AUG05-T86,0.1595,0.015,0.0
2026-08-05,KMDW,15,KXHIGHCHI-26AUG05-B85.5,0.373,0.055,0.0
2026-08-05,KMDW,15,KXHIGHCHI-26AUG05-T79,0.0,0.035,0.0
2026-08-05,KMDW,15,KXHIGHCHI-26AUG05-B81.5,0.1035,0.355,0.0
2026-08-05,KMDW,17,KXHIGHCHI-26AUG05-B83.5,0.3605,0.77,1.0
2026-08-05,KMDW,17,KXHIGHCHI-26AUG05-B79.5,0.0,0.005,0.0
2026-08-05,KMDW,17,KXHIGHCHI-26AUG05-T86,0.0315,0.03,0.0
2026-08-05,KMDW,17,KXHIGHCHI-26AUG05-B85.5,0.5375,0.19,0.0
2026-08-05,KMDW,17,KXHIGHCHI-26AUG05-T79,0.0,0.005,0.0
2026-08-05,KMDW,17,KXHIGHCHI-26AUG05-B81.5,0.0705,0.005,0.0
2026-08-05,KMDW,19,KXHIGHCHI-26AUG05-B83.5,0.5875,0.945,1.0
2026-08-05,KMDW,19,KXHIGHCHI-26AUG05-B79.5,0.0,0.005,0.0
2026-08-05,KMDW,19,KXHIGHCHI-26AUG05-T86,0.0185,0.01,0.0
2026-08-05,KMDW,19,KXHIGHCHI-26AUG05-B85.5,0.325,0.060000000000000005,0.0
2026-08-05,KMDW,19,KXHIGHCHI-26AUG05-T79,0.0,0.005,0.0
2026-08-05,KMDW,19,KXHIGHCHI-26AUG05-B81.5,0.069,0.005,0.0
2026-08-06,KMDW,15,KXHIGHCHI-26AUG06-B80.5,0.172,0.165,1.0
2026-08-06,KMDW,15,KXHIGHCHI-26AUG06-B76.5,0.0715,0.275,0.0
2026-08-06,KMDW,15,KXHIGHCHI-26AUG06-T76,0.0035,0.025,0.0
2026-08-06,KMDW,15,KXHIGHCHI-26AUG06-B78.5,0.7405,0.495,0.0
2026-08-06,KMDW,15,KXHIGHCHI-26AUG06-B82.5,0.012,0.045,0.0
2026-08-06,KMDW,15,KXHIGHCHI-26AUG06-T83,0.0005,0.015,0.0
2026-08-06,KMDW,17,KXHIGHCHI-26AUG06-B80.5,0.1575,0.15500000000000003,1.0
2026-08-06,KMDW,17,KXHIGHCHI-26AUG06-B76.5,0.0865,0.275,0.0
2026-08-06,KMDW,17,KXHIGHCHI-26AUG06-T76,0.0,0.015,0.0
2026-08-06,KMDW,17,KXHIGHCHI-26AUG06-B78.5,0.751,0.52,0.0
2026-08-06,KMDW,17,KXHIGHCHI-26AUG06-B82.5,0.005,0.025,0.0
2026-08-06,KMDW,17,KXHIGHCHI-26AUG06-T83,0.0,0.005,0.0
2026-08-06,KMDW,19,KXHIGHCHI-26AUG06-B80.5,0.4955,0.535,1.0
2026-08-06,KMDW,19,KXHIGHCHI-26AUG06-B76.5,0.0,0.005,0.0
2026-08-06,KMDW,19,KXHIGHCHI-26AUG06-T76,0.0,0.005,0.0
2026-08-06,KMDW,19,KXHIGHCHI-26AUG06-B78.5,0.4745,0.28500000000000003,0.0
2026-08-06,KMDW,19,KXHIGHCHI-26AUG06-B82.5,0.02,0.15000000000000002,0.0
2026-08-06,KMDW,19,KXHIGHCHI-26AUG06-T83,0.01,0.015,0.0
2026-08-07,KMDW,15,KXHIGHCHI-26AUG07-T89,0.0,0.005,0.0
2026-08-07,KMDW,15,KXHIGHCHI-26AUG07-B82.5,0.088,0.035,0.0
2026-08-07,KMDW,15,KXHIGHCHI-26AUG07-T82,0.009,0.015,0.0
2026-08-07,KMDW,15,KXHIGHCHI-26AUG07-B88.5,0.0435,0.08499999999999999,0.0
2026-08-07,KMDW,15,KXHIGHCHI-26AUG07-B86.5,0.468,0.575,1.0
2026-08-07,KMDW,15,KXHIGHCHI-26AUG07-B84.5,0.3915,0.315,0.0
2026-08-07,KMDW,17,KXHIGHCHI-26AUG07-T89,0.0045,0.005,0.0
2026-08-07,KMDW,17,KXHIGHCHI-26AUG07-B82.5,0.002,0.035,0.0
2026-08-07,KMDW,17,KXHIGHCHI-26AUG07-T82,0.0,0.005,0.0
2026-08-07,KMDW,17,KXHIGHCHI-26AUG07-B88.5,0.031,0.055,0.0
2026-08-07,KMDW,17,KXHIGHCHI-26AUG07-B86.5,0.616,0.665,1.0
2026-08-07,KMDW,17,KXHIGHCHI-26AUG07-B84.5,0.3465,0.255,0.0
2026-08-07,KMDW,19,KXHIGHCHI-26AUG07-T89,0.009,0.01,0.0
2026-08-07,KMDW,19,KXHIGHCHI-26AUG07-B82.5,0.0,0.005,0.0
2026-08-07,KMDW,19,KXHIGHCHI-26AUG07-T82,0.0,0.005,0.0
2026-08-07,KMDW,19,KXHIGHCHI-26AUG07-B88.5,0.07,0.1,0.0
2026-08-07,KMDW,19,KXHIGHCHI-26AUG07-B86.5,0.7195,0.765,1.0
2026-08-07,KMDW,19,KXHIGHCHI-26AUG07-B84.5,0.2015,0.10500000000000001,0.0
2026-08-08,KMDW,15,KXHIGHCHI-26AUG08-B87.5,0.109,0.255,0.0
2026-08-08,KMDW,15,KXHIGHCHI-26AUG08-T88,0.0005,0.015,0.0
2026-08-08,KMDW,15,KXHIGHCHI-26AUG08-B85.5,0.6515,0.555,0.0
2026-08-08,KMDW,15,KXHIGHCHI-26AUG08-T81,0.005,0.005,0.0
2026-08-08,KMDW,15,KXHIGHCHI-26AUG08-B81.5,0.0555,0.025,0.0
2026-08-08,KMDW,15,KXHIGHCHI-26AUG08-B83.5,0.1785,0.185,1.0
2026-08-08,KMDW,17,KXHIGHCHI-26AUG08-B87.5,0.076,0.155,0.0
2026-08-08,KMDW,17,KXHIGHCHI-26AUG08-T88,0.01,0.015,0.0
2026-08-08,KMDW,17,KXHIGHCHI-26AUG08-B85.5,0.7215,0.495,0.0
2026-08-08,KMDW,17,KXHIGHCHI-26AUG08-T81,0.0,0.015,0.0
2026-08-08,KMDW,17,KXHIGHCHI-26AUG08-B81.5,0.0,0.045,0.0
2026-08-08,KMDW,17,KXHIGHCHI-26AUG08-B83.5,0.1925,0.28,1.0
2026-08-08,KMDW,19,KXHIGHCHI-26AUG08-B87.5,0.1255,0.045,0.0
2026-08-08,KMDW,19,KXHIGHCHI-26AUG08-T88,0.0035,0.005,0.0
2026-08-08,KMDW,19,KXHIGHCHI-26AUG08-B85.5,0.7885,0.77,0.0
2026-08-08,KMDW,19,KXHIGHCHI-26AUG08-T81,0.0,0.005,0.0
2026-08-08,KMDW,19,KXHIGHCHI-26AUG08-B81.5,0.0,0.015,0.0
2026-08-08,KMDW,19,KXHIGHCHI-26AUG08-B83.5,0.0825,0.20500000000000002,1.0
2026-08-09,KMDW,15,KXHIGHCHI-26AUG09-B89.5,0.0265,0.055,0.0
2026-08-09,KMDW,15,KXHIGHCHI-26AUG09-B83.5,0.367,0.175,0.0
2026-08-09,KMDW,15,KXHIGHCHI-26AUG09-B87.5,0.095,0.235,0.0
2026-08-09,KMDW,15,KXHIGHCHI-26AUG09-T90,0.0,0.015,0.0
2026-08-09,KMDW,15,KXHIGHCHI-26AUG09-B85.5,0.4505,0.475,1.0
2026-08-09,KMDW,15,KXHIGHCHI-26AUG09-T83,0.061,0.035,0.0
2026-08-09,KMDW,17,KXHIGHCHI-26AUG09-B89.5,0.009,0.095,0.0
2026-08-09,KMDW,17,KXHIGHCHI-26AUG09-B83.5,0.147,0.005,0.0
2026-08-09,KMDW,17,KXHIGHCHI-26AUG09-B87.5,0.5225,0.295,0.0
2026-08-09,KMDW,17,KXHIGHCHI-26AUG09-T90,0.0115,0.01,0.0
2026-08-09,KMDW,17,KXHIGHCHI-26AUG09-B85.5,0.31,0.595,1.0
2026-08-09,KMDW,17,KXHIGHCHI-26AUG09-T83,0.0,0.005,0.0
2026-08-09,KMDW,19,KXHIGHCHI-26AUG09-B89.5,0.002,0.015,0.0
2026-08-09,KMDW,19,KXHIGHCHI-26AUG09-B83.5,0.153,0.005,0.0
2026-08-09,KMDW,19,KXHIGHCHI-26AUG09-B87.5,0.2415,0.035,0.0
2026-08-09,KMDW,19,KXHIGHCHI-26AUG09-T90,0.0115,0.005,0.0
2026-08-09,KMDW,19,KXHIGHCHI-26AUG09-B85.5,0.592,0.965,1.0
2026-08-09,KMDW,19,KXHIGHCHI-26AUG09-T83,0.0,0.005,0.0
2026-08-10,KMDW,15,KXHIGHCHI-26AUG10-B84.5,0.298,0.525,0.0
2026-08-10,KMDW,15,KXHIGHCHI-26AUG10-T89,0.02,0.005,0.0
2026-08-10,KMDW,15,KXHIGHCHI-26AUG10-B86.5,0.4935,0.175,0.0
2026-08-10,KMDW,15,KXHIGHCHI-26AUG10-B88.5,0.1605,0.025,1.0
2026-08-10,KMDW,15,KXHIGHCHI-26AUG10-T82,0.0,0.025,0.0
2026-08-10,KMDW,15,KXHIGHCHI-26AUG10-B82.5,0.028,0.265,0.0
2026-08-10,KMDW,17,KXHIGHCHI-26AUG10-B84.5,0.0,0.735,0.0
2026-08-10,KMDW,17,KXHIGHCHI-26AUG10-T89,0.0495,0.015,0.0
2026-08-10,KMDW,17,KXHIGHCHI-26AUG10-B86.5,0.393,0.155,0.0
2026-08-10,KMDW,17,KXHIGHCHI-26AUG10-B88.5,0.5575,0.025,1.0
2026-08-10,KMDW,17,KXHIGHCHI-26AUG10-T82,0.0,0.005,0.0
2026-08-10,KMDW,17,KXHIGHCHI-26AUG10-B82.5,0.0,0.085,0.0
2026-08-10,KMDW,19,KXHIGHCHI-26AUG10-B84.5,0.0,0.005,0.0
2026-08-10,KMDW,19,KXHIGHCHI-26AUG10-T89,0.0595,0.025,0.0
2026-08-10,KMDW,19,KXHIGHCHI-26AUG10-B86.5,0.284,0.375,0.0
2026-08-10,KMDW,19,KXHIGHCHI-26AUG10-B88.5,0.6565,0.565,1.0
2026-08-10,KMDW,19,KXHIGHCHI-26AUG10-T82,0.0,0.005,0.0
2026-08-10,KMDW,19,KXHIGHCHI-26AUG10-B82.5,0.0,0.005,0.0
2026-08-11,KMDW,15,KXHIGHCHI-26AUG11-T87,0.0,0.005,0.0
2026-08-11,KMDW,15,KXHIGHCHI-26AUG11-B86.5,0.0025,0.005,0.0
2026-08-11,KMDW,15,KXHIGHCHI-26AUG11-B84.5,0.0075,0.025,0.0
2026-08-11,KMDW,15,KXHIGHCHI-26AUG11-B80.5,0.562,0.375,1.0
2026-08-11,KMDW,15,KXHIGHCHI-26AUG11-B82.5,0.4175,0.175,0.0
2026-08-11,KMDW,15,KXHIGHCHI-26AUG11-T80,0.0105,0.485,0.0
2026-08-11,KMDW,17,KXHIGHCHI-26AUG11-T87,0.0,0.005,0.0
2026-08-11,KMDW,17,KXHIGHCHI-26AUG11-B86.5,0.0,0.005,0.0
2026-08-11,KMDW,17,KXHIGHCHI-26AUG11-B84.5,0.003,0.015,0.0
2026-08-11,KMDW,17,KXHIGHCHI-26AUG11-B80.5,0.686,0.4,1.0
2026-08-11,KMDW,17,KXHIGHCHI-26AUG11-B82.5,0.2535,0.165,0.0
2026-08-11,KMDW,17,KXHIGHCHI-26AUG11-T80,0.0575,0.405,0.0
2026-08-11,KMDW,19,KXHIGHCHI-26AUG11-T87,0.0,0.005,0.0
2026-08-11,KMDW,19,KXHIGHCHI-26AUG11-B86.5,0.003,0.005,0.0
2026-08-11,KMDW,19,KXHIGHCHI-26AUG11-B84.5,0.0005,0.005,0.0
2026-08-11,KMDW,19,KXHIGHCHI-26AUG11-B80.5,0.6215,0.315,1.0
2026-08-11,KMDW,19,KXHIGHCHI-26AUG11-B82.5,0.256,0.21000000000000002,0.0
2026-08-11,KMDW,19,KXHIGHCHI-26AUG11-T80,0.119,0.46499999999999997,0.0
2026-08-12,KMDW,15,KXHIGHCHI-26AUG12-B80.5,0.197,0.425,0.0
2026-08-12,KMDW,15,KXHIGHCHI-26AUG12-T80,0.075,0.26,0.0
2026-08-12,KMDW,15,KXHIGHCHI-26AUG12-B82.5,0.6525,0.245,1.0
2026-08-12,KMDW,15,KXHIGHCHI-26AUG12-B84.5,0.0755,0.045,0.0
2026-08-12,KMDW,15,KXHIGHCHI-26AUG12-B86.5,0.0,0.015,0.0
2026-08-12,KMDW,15,KXHIGHCHI-26AUG12-T87,0.0,0.005,0.0
2026-08-12,KMDW,17,KXHIGHCHI-26AUG12-B80.5,0.3155,0.435,0.0
2026-08-12,KMDW,17,KXHIGHCHI-26AUG12-T80,0.2075,0.355,0.0
2026-08-12,KMDW,17,KXHIGHCHI-26AUG12-B82.5,0.448,0.16,1.0
2026-08-12,KMDW,17,KXHIGHCHI-26AUG12-B84.5,0.029,0.05500000000000001,0.0
2026-08-12,KMDW,17,KXHIGHCHI-26AUG12-B86.5,0.0,0.01,0.0
2026-08-12,KMDW,17,KXHIGHCHI-26AUG12-T87,0.0,0.005,0.0
2026-08-12,KMDW,19,KXHIGHCHI-26AUG12-B80.5,0.0,0.385,0.0
2026-08-12,KMDW,19,KXHIGHCHI-26AUG12-T80,0.0,0.005,0.0
2026-08-12,KMDW,19,KXHIGHCHI-26AUG12-B82.5,0.779,0.425,1.0
2026-08-12,KMDW,19,KXHIGHCHI-26AUG12-B84.5,0.212,0.155,0.0
2026-08-12,KMDW,19,KXHIGHCHI-26AUG12-B86.5,0.0015,0.025,0.0
2026-08-12,KMDW,19,KXHIGHCHI-26AUG12-T87,0.0075,0.005,0.0
2026-08-13,KMDW,15,KXHIGHCHI-26AUG13-B82.5,0.082,0.14500000000000002,0.0
2026-08-13,KMDW,15,KXHIGHCHI-26AUG13-B78.5,0.3035,0.275,0.0
2026-08-13,KMDW,15,KXHIGHCHI-26AUG13-B80.5,0.5955,0.44,0.0
2026-08-13,KMDW,15,KXHIGHCHI-26AUG13-T76,0.0,0.005,0.0
2026-08-13,KMDW,15,KXHIGHCHI-26AUG13-T83,0.0165,0.025,0.0
2026-08-13,KMDW,15,KXHIGHCHI-26AUG13-B76.5,0.0025,0.11499999999999999,1.0
2026-08-13,KMDW,17,KXHIGHCHI-26AUG13-B82.5,0.016,0.045,0.0
2026-08-13,KMDW,17,KXHIGHCHI-26AUG13-B78.5,0.378,0.46499999999999997,0.0
2026-08-13,KMDW,17,KXHIGHCHI-26AUG13-B80.5,0.595,0.245,0.0
2026-08-13,KMDW,17,KXHIGHCHI-26AUG13-T76,0.0,0.005,0.0
2026-08-13,KMDW,17,KXHIGHCHI-26AUG13-T83,0.0105,0.005,0.0
2026-08-13,KMDW,17,KXHIGHCHI-26AUG13-B76.5,0.0005,0.275,1.0
2026-08-13,KMDW,19,KXHIGHCHI-26AUG13-B82.5,0.007,0.005,0.0
2026-08-13,KMDW,19,KXHIGHCHI-26AUG13-B78.5,0.6025,0.055,0.0
2026-08-13,KMDW,19,KXHIGHCHI-26AUG13-B80.5,0.3535,0.015,0.0
2026-08-13,KMDW,19,KXHIGHCHI-26AUG13-T76,0.0,0.005,0.0
2026-08-13,KMDW,19,KXHIGHCHI-26AUG13-T83,0.0115,0.005,0.0
2026-08-13,KMDW,19,KXHIGHCHI-26AUG13-B76.5,0.0255,0.945,1.0
2026-08-14,KMDW,15,KXHIGHCHI-26AUG14-T83,0.0025,0.015,0.0
2026-08-14,KMDW,15,KXHIGHCHI-26AUG14-T76,0.001,0.015,0.0
2026-08-14,KMDW,15,KXHIGHCHI-26AUG14-B82.5,0.0125,0.055,0.0
2026-08-14,KMDW,15,KXHIGHCHI-26AUG14-B76.5,0.0135,0.16499999999999998,0.0
2026-08-14,KMDW,15,KXHIGHCHI-26AUG14-B78.5,0.713,0.295,0.0
2026-08-14,KMDW,15,KXHIGHCHI-26AUG14-B80.5,0.2575,0.455,1.0
2026-08-14,KMDW,17,KXHIGHCHI-26AUG14-T83,0.0045,0.025,0.0
2026-08-14,KMDW,17,KXHIGHCHI-26AUG14-T76,0.0,0.005,0.0
2026-08-14,KMDW,17,KXHIGHCHI-26AUG14-B82.5,0.0045,0.05,0.0
2026-08-14,KMDW,17,KXHIGHCHI-26AUG14-B76.5,0.008,0.065,0.0
2026-08-14,KMDW,17,KXHIGHCHI-26AUG14-B78.5,0.704,0.375,0.0
2026-08-14,KMDW,17,KXHIGHCHI-26AUG14-B80.5,0.279,0.475,1.0
2026-08-14,KMDW,19,KXHIGHCHI-26AUG14-T83,0.0035,0.02,0.0
2026-08-14,KMDW,19,KXHIGHCHI-26AUG14-T76,0.0,0.005,0.0
2026-08-14,KMDW,19,KXHIGHCHI-26AUG14-B82.5,0.011,0.07,0.0
2026-08-14,KMDW,19,KXHIGHCHI-26AUG14-B76.5,0.0,0.005,0.0
2026-08-14,KMDW,19,KXHIGHCHI-26AUG14-B78.5,0.5755,0.395,0.0
2026-08-14,KMDW,19,KXHIGHCHI-26AUG14-B80.5,0.41,0.525,1.0
2026-08-15,KMDW,15,KXHIGHCHI-26AUG15-T88,0.0,0.005,0.0
2026-08-15,KMDW,15,KXHIGHCHI-26AUG15-B81.5,0.5505,0.25,1.0
2026-08-15,KMDW,15,KXHIGHCHI-26AUG15-B85.5,0.005,0.025,0.0
2026-08-15,KMDW,15,KXHIGHCHI-26AUG15-B83.5,0.1025,0.065,0.0
2026-08-15,KMDW,15,KXHIGHCHI-26AUG15-T81,0.342,0.645,0.0
2026-08-15,KMDW,15,KXHIGHCHI-26AUG15-B87.5,0.0,0.005,0.0
2026-08-15,KMDW,17,KXHIGHCHI-26AUG15-T88,0.0,0.005,0.0
2026-08-15,KMDW,17,KXHIGHCHI-26AUG15-B81.5,0.503,0.28,1.0
2026-08-15,KMDW,17,KXHIGHCHI-26AUG15-B85.5,0.0065,0.015,0.0
2026-08-15,KMDW,17,KXHIGHCHI-26AUG15-B83.5,0.041,0.025,0.0
2026-08-15,KMDW,17,KXHIGHCHI-26AUG15-T81,0.4495,0.65,0.0
2026-08-15,KMDW,17,KXHIGHCHI-26AUG15-B87.5,0.0,0.005,0.0
2026-08-15,KMDW,19,KXHIGHCHI-26AUG15-T88,0.003,0.01,0.0
2026-08-15,KMDW,19,KXHIGHCHI-26AUG15-B81.5,0.6775,0.595,1.0
2026-08-15,KMDW,19,KXHIGHCHI-26AUG15-B85.5,0.0035,0.05,0.0
2026-08-15,KMDW,19,KXHIGHCHI-26AUG15-B83.5,0.1995,0.195,0.0
2026-08-15,KMDW,19,KXHIGHCHI-26AUG15-T81,0.1135,0.12,0.0
2026-08-15,KMDW,19,KXHIGHCHI-26AUG15-B87.5,0.003,0.015,0.0
2026-08-16,KMDW,15,KXHIGHCHI-26AUG16-T89,0.001,0.01,0.0
2026-08-16,KMDW,15,KXHIGHCHI-26AUG16-B82.5,0.133,0.10500000000000001,0.0
2026-08-16,KMDW,15,KXHIGHCHI-26AUG16-B88.5,0.0555,0.025,0.0
2026-08-16,KMDW,15,KXHIGHCHI-26AUG16-B84.5,0.4285,0.42,0.0
2026-08-16,KMDW,15,KXHIGHCHI-26AUG16-B86.5,0.3555,0.45999999999999996,1.0
2026-08-16,KMDW,15,KXHIGHCHI-26AUG16-T82,0.0265,0.01,0.0
2026-08-16,KMDW,17,KXHIGHCHI-26AUG16-T89,0.007,0.01,0.0
2026-08-16,KMDW,17,KXHIGHCHI-26AUG16-B82.5,0.0215,0.05,0.0
2026-08-16,KMDW,17,KXHIGHCHI-26AUG16-B88.5,0.039,0.055,0.0
2026-08-16,KMDW,17,KXHIGHCHI-26AUG16-B84.5,0.412,0.405,0.0
2026-08-16,KMDW,17,KXHIGHCHI-26AUG16-B86.5,0.5205,0.46499999999999997,1.0
2026-08-16,KMDW,17,KXHIGHCHI-26AUG16-T82,0.0,0.005,0.0
2026-08-16,KMDW,19,KXHIGHCHI-26AUG16-T89,0.009,0.005,0.0
2026-08-16,KMDW,19,KXHIGHCHI-26AUG16-B82.5,0.0,0.005,0.0
2026-08-16,KMDW,19,KXHIGHCHI-26AUG16-B88.5,0.0485,0.065,0.0
2026-08-16,KMDW,19,KXHIGHCHI-26AUG16-B84.5,0.258,0.195,0.0
2026-08-16,KMDW,19,KXHIGHCHI-26AUG16-B86.5,0.6845,0.715,1.0
2026-08-16,KMDW,19,KXHIGHCHI-26AUG16-T82,0.0,0.005,0.0
2026-08-17,KMDW,15,KXHIGHCHI-26AUG17-B80.5,0.2155,0.155,0.0
2026-08-17,KMDW,15,KXHIGHCHI-26AUG17-B78.5,0.574,0.62,1.0
2026-08-17,KMDW,15,KXHIGHCHI-26AUG17-T85,0.002,0.01,0.0
2026-08-17,KMDW,15,KXHIGHCHI-26AUG17-B84.5,0.0075,0.005,0.0
2026-08-17,KMDW,15,KXHIGHCHI-26AUG17-B82.5,0.04,0.015,0.0
2026-08-17,KMDW,15,KXHIGHCHI-26AUG17-T78,0.161,0.215,0.0
2026-08-17,KMDW,17,KXHIGHCHI-26AUG17-B80.5,0.296,0.065,0.0
2026-08-17,KMDW,17,KXHIGHCHI-26AUG17-B78.5,0.587,0.45999999999999996,1.0
2026-08-17,KMDW,17,KXHIGHCHI-26AUG17-T85,0.0,0.01,0.0
2026-08-17,KMDW,17,KXHIGHCHI-26AUG17-B84.5,0.0,0.005,0.0
2026-08-17,KMDW,17,KXHIGHCHI-26AUG17-B82.5,0.0085,0.005,0.0
2026-08-17,KMDW,17,KXHIGHCHI-26AUG17-T78,0.1085,0.43,0.0
2026-08-17,KMDW,19,KXHIGHCHI-26AUG17-B80.5,0.058,0.085,0.0
2026-08-17,KMDW,19,KXHIGHCHI-26AUG17-B78.5,0.779,0.855,1.0
2026-08-17,KMDW,19,KXHIGHCHI-26AUG17-T85,0.0,0.005,0.0
2026-08-17,KMDW,19,KXHIGHCHI-26AUG17-B84.5,0.0,0.005,0.0
2026-08-17,KMDW,19,KXHIGHCHI-26AUG17-B82.5,0.0,0.005,0.0
2026-08-17,KMDW,19,KXHIGHCHI-26AUG17-T78,0.163,0.005,0.0
2026-08-18,KMDW,15,KXHIGHCHI-26AUG18-T85,0.008,0.005,0.0
2026-08-18,KMDW,15,KXHIGHCHI-26AUG18-B82.5,0.5665,0.43,0.0
2026-08-18,KMDW,15,KXHIGHCHI-26AUG18-T78,0.0,0.005,0.0
2026-08-18,KMDW,15,KXHIGHCHI-26AUG18-B80.5,0.317,0.46499999999999997,1.0
2026-08-18,KMDW,15,KXHIGHCHI-26AUG18-B78.5,0.018,0.04,0.0
2026-08-18,KMDW,15,KXHIGHCHI-26AUG18-B84.5,0.0905,0.10500000000000001,0.0
2026-08-18,KMDW,17,KXHIGHCHI-26AUG18-T85,0.0045,0.005,0.0
2026-08-18,KMDW,17,KXHIGHCHI-26AUG18-B82.5,0.656,0.645,0.0
2026-08-18,KMDW,17,KXHIGHCHI-26AUG18-T78,0.0,0.005,0.0
2026-08-18,KMDW,17,KXHIGHCHI-26AUG18-B80.5,0.2765,0.22,1.0
2026-08-18,KMDW,17,KXHIGHCHI-26AUG18-B78.5,0.0,0.005,0.0
2026-08-18,KMDW,17,KXHIGHCHI-26AUG18-B84.5,0.063,0.11499999999999999,0.0
2026-08-18,KMDW,19,KXHIGHCHI-26AUG18-T85,0.0,0.005,0.0
2026-08-18,KMDW,19,KXHIGHCHI-26AUG18-B82.5,0.4045,0.345,0.0
2026-08-18,KMDW,19,KXHIGHCHI-26AUG18-T78,0.0,0.005,0.0
2026-08-18,KMDW,19,KXHIGHCHI-26AUG18-B80.5,0.579,0.66,1.0
2026-08-18,KMDW,19,KXHIGHCHI-26AUG18-B78.5,0.0,0.005,0.0
2026-08-18,KMDW,19,KXHIGHCHI-26AUG18-B84.5,0.0165,0.015,0.0
2026-08-19,KMDW,15,KXHIGHCHI-26AUG19-T81,0.2395,0.08,0.0
2026-08-19,KMDW,15,KXHIGHCHI-26AUG19-T74,0.0,0.005,0.0
2026-08-19,KMDW,15,KXHIGHCHI-26AUG19-B78.5,0.197,0.485,0.0
2026-08-19,KMDW,15,KXHIGHCHI-26AUG19-B74.5,0.0,0.005,0.0
2026-08-19,KMDW,15,KXHIGHCHI-26AUG19-B76.5,0.029,0.08,0.0
2026-08-19,KMDW,15,KXHIGHCHI-26AUG19-B80.5,0.5345,0.365,1.0
2026-08-19,KMDW,17,KXHIGHCHI-26AUG19-T81,0.425,0.24,0.0
2026-08-19,KMDW,17,KXHIGHCHI-26AUG19-T74,0.0,0.005,0.0
2026-08-19,KMDW,17,KXHIGHCHI-26AUG19-B78.5,0.0675,0.11499999999999999,0.0
2026-08-19,KMDW,17,KXHIGHCHI-26AUG19-B74.5,0.0,0.005,0.0
2026-08-19,KMDW,17,KXHIGHCHI-26AUG19-B76.5,0.0,0.005,0.0
2026-08-19,KMDW,17,KXHIGHCHI-26AUG19-B80.5,0.5075,0.605,1.0
2026-08-19,KMDW,19,KXHIGHCHI-26AUG19-T81,0.25,0.11499999999999999,0.0
2026-08-19,KMDW,19,KXHIGHCHI-26AUG19-T74,0.0,0.005,0.0
2026-08-19,KMDW,19,KXHIGHCHI-26AUG19-B78.5,0.0,0.005,0.0
2026-08-19,KMDW,19,KXHIGHCHI-26AUG19-B74.5,0.0,0.005,0.0
2026-08-19,KMDW,19,KXHIGHCHI-26AUG19-B76.5,0.0,0.005,0.0
2026-08-19,KMDW,19,KXHIGHCHI-26AUG19-B80.5,0.75,0.885,1.0
2026-08-20,KMDW,15,KXHIGHCHI-26AUG20-B77.5,0.0955,0.215,1.0
2026-08-20,KMDW,15,KXHIGHCHI-26AUG20-T77,0.001,0.005,0.0
2026-08-20,KMDW,15,KXHIGHCHI-26AUG20-T84,0.0075,0.005,0.0
2026-08-20,KMDW,15,KXHIGHCHI-26AUG20-B83.5,0.024,0.015,0.0
2026-08-20,KMDW,15,KXHIGHCHI-26AUG20-B79.5,0.5675,0.655,0.0
2026-08-20,KMDW,15,KXHIGHCHI-26AUG20-B81.5,0.3045,0.13,0.0
2026-08-20,KMDW,17,KXHIGHCHI-26AUG20-B77.5,0.043,0.045,1.0
2026-08-20,KMDW,17,KXHIGHCHI-26AUG20-T77,0.0,0.005,0.0
2026-08-20,KMDW,17,KXHIGHCHI-26AUG20-T84,0.0,0.005,0.0
2026-08-20,KMDW,17,KXHIGHCHI-26AUG20-B83.5,0.0105,0.01,0.0
2026-08-20,KMDW,17,KXHIGHCHI-26AUG20-B79.5,0.5505,0.74,0.0
2026-08-20,KMDW,17,KXHIGHCHI-26AUG20-B81.5,0.396,0.13,0.0
2026-08-20,KMDW,19,KXHIGHCHI-26AUG20-B77.5,0.1315,0.11499999999999999,1.0
2026-08-20,KMDW,19,KXHIGHCHI-26AUG20-T77,0.0,0.005,0.0
2026-08-20,KMDW,19,KXHIGHCHI-26AUG20-T84,0.0,0.005,0.0
2026-08-20,KMDW,19,KXHIGHCHI-26AUG20-B83.5,0.0005,0.005,0.0
2026-08-20,KMDW,19,KXHIGHCHI-26AUG20-B79.5,0.756,0.8,0.0
2026-08-20,KMDW,19,KXHIGHCHI-26AUG20-B81.5,0.112,0.045,0.0
2026-08-21,KMDW,15,KXHIGHCHI-26AUG21-B82.5,0.2225,0.395,0.0
2026-08-21,KMDW,15,KXHIGHCHI-26AUG21-B84.5,0.0075,0.025,0.0
2026-08-21,KMDW,15,KXHIGHCHI-26AUG21-T85,0.0,0.005,0.0
2026-08-21,KMDW,15,KXHIGHCHI-26AUG21-T78,0.152,0.03,0.0
2026-08-21,KMDW,15,KXHIGHCHI-26AUG21-B80.5,0.461,0.435,1.0
2026-08-21,KMDW,15,KXHIGHCHI-26AUG21-B78.5,0.157,0.175,0.0
2026-08-21,KMDW,17,KXHIGHCHI-26AUG21-B82.5,0.0755,0.165,0.0
2026-08-21,KMDW,17,KXHIGHCHI-26AUG21-B84.5,0.0005,0.015,0.0
2026-08-21,KMDW,17,KXHIGHCHI-26AUG21-T85,0.0,0.005,0.0
2026-08-21,KMDW,17,KXHIGHCHI-26AUG21-T78,0.3315,0.060000000000000005,0.0
2026-08-21,KMDW,17,KXHIGHCHI-26AUG21-B80.5,0.377,0.485,1.0
2026-08-21,KMDW,17,KXHIGHCHI-26AUG21-B78.5,0.2155,0.255,0.0
2026-08-21,KMDW,19,KXHIGHCHI-26AUG21-B82.5,0.087,0.03,0.0
2026-08-21,KMDW,19,KXHIGHCHI-26AUG21-B84.5,0.0005,0.005,0.0
2026-08-21,KMDW,19,KXHIGHCHI-26AUG21-T85,0.0,0.005,0.0
2026-08-21,KMDW,19,KXHIGHCHI-26AUG21-T78,0.0,0.255,0.0
2026-08-21,KMDW,19,KXHIGHCHI-26AUG21-B80.5,0.374,0.32,1.0
2026-08-21,KMDW,19,KXHIGHCHI-26AUG21-B78.5,0.5385,0.41000000000000003,0.0
2026-08-22,KMDW,15,KXHIGHCHI-26AUG22-B84.5,0.135,0.025,0.0
2026-08-22,KMDW,15,KXHIGHCHI-26AUG22-B78.5,0.093,0.045,0.0
2026-08-22,KMDW,15,KXHIGHCHI-26AUG22-T85,0.023,0.005,0.0
2026-08-22,KMDW,15,KXHIGHCHI-26AUG22-T78,0.007,0.01,0.0
2026-08-22,KMDW,15,KXHIGHCHI-26AUG22-B80.5,0.3485,0.5549999999999999,0.0
2026-08-22,KMDW,15,KXHIGHCHI-26AUG22-B82.5,0.3935,0.375,1.0
2026-08-22,KMDW,17,KXHIGHCHI-26AUG22-B84.5,0.1465,0.025,0.0
2026-08-22,KMDW,17,KXHIGHCHI-26AUG22-B78.5,0.0,0.035,0.0
2026-08-22,KMDW,17,KXHIGHCHI-26AUG22-T85,0.0155,0.005,0.0
2026-08-22,KMDW,17,KXHIGHCHI-26AUG22-T78,0.0,0.005,0.0
2026-08-22,KMDW,17,KXHIGHCHI-26AUG22-B80.5,0.281,0.31,0.0
2026-08-22,KMDW,17,KXHIGHCHI-26AUG22-B82.5,0.557,0.62,1.0
2026-08-22,KMDW,19,KXHIGHCHI-26AUG22-B84.5,0.2585,0.01,0.0
2026-08-22,KMDW,19,KXHIGHCHI-26AUG22-B78.5,0.0,0.005,0.0
2026-08-22,KMDW,19,KXHIGHCHI-26AUG22-T85,0.0075,0.005,0.0
2026-08-22,KMDW,19,KXHIGHCHI-26AUG22-T78,0.0,0.005,0.0
2026-08-22,KMDW,19,KXHIGHCHI-26AUG22-B80.5,0.0,0.215,0.0
2026-08-22,KMDW,19,KXHIGHCHI-26AUG22-B82.5,0.734,0.77,1.0
2026-08-23,KMDW,15,KXHIGHCHI-26AUG23-B76.5,0.4065,0.325,1.0
2026-08-23,KMDW,15,KXHIGHCHI-26AUG23-T81,0.0155,0.005,0.0
2026-08-23,KMDW,15,KXHIGHCHI-26AUG23-B74.5,0.053,0.015,0.0
2026-08-23,KMDW,15,KXHIGHCHI-26AUG23-B78.5,0.436,0.61,0.0
2026-08-23,KMDW,15,KXHIGHCHI-26AUG23-T74,0.0,0.005,0.0
2026-08-23,KMDW,15,KXHIGHCHI-26AUG23-B80.5,0.089,0.055,0.0
2026-08-23,KMDW,17,KXHIGHCHI-26AUG23-B76.5,0.4775,0.315,1.0
2026-08-23,KMDW,17,KXHIGHCHI-26AUG23-T81,0.0,0.005,0.0
2026-08-23,KMDW,17,KXHIGHCHI-26AUG23-B74.5,0.037,0.015,0.0
2026-08-23,KMDW,17,KXHIGHCHI-26AUG23-B78.5,0.453,0.595,0.0
2026-08-23,KMDW,17,KXHIGHCHI-26AUG23-T74,0.0,0.005,0.0
2026-08-23,KMDW,17,KXHIGHCHI-26AUG23-B80.5,0.0325,0.060000000000000005,0.0
2026-08-23,KMDW,19,KXHIGHCHI-26AUG23-B76.5,0.73,0.43,1.0
2026-08-23,KMDW,19,KXHIGHCHI-26AUG23-T81,0.0,0.005,0.0
2026-08-23,KMDW,19,KXHIGHCHI-26AUG23-B74.5,0.1325,0.005,0.0
2026-08-23,KMDW,19,KXHIGHCHI-26AUG23-B78.5,0.129,0.585,0.0
2026-08-23,KMDW,19,KXHIGHCHI-26AUG23-T74,0.0,0.005,0.0
2026-08-23,KMDW,19,KXHIGHCHI-26AUG23-B80.5,0.0085,0.015,0.0
2026-08-24,KMDW,15,KXHIGHCHI-26AUG24-B75.5,0.034,0.02,0.0
2026-08-24,KMDW,15,KXHIGHCHI-26AUG24-T75,0.001,0.01,0.0
2026-08-24,KMDW,15,KXHIGHCHI-26AUG24-B77.5,0.275,0.45,0.0
2026-08-24,KMDW,15,KXHIGHCHI-26AUG24-B81.5,0.1665,0.045,0.0
2026-08-24,KMDW,15,KXHIGHCHI-26AUG24-T82,0.0185,0.005,0.0
2026-08-24,KMDW,15,KXHIGHCHI-26AUG24-B79.5,0.505,0.47,1.0
2026-08-24,KMDW,17,KXHIGHCHI-26AUG24-B75.5,0.003,0.03,0.0
2026-08-24,KMDW,17,KXHIGHCHI-26AUG24-T75,0.0,0.005,0.0
2026-08-24,KMDW,17,KXHIGHCHI-26AUG24-B77.5,0.2335,0.515,0.0
2026-08-24,KMDW,17,KXHIGHCHI-26AUG24-B81.5,0.1625,0.045,0.0
2026-08-24,KMDW,17,KXHIGHCHI-26AUG24-T82,0.0165,0.005,0.0
2026-08-24,KMDW,17,KXHIGHCHI-26AUG24-B79.5,0.5845,0.455,1.0
2026-08-24,KMDW,19,KXHIGHCHI-26AUG24-B75.5,0.0,0.005,0.0
2026-08-24,KMDW,19,KXHIGHCHI-26AUG24-T75,0.0,0.005,0.0
2026-08-24,KMDW,19,KXHIGHCHI-26AUG24-B77.5,0.1885,0.45,0.0
2026-08-24,KMDW,19,KXHIGHCHI-26AUG24-B81.5,0.0775,0.03,0.0
2026-08-24,KMDW,19,KXHIGHCHI-26AUG24-T82,0.0015,0.005,0.0
2026-08-24,KMDW,19,KXHIGHCHI-26AUG24-B79.5,0.7325,0.525,1.0
2026-07-01,KAUS,15,KXHIGHAUS-26JUL01-B95.5,0.567,0.64,1.0
2026-07-01,KAUS,15,KXHIGHAUS-26JUL01-T93,0.005,0.025,0.0
2026-07-01,KAUS,15,KXHIGHAUS-26JUL01-B97.5,0.263,0.295,0.0
2026-07-01,KAUS,15,KXHIGHAUS-26JUL01-B99.5,0.051,0.015,0.0
2026-07-01,KAUS,15,KXHIGHAUS-26JUL01-B93.5,0.109,0.08499999999999999,0.0
2026-07-01,KAUS,17,KXHIGHAUS-26JUL01-B95.5,0.5565,0.595,1.0
2026-07-01,KAUS,17,KXHIGHAUS-26JUL01-T93,0.001,0.015,0.0
2026-07-01,KAUS,17,KXHIGHAUS-26JUL01-B97.5,0.31,0.325,0.0
2026-07-01,KAUS,17,KXHIGHAUS-26JUL01-B99.5,0.0095,0.025,0.0
2026-07-01,KAUS,17,KXHIGHAUS-26JUL01-B93.5,0.117,0.08499999999999999,0.0
2026-07-01,KAUS,19,KXHIGHAUS-26JUL01-T100,0.0,0.005,0.0
2026-07-01,KAUS,19,KXHIGHAUS-26JUL01-B95.5,0.5385,0.64,1.0
2026-07-01,KAUS,19,KXHIGHAUS-26JUL01-T93,0.0,0.005,0.0
2026-07-01,KAUS,19,KXHIGHAUS-26JUL01-B97.5,0.3545,0.36,0.0
2026-07-01,KAUS,19,KXHIGHAUS-26JUL01-B99.5,0.0365,0.02,0.0
2026-07-01,KAUS,19,KXHIGHAUS-26JUL01-B93.5,0.0705,0.045,0.0
2026-07-02,KAUS,15,KXHIGHAUS-26JUL02-T100,0.0,0.005,0.0
2026-07-02,KAUS,15,KXHIGHAUS-26JUL02-B95.5,0.6185,0.63,1.0
2026-07-02,KAUS,15,KXHIGHAUS-26JUL02-T93,0.03,0.005,0.0
2026-07-02,KAUS,15,KXHIGHAUS-26JUL02-B97.5,0.186,0.355,0.0
2026-07-02,KAUS,15,KXHIGHAUS-26JUL02-B93.5,0.159,0.065,0.0
2026-07-02,KAUS,15,KXHIGHAUS-26JUL02-B99.5,0.0065,0.005,0.0
2026-07-02,KAUS,17,KXHIGHAUS-26JUL02-B95.5,0.5235,0.585,1.0
2026-07-02,KAUS,17,KXHIGHAUS-26JUL02-T93,0.069,0.005,0.0
2026-07-02,KAUS,17,KXHIGHAUS-26JUL02-B97.5,0.15,0.345,0.0
2026-07-02,KAUS,17,KXHIGHAUS-26JUL02-B93.5,0.252,0.07,0.0
2026-07-02,KAUS,17,KXHIGHAUS-26JUL02-B99.5,0.0055,0.025,0.0
2026-07-02,KAUS,19,KXHIGHAUS-26JUL02-T100,0.0,0.005,0.0
2026-07-02,KAUS,19,KXHIGHAUS-26JUL02-B95.5,0.68,0.69,1.0
2026-07-02,KAUS,19,KXHIGHAUS-26JUL02-T93,0.0,0.005,0.0
2026-07-02,KAUS,19,KXHIGHAUS-26JUL02-B97.5,0.1995,0.255,0.0
2026-07-02,KAUS,19,KXHIGHAUS-26JUL02-B93.5,0.0965,0.065,0.0
2026-07-02,KAUS,19,KXHIGHAUS-26JUL02-B99.5,0.024,0.025,0.0
2026-07-03,KAUS,15,KXHIGHAUS-26JUL03-B94.5,0.2045,0.105,0.0
2026-07-03,KAUS,15,KXHIGHAUS-26JUL03-B96.5,0.5725,0.685,0.0
2026-07-03,KAUS,15,KXHIGHAUS-26JUL03-T101,0.0,0.005,0.0
2026-07-03,KAUS,15,KXHIGHAUS-26JUL03-T94,0.0665,0.01,0.0
2026-07-03,KAUS,15,KXHIGHAUS-26JUL03-B100.5,0.0055,0.005,0.0
2026-07-03,KAUS,15,KXHIGHAUS-26JUL03-B98.5,0.151,0.225,1.0
2026-07-03,KAUS,17,KXHIGHAUS-26JUL03-B94.5,0.1415,0.08499999999999999,0.0
2026-07-03,KAUS,17,KXHIGHAUS-26JUL03-B96.5,0.6195,0.725,0.0
2026-07-03,KAUS,17,KXHIGHAUS-26JUL03-T94,0.013,0.005,0.0
2026-07-03,KAUS,17,KXHIGHAUS-26JUL03-B100.5,0.007,0.005,0.0
2026-07-03,KAUS,17,KXHIGHAUS-26JUL03-B98.5,0.219,0.195,1.0
2026-07-03,KAUS,19,KXHIGHAUS-26JUL03-B94.5,0.1105,0.115,0.0
2026-07-03,KAUS,19,KXHIGHAUS-26JUL03-B96.5,0.6815,0.79,0.0
2026-07-03,KAUS,19,KXHIGHAUS-26JUL03-T101,0.0,0.005,0.0
2026-07-03,KAUS,19,KXHIGHAUS-26JUL03-T94,0.0,0.005,0.0
2026-07-03,KAUS,19,KXHIGHAUS-26JUL03-B100.5,0.0295,0.005,0.0
2026-07-03,KAUS,19,KXHIGHAUS-26JUL03-B98.5,0.1785,0.135,1.0
2026-07-04,KAUS,15,KXHIGHAUS-26JUL04-T95,0.058,0.035,0.0
2026-07-04,KAUS,15,KXHIGHAUS-26JUL04-T102,0.0,0.005,0.0
2026-07-04,KAUS,15,KXHIGHAUS-26JUL04-B99.5,0.1185,0.085,0.0
2026-07-04,KAUS,15,KXHIGHAUS-26JUL04-B101.5,0.002,0.005,0.0
2026-07-04,KAUS,15,KXHIGHAUS-26JUL04-B95.5,0.25,0.32999999999999996,0.0
2026-07-04,KAUS,15,KXHIGHAUS-26JUL04-B97.5,0.5715,0.605,1.0
2026-07-04,KAUS,17,KXHIGHAUS-26JUL04-T95,0.0165,0.035,0.0
2026-07-04,KAUS,17,KXHIGHAUS-26JUL04-T102,0.0,0.005,0.0
2026-07-04,KAUS,17,KXHIGHAUS-26JUL04-B99.5,0.175,0.13,0.0
2026-07-04,KAUS,17,KXHIGHAUS-26JUL04-B101.5,0.005,0.005,0.0
2026-07-04,KAUS,17,KXHIGHAUS-26JUL04-B95.5,0.1975,0.275,0.0
2026-07-04,KAUS,17,KXHIGHAUS-26JUL04-B97.5,0.606,0.62,1.0
2026-07-04,KAUS,19,KXHIGHAUS-26JUL04-T95,0.0215,0.005,0.0
2026-07-04,KAUS,19,KXHIGHAUS-26JUL04-T102,0.0,0.005,0.0
2026-07-04,KAUS,19,KXHIGHAUS-26JUL04-B99.5,0.094,0.41500000000000004,0.0
2026-07-04,KAUS,19,KXHIGHAUS-26JUL04-B101.5,0.0005,0.005,0.0
2026-07-04,KAUS,19,KXHIGHAUS-26JUL04-B95.5,0.4685,0.075,0.0
2026-07-04,KAUS,19,KXHIGHAUS-26JUL04-B97.5,0.4155,0.52,1.0
2026-07-05,KAUS,15,KXHIGHAUS-26JUL05-T94,0.0145,0.005,0.0
2026-07-05,KAUS,15,KXHIGHAUS-26JUL05-T101,0.005,0.005,0.0
2026-07-05,KAUS,15,KXHIGHAUS-26JUL05-B98.5,0.244,0.52,0.0
2026-07-05,KAUS,15,KXHIGHAUS-26JUL05-B94.5,0.1135,0.045,0.0
2026-07-05,KAUS,15,KXHIGHAUS-26JUL05-B96.5,0.6165,0.435,1.0
2026-07-05,KAUS,15,KXHIGHAUS-26JUL05-B100.5,0.0065,0.03,0.0
2026-07-05,KAUS,17,KXHIGHAUS-26JUL05-T94,0.0115,0.005,0.0
2026-07-05,KAUS,17,KXHIGHAUS-26JUL05-B98.5,0.266,0.475,0.0
2026-07-05,KAUS,17,KXHIGHAUS-26JUL05-B94.5,0.1215,0.065,0.0
2026-07-05,KAUS,17,KXHIGHAUS-26JUL05-B96.5,0.5955,0.445,1.0
2026-07-05,KAUS,17,KXHIGHAUS-26JUL05-B100.5,0.0055,0.015,0.0
2026-07-05,KAUS,19,KXHIGHAUS-26JUL05-T94,0.0,0.005,0.0
2026-07-05,KAUS,19,KXHIGHAUS-26JUL05-T101,0.0,0.005,0.0
2026-07-05,KAUS,19,KXHIGHAUS-26JUL05-B98.5,0.221,0.32,0.0
2026-07-05,KAUS,19,KXHIGHAUS-26JUL05-B94.5,0.0795,0.035,0.0
2026-07-05,KAUS,19,KXHIGHAUS-26JUL05-B96.5,0.668,0.65,1.0
2026-07-05,KAUS,19,KXHIGHAUS-26JUL05-B100.5,0.0315,0.025,0.0
2026-07-06,KAUS,15,KXHIGHAUS-26JUL06-T101,0.0035,0.005,0.0
2026-07-06,KAUS,15,KXHIGHAUS-26JUL06-T94,0.017,0.015,0.0
2026-07-06,KAUS,15,KXHIGHAUS-26JUL06-B100.5,0.012,0.015,0.0
2026-07-06,KAUS,15,KXHIGHAUS-26JUL06-B98.5,0.2495,0.355,1.0
2026-07-06,KAUS,15,KXHIGHAUS-26JUL06-B96.5,0.6135,0.585,0.0
2026-07-06,KAUS,15,KXHIGHAUS-26JUL06-B94.5,0.1045,0.08499999999999999,0.0
2026-07-06,KAUS,17,KXHIGHAUS-26JUL06-T101,0.0,0.005,0.0
2026-07-06,KAUS,17,KXHIGHAUS-26JUL06-T94,0.0145,0.025,0.0
2026-07-06,KAUS,17,KXHIGHAUS-26JUL06-B100.5,0.0045,0.015,0.0
2026-07-06,KAUS,17,KXHIGHAUS-26JUL06-B98.5,0.257,0.3,1.0
2026-07-06,KAUS,17,KXHIGHAUS-26JUL06-B96.5,0.5955,0.635,0.0
2026-07-06,KAUS,17,KXHIGHAUS-26JUL06-B94.5,0.1285,0.065,0.0
2026-07-06,KAUS,19,KXHIGHAUS-26JUL06-T101,0.0,0.005,0.0
2026-07-06,KAUS,19,KXHIGHAUS-26JUL06-T94,0.0,0.005,0.0
2026-07-06,KAUS,19,KXHIGHAUS-26JUL06-B100.5,0.003,0.015,0.0
2026-07-06,KAUS,19,KXHIGHAUS-26JUL06-B98.5,0.175,0.185,1.0
2026-07-06,KAUS,19,KXHIGHAUS-26JUL06-B96.5,0.589,0.725,0.0
2026-07-06,KAUS,19,KXHIGHAUS-26JUL06-B94.5,0.233,0.095,0.0
2026-07-07,KAUS,15,KXHIGHAUS-26JUL07-B96.5,0.6005,0.525,0.0
2026-07-07,KAUS,15,KXHIGHAUS-26JUL07-B98.5,0.1755,0.425,1.0
2026-07-07,KAUS,15,KXHIGHAUS-26JUL07-T94,0.021,0.015,0.0
2026-07-07,KAUS,15,KXHIGHAUS-26JUL07-B94.5,0.1925,0.045,0.0
2026-07-07,KAUS,15,KXHIGHAUS-26JUL07-T101,0.003,0.005,0.0
2026-07-07,KAUS,15,KXHIGHAUS-26JUL07-B100.5,0.0075,0.025,0.0
2026-07-07,KAUS,17,KXHIGHAUS-26JUL07-B96.5,0.5865,0.525,0.0
2026-07-07,KAUS,17,KXHIGHAUS-26JUL07-B98.5,0.1215,0.38,1.0
2026-07-07,KAUS,17,KXHIGHAUS-26JUL07-T94,0.037,0.005,0.0
2026-07-07,KAUS,17,KXHIGHAUS-26JUL07-B94.5,0.2485,0.075,0.0
2026-07-07,KAUS,17,KXHIGHAUS-26JUL07-T101,0.0,0.005,0.0
2026-07-07,KAUS,17,KXHIGHAUS-26JUL07-B100.5,0.0065,0.025,0.0
2026-07-07,KAUS,19,KXHIGHAUS-26JUL07-B96.5,0.674,0.685,0.0
2026-07-07,KAUS,19,KXHIGHAUS-26JUL07-B98.5,0.182,0.22999999999999998,1.0
2026-07-07,KAUS,19,KXHIGHAUS-26JUL07-T94,0.0,0.005,0.0
2026-07-07,KAUS,19,KXHIGHAUS-26JUL07-B94.5,0.1265,0.065,0.0
2026-07-07,KAUS,19,KXHIGHAUS-26JUL07-T101,0.0,0.005,0.0
2026-07-07,KAUS,19,KXHIGHAUS-26JUL07-B100.5,0.0175,0.015,0.0
2026-07-08,KAUS,15,KXHIGHAUS-26JUL08-B95.5,0.054,0.045,0.0
2026-07-08,KAUS,15,KXHIGHAUS-26JUL08-B101.5,0.049,0.055,0.0
2026-07-08,KAUS,15,KXHIGHAUS-26JUL08-T102,0.007,0.005,0.0
2026-07-08,KAUS,15,KXHIGHAUS-26JUL08-T95,0.0115,0.005,0.0
2026-07-08,KAUS,15,KXHIGHAUS-26JUL08-B99.5,0.4705,0.46499999999999997,1.0
2026-07-08,KAUS,15,KXHIGHAUS-26JUL08-B97.5,0.408,0.485,0.0
2026-07-08,KAUS,17,KXHIGHAUS-26JUL08-B95.5,0.061,0.015,0.0
2026-07-08,KAUS,17,KXHIGHAUS-26JUL08-B101.5,0.031,0.045,0.0
2026-07-08,KAUS,17,KXHIGHAUS-26JUL08-T102,0.001,0.005,0.0
2026-07-08,KAUS,17,KXHIGHAUS-26JUL08-T95,0.013,0.005,0.0
2026-07-08,KAUS,17,KXHIGHAUS-26JUL08-B99.5,0.446,0.545,1.0
2026-07-08,KAUS,17,KXHIGHAUS-26JUL08-B97.5,0.448,0.435,0.0
2026-07-08,KAUS,19,KXHIGHAUS-26JUL08-B95.5,0.0165,0.015,0.0
2026-07-08,KAUS,19,KXHIGHAUS-26JUL08-B101.5,0.08,0.02,0.0
2026-07-08,KAUS,19,KXHIGHAUS-26JUL08-T102,0.001,0.005,0.0
2026-07-08,KAUS,19,KXHIGHAUS-26JUL08-T95,0.0,0.005,0.0
2026-07-08,KAUS,19,KXHIGHAUS-26JUL08-B99.5,0.5275,0.54,1.0
2026-07-08,KAUS,19,KXHIGHAUS-26JUL08-B97.5,0.375,0.46499999999999997,0.0
2026-07-09,KAUS,15,KXHIGHAUS-26JUL09-T94,0.0085,0.005,0.0
2026-07-09,KAUS,15,KXHIGHAUS-26JUL09-B98.5,0.5855,0.675,1.0
2026-07-09,KAUS,15,KXHIGHAUS-26JUL09-T101,0.005,0.015,0.0
2026-07-09,KAUS,15,KXHIGHAUS-26JUL09-B96.5,0.2955,0.175,0.0
2026-07-09,KAUS,15,KXHIGHAUS-26JUL09-B100.5,0.081,0.11499999999999999,0.0
2026-07-09,KAUS,15,KXHIGHAUS-26JUL09-B94.5,0.0245,0.015,0.0
2026-07-09,KAUS,17,KXHIGHAUS-26JUL09-T94,0.0,0.005,0.0
2026-07-09,KAUS,17,KXHIGHAUS-26JUL09-B98.5,0.5735,0.74,1.0
2026-07-09,KAUS,17,KXHIGHAUS-26JUL09-T101,0.0055,0.015,0.0
2026-07-09,KAUS,17,KXHIGHAUS-26JUL09-B96.5,0.3255,0.16,0.0
2026-07-09,KAUS,17,KXHIGHAUS-26JUL09-B100.5,0.0605,0.145,0.0
2026-07-09,KAUS,17,KXHIGHAUS-26JUL09-B94.5,0.035,0.005,0.0
2026-07-09,KAUS,19,KXHIGHAUS-26JUL09-T94,0.0,0.005,0.0
2026-07-09,KAUS,19,KXHIGHAUS-26JUL09-B98.5,0.5515,0.78,1.0
2026-07-09,KAUS,19,KXHIGHAUS-26JUL09-T101,0.0,0.005,0.0
2026-07-09,KAUS,19,KXHIGHAUS-26JUL09-B96.5,0.351,0.095,0.0
2026-07-09,KAUS,19,KXHIGHAUS-26JUL09-B100.5,0.0975,0.14500000000000002,0.0
2026-07-09,KAUS,19,KXHIGHAUS-26JUL09-B94.5,0.0,0.005,0.0
2026-07-10,KAUS,15,KXHIGHAUS-26JUL10-T100,0.0055,0.005,0.0
2026-07-10,KAUS,15,KXHIGHAUS-26JUL10-B95.5,0.535,0.395,1.0
2026-07-10,KAUS,15,KXHIGHAUS-26JUL10-B93.5,0.2595,0.505,0.0
2026-07-10,KAUS,15,KXHIGHAUS-26JUL10-B97.5,0.1645,0.060000000000000005,0.0
2026-07-10,KAUS,15,KXHIGHAUS-26JUL10-T93,0.016,0.07,0.0
2026-07-10,KAUS,15,KXHIGHAUS-26JUL10-B99.5,0.0195,0.015,0.0
2026-07-10,KAUS,17,KXHIGHAUS-26JUL10-B95.5,0.5285,0.245,1.0
2026-07-10,KAUS,17,KXHIGHAUS-26JUL10-B93.5,0.2435,0.525,0.0
2026-07-10,KAUS,17,KXHIGHAUS-26JUL10-B97.5,0.1995,0.060000000000000005,0.0
2026-07-10,KAUS,17,KXHIGHAUS-26JUL10-T93,0.005,0.07500000000000001,0.0
2026-07-10,KAUS,19,KXHIGHAUS-26JUL10-T100,0.0,0.005,0.0
2026-07-10,KAUS,19,KXHIGHAUS-26JUL10-B95.5,0.653,0.895,1.0
2026-07-10,KAUS,19,KXHIGHAUS-26JUL10-B93.5,0.198,0.005,0.0
2026-07-10,KAUS,19,KXHIGHAUS-26JUL10-B97.5,0.1295,0.08499999999999999,0.0
2026-07-10,KAUS,19,KXHIGHAUS-26JUL10-T93,0.0,0.005,0.0
2026-07-10,KAUS,19,KXHIGHAUS-26JUL10-B99.5,0.0195,0.005,0.0
2026-07-11,KAUS,15,KXHIGHAUS-26JUL11-T98,0.0145,0.005,0.0
2026-07-11,KAUS,15,KXHIGHAUS-26JUL11-B95.5,0.126,0.10500000000000001,0.0
2026-07-11,KAUS,15,KXHIGHAUS-26JUL11-B97.5,0.0755,0.035,0.0
2026-07-11,KAUS,15,KXHIGHAUS-26JUL11-B91.5,0.0565,0.525,0.0
2026-07-11,KAUS,15,KXHIGHAUS-26JUL11-T91,0.6655,0.165,1.0
2026-07-11,KAUS,15,KXHIGHAUS-26JUL11-B93.5,0.062,0.22,0.0
2026-07-11,KAUS,17,KXHIGHAUS-26JUL11-T98,0.0065,0.005,0.0
2026-07-11,KAUS,17,KXHIGHAUS-26JUL11-B95.5,0.196,0.025,0.0
2026-07-11,KAUS,17,KXHIGHAUS-26JUL11-B97.5,0.02,0.005,0.0
2026-07-11,KAUS,17,KXHIGHAUS-26JUL11-B91.5,0.073,0.55,0.0
2026-07-11,KAUS,17,KXHIGHAUS-26JUL11-T91,0.5315,0.30000000000000004,1.0
2026-07-11,KAUS,17,KXHIGHAUS-26JUL11-B93.5,0.173,0.135,0.0
2026-07-11,KAUS,19,KXHIGHAUS-26JUL11-T98,0.0,0.005,0.0
2026-07-11,KAUS,19,KXHIGHAUS-26JUL11-B95.5,0.0255,0.005,0.0
2026-07-11,KAUS,19,KXHIGHAUS-26JUL11-B97.5,0.0,0.005,0.0
2026-07-11,KAUS,19,KXHIGHAUS-26JUL11-B91.5,0.4325,0.26,0.0
2026-07-11,KAUS,19,KXHIGHAUS-26JUL11-T91,0.4165,0.745,1.0
2026-07-11,KAUS,19,KXHIGHAUS-26JUL11-B93.5,0.1255,0.005,0.0
2026-07-12,KAUS,15,KXHIGHAUS-26JUL12-B92.5,0.4385,0.395,0.0
2026-07-12,KAUS,15,KXHIGHAUS-26JUL12-T90,0.0145,0.015,0.0
2026-07-12,KAUS,15,KXHIGHAUS-26JUL12-B96.5,0.04,0.15000000000000002,1.0
2026-07-12,KAUS,15,KXHIGHAUS-26JUL12-B94.5,0.468,0.45999999999999996,0.0
2026-07-12,KAUS,15,KXHIGHAUS-26JUL12-B90.5,0.0365,0.025,0.0
2026-07-12,KAUS,15,KXHIGHAUS-26JUL12-T97,0.0025,0.015,0.0
2026-07-12,KAUS,17,KXHIGHAUS-26JUL12-B92.5,0.473,0.44,0.0
2026-07-12,KAUS,17,KXHIGHAUS-26JUL12-T90,0.0185,0.015,0.0
2026-07-12,KAUS,17,KXHIGHAUS-26JUL12-B96.5,0.018,0.1,1.0
2026-07-12,KAUS,17,KXHIGHAUS-26JUL12-B94.5,0.434,0.435,0.0
2026-07-12,KAUS,17,KXHIGHAUS-26JUL12-B90.5,0.0565,0.045,0.0
2026-07-12,KAUS,17,KXHIGHAUS-26JUL12-T97,0.0,0.015,0.0
2026-07-12,KAUS,19,KXHIGHAUS-26JUL12-B92.5,0.3095,0.45499999999999996,0.0
2026-07-12,KAUS,19,KXHIGHAUS-26JUL12-T90,0.0,0.005,0.0
2026-07-12,KAUS,19,KXHIGHAUS-26JUL12-B96.5,0.0965,0.055,1.0
2026-07-12,KAUS,19,KXHIGHAUS-26JUL12-B94.5,0.5745,0.5349999999999999,0.0
2026-07-12,KAUS,19,KXHIGHAUS-26JUL12-B90.5,0.0,0.005,0.0
2026-07-12,KAUS,19,KXHIGHAUS-26JUL12-T97,0.0195,0.005,0.0
2026-07-13,KAUS,15,KXHIGHAUS-26JUL13-T89,0.0155,0.02,0.0
2026-07-13,KAUS,15,KXHIGHAUS-26JUL13-B93.5,0.5005,0.35,1.0
2026-07-13,KAUS,15,KXHIGHAUS-26JUL13-B91.5,0.2,0.375,0.0
2026-07-13,KAUS,15,KXHIGHAUS-26JUL13-B95.5,0.2465,0.13,0.0
2026-07-13,KAUS,15,KXHIGHAUS-26JUL13-T96,0.015,0.025,0.0
2026-07-13,KAUS,15,KXHIGHAUS-26JUL13-B89.5,0.0225,0.085,0.0
2026-07-13,KAUS,17,KXHIGHAUS-26JUL13-T89,0.0025,0.025,0.0
2026-07-13,KAUS,17,KXHIGHAUS-26JUL13-B93.5,0.526,0.315,1.0
2026-07-13,KAUS,17,KXHIGHAUS-26JUL13-B91.5,0.257,0.455,0.0
2026-07-13,KAUS,17,KXHIGHAUS-26JUL13-B95.5,0.1705,0.105,0.0
2026-07-13,KAUS,17,KXHIGHAUS-26JUL13-T96,0.013,0.02,0.0
2026-07-13,KAUS,17,KXHIGHAUS-26JUL13-B89.5,0.031,0.11499999999999999,0.0
2026-07-13,KAUS,19,KXHIGHAUS-26JUL13-T89,0.0,0.005,0.0
2026-07-13,KAUS,19,KXHIGHAUS-26JUL13-B93.5,0.6225,0.44,1.0
2026-07-13,KAUS,19,KXHIGHAUS-26JUL13-B91.5,0.0885,0.475,0.0
2026-07-13,KAUS,19,KXHIGHAUS-26JUL13-B95.5,0.252,0.085,0.0
2026-07-13,KAUS,19,KXHIGHAUS-26JUL13-T96,0.037,0.015,0.0
2026-07-13,KAUS,19,KXHIGHAUS-26JUL13-B89.5,0.0,0.06,0.0
2026-07-14,KAUS,15,KXHIGHAUS-26JUL14-B91.5,0.0015,0.005,0.0
2026-07-14,KAUS,15,KXHIGHAUS-26JUL14-B89.5,0.008,0.015,0.0
2026-07-14,KAUS,15,KXHIGHAUS-26JUL14-T92,0.0,0.005,0.0
2026-07-14,KAUS,15,KXHIGHAUS-26JUL14-B87.5,0.0445,0.035,0.0
2026-07-14,KAUS,15,KXHIGHAUS-26JUL14-T85,0.8655,0.84,1.0
2026-07-14,KAUS,15,KXHIGHAUS-26JUL14-B85.5,0.0805,0.11,0.0
2026-07-14,KAUS,17,KXHIGHAUS-26JUL14-B91.5,0.0,0.005,0.0
2026-07-14,KAUS,17,KXHIGHAUS-26JUL14-B89.5,0.0,0.005,0.0
2026-07-14,KAUS,17,KXHIGHAUS-26JUL14-T92,0.0,0.005,0.0
2026-07-14,KAUS,17,KXHIGHAUS-26JUL14-B87.5,0.006,0.025,0.0
2026-07-14,KAUS,17,KXHIGHAUS-26JUL14-T85,0.9625,0.815,1.0
2026-07-14,KAUS,17,KXHIGHAUS-26JUL14-B85.5,0.0315,0.16999999999999998,0.0
2026-07-14,KAUS,19,KXHIGHAUS-26JUL14-B91.5,0.0,0.005,0.0
2026-07-14,KAUS,19,KXHIGHAUS-26JUL14-B89.5,0.0,0.005,0.0
2026-07-14,KAUS,19,KXHIGHAUS-26JUL14-T92,0.0,0.005,0.0
2026-07-14,KAUS,19,KXHIGHAUS-26JUL14-B87.5,0.0,0.02,0.0
2026-07-14,KAUS,19,KXHIGHAUS-26JUL14-T85,0.9925,0.87,1.0
2026-07-14,KAUS,19,KXHIGHAUS-26JUL14-B85.5,0.0075,0.06,0.0
2026-07-15,KAUS,15,KXHIGHAUS-26JUL15-T89,0.006,0.005,0.0
2026-07-15,KAUS,15,KXHIGHAUS-26JUL15-B88.5,0.0085,0.005,0.0
2026-07-15,KAUS,15,KXHIGHAUS-26JUL15-B82.5,0.245,0.155,0.0
2026-07-15,KAUS,15,KXHIGHAUS-26JUL15-B86.5,0.0595,0.015,0.0
2026-07-15,KAUS,15,KXHIGHAUS-26JUL15-T82,0.5765,0.73,1.0
2026-07-15,KAUS,15,KXHIGHAUS-26JUL15-B84.5,0.1045,0.035,0.0
2026-07-15,KAUS,17,KXHIGHAUS-26JUL15-T89,0.0,0.005,0.0
2026-07-15,KAUS,17,KXHIGHAUS-26JUL15-B88.5,0.0,0.005,0.0
2026-07-15,KAUS,17,KXHIGHAUS-26JUL15-B82.5,0.2865,0.18,0.0
2026-07-15,KAUS,17,KXHIGHAUS-26JUL15-B86.5,0.0,0.015,0.0
2026-07-15,KAUS,17,KXHIGHAUS-26JUL15-T82,0.695,0.8,1.0
2026-07-15,KAUS,17,KXHIGHAUS-26JUL15-B84.5,0.0185,0.045000000000000005,0.0
2026-07-15,KAUS,19,KXHIGHAUS-26JUL15-T89,0.0,0.005,0.0
2026-07-15,KAUS,19,KXHIGHAUS-26JUL15-B88.5,0.0,0.005,0.0
2026-07-15,KAUS,19,KXHIGHAUS-26JUL15-B82.5,0.125,0.15000000000000002,0.0
2026-07-15,KAUS,19,KXHIGHAUS-26JUL15-B86.5,0.0,0.005,0.0
2026-07-15,KAUS,19,KXHIGHAUS-26JUL15-T82,0.863,0.835,1.0
2026-07-15,KAUS,19,KXHIGHAUS-26JUL15-B84.5,0.012,0.035,0.0
2026-07-16,KAUS,15,KXHIGHAUS-26JUL16-B84.5,0.0125,0.155,0.0
2026-07-16,KAUS,15,KXHIGHAUS-26JUL16-T91,0.015,0.055,0.0
2026-07-16,KAUS,15,KXHIGHAUS-26JUL16-B88.5,0.559,0.375,0.0
2026-07-16,KAUS,15,KXHIGHAUS-26JUL16-B86.5,0.129,0.235,0.0
2026-07-16,KAUS,15,KXHIGHAUS-26JUL16-T84,0.0095,0.03,0.0
2026-07-16,KAUS,15,KXHIGHAUS-26JUL16-B90.5,0.275,0.215,1.0
2026-07-16,KAUS,17,KXHIGHAUS-26JUL16-B84.5,0.0165,0.1,0.0
2026-07-16,KAUS,17,KXHIGHAUS-26JUL16-T91,0.012,0.035,0.0
2026-07-16,KAUS,17,KXHIGHAUS-26JUL16-B88.5,0.5935,0.405,0.0
2026-07-16,KAUS,17,KXHIGHAUS-26JUL16-B86.5,0.133,0.315,0.0
2026-07-16,KAUS,17,KXHIGHAUS-26JUL16-T84,0.0,0.02,0.0
2026-07-16,KAUS,17,KXHIGHAUS-26JUL16-B90.5,0.245,0.185,1.0
2026-07-16,KAUS,19,KXHIGHAUS-26JUL16-B84.5,0.0,0.005,0.0
2026-07-16,KAUS,19,KXHIGHAUS-26JUL16-T91,0.118,0.28500000000000003,0.0
2026-07-16,KAUS,19,KXHIGHAUS-26JUL16-B88.5,0.419,0.255,0.0
2026-07-16,KAUS,19,KXHIGHAUS-26JUL16-B86.5,0.0,0.005,0.0
2026-07-16,KAUS,19,KXHIGHAUS-26JUL16-T84,0.0,0.005,0.0
2026-07-16,KAUS,19,KXHIGHAUS-26JUL16-B90.5,0.463,0.425,1.0
2026-07-17,KAUS,15,KXHIGHAUS-26JUL17-B90.5,0.0235,0.14,0.0
2026-07-17,KAUS,15,KXHIGHAUS-26JUL17-T95,0.1465,0.09,0.0
2026-07-17,KAUS,15,KXHIGHAUS-26JUL17-T88,0.0,0.005,0.0
2026-07-17,KAUS,15,KXHIGHAUS-26JUL17-B92.5,0.257,0.44,0.0
2026-07-17,KAUS,15,KXHIGHAUS-26JUL17-B94.5,0.5725,0.33999999999999997,1.0
2026-07-17,KAUS,15,KXHIGHAUS-26JUL17-B88.5,0.0005,0.025,0.0
2026-07-17,KAUS,17,KXHIGHAUS-26JUL17-B90.5,0.034,0.08499999999999999,0.0
2026-07-17,KAUS,17,KXHIGHAUS-26JUL17-T95,0.073,0.125,0.0
2026-07-17,KAUS,17,KXHIGHAUS-26JUL17-T88,0.0,0.005,0.0
2026-07-17,KAUS,17,KXHIGHAUS-26JUL17-B92.5,0.3265,0.4,0.0
2026-07-17,KAUS,17,KXHIGHAUS-26JUL17-B94.5,0.5625,0.42000000000000004,1.0
2026-07-17,KAUS,17,KXHIGHAUS-26JUL17-B88.5,0.004,0.015,0.0
2026-07-17,KAUS,19,KXHIGHAUS-26JUL17-B90.5,0.0,0.05,0.0
2026-07-17,KAUS,19,KXHIGHAUS-26JUL17-T95,0.0885,0.14,0.0
2026-07-17,KAUS,19,KXHIGHAUS-26JUL17-T88,0.0,0.005,0.0
2026-07-17,KAUS,19,KXHIGHAUS-26JUL17-B92.5,0.3835,0.395,0.0
2026-07-17,KAUS,19,KXHIGHAUS-26JUL17-B94.5,0.528,0.47,1.0
2026-07-17,KAUS,19,KXHIGHAUS-26JUL17-B88.5,0.0,0.005,0.0
2026-07-18,KAUS,15,KXHIGHAUS-26JUL18-T97,0.024,0.1,0.0
2026-07-18,KAUS,15,KXHIGHAUS-26JUL18-B90.5,0.0115,0.035,0.0
2026-07-18,KAUS,15,KXHIGHAUS-26JUL18-T90,0.015,0.005,0.0
2026-07-18,KAUS,15,KXHIGHAUS-26JUL18-B94.5,0.477,0.29000000000000004,1.0
2026-07-18,KAUS,15,KXHIGHAUS-26JUL18-B96.5,0.3965,0.405,0.0
2026-07-18,KAUS,15,KXHIGHAUS-26JUL18-B92.5,0.076,0.175,0.0
2026-07-18,KAUS,17,KXHIGHAUS-26JUL18-T97,0.048,0.055,0.0
2026-07-18,KAUS,17,KXHIGHAUS-26JUL18-B90.5,0.007,0.03,0.0
2026-07-18,KAUS,17,KXHIGHAUS-26JUL18-T90,0.0,0.005,0.0
2026-07-18,KAUS,17,KXHIGHAUS-26JUL18-B94.5,0.4555,0.305,1.0
2026-07-18,KAUS,17,KXHIGHAUS-26JUL18-B96.5,0.4405,0.49,0.0
2026-07-18,KAUS,17,KXHIGHAUS-26JUL18-B92.5,0.049,0.125,0.0
2026-07-18,KAUS,19,KXHIGHAUS-26JUL18-T97,0.032,0.055,0.0
2026-07-18,KAUS,19,KXHIGHAUS-26JUL18-B90.5,0.0,0.005,0.0
2026-07-18,KAUS,19,KXHIGHAUS-26JUL18-T90,0.0,0.005,0.0
2026-07-18,KAUS,19,KXHIGHAUS-26JUL18-B94.5,0.567,0.18,1.0
2026-07-18,KAUS,19,KXHIGHAUS-26JUL18-B96.5,0.357,0.705,0.0
2026-07-18,KAUS,19,KXHIGHAUS-26JUL18-B92.5,0.044,0.045,0.0
2026-07-19,KAUS,15,KXHIGHAUS-26JUL19-B99.5,0.0055,0.025,0.0
2026-07-19,KAUS,15,KXHIGHAUS-26JUL19-T93,0.063,0.025,0.0
2026-07-19,KAUS,15,KXHIGHAUS-26JUL19-B95.5,0.5895,0.625,1.0
2026-07-19,KAUS,15,KXHIGHAUS-26JUL19-B97.5,0.155,0.135,0.0
2026-07-19,KAUS,15,KXHIGHAUS-26JUL19-B93.5,0.187,0.20500000000000002,0.0
2026-07-19,KAUS,15,KXHIGHAUS-26JUL19-T100,0.0,0.005,0.0
2026-07-19,KAUS,17,KXHIGHAUS-26JUL19-B99.5,0.004,0.025,0.0
2026-07-19,KAUS,17,KXHIGHAUS-26JUL19-T93,0.0345,0.015,0.0
2026-07-19,KAUS,17,KXHIGHAUS-26JUL19-B95.5,0.589,0.56,1.0
2026-07-19,KAUS,17,KXHIGHAUS-26JUL19-B97.5,0.1515,0.165,0.0
2026-07-19,KAUS,17,KXHIGHAUS-26JUL19-B93.5,0.221,0.25,0.0
2026-07-19,KAUS,17,KXHIGHAUS-26JUL19-T100,0.0,0.005,0.0
2026-07-19,KAUS,19,KXHIGHAUS-26JUL19-B99.5,0.004,0.015,0.0
2026-07-19,KAUS,19,KXHIGHAUS-26JUL19-T93,0.0015,0.005,0.0
2026-07-19,KAUS,19,KXHIGHAUS-26JUL19-B95.5,0.5685,0.585,1.0
2026-07-19,KAUS,19,KXHIGHAUS-26JUL19-B97.5,0.1585,0.265,0.0
2026-07-19,KAUS,19,KXHIGHAUS-26JUL19-B93.5,0.2675,0.15000000000000002,0.0
2026-07-19,KAUS,19,KXHIGHAUS-26JUL19-T100,0.0,0.005,0.0
2026-07-20,KAUS,15,KXHIGHAUS-26JUL20-T93,0.0315,0.005,0.0
2026-07-20,KAUS,15,KXHIGHAUS-26JUL20-B93.5,0.0495,0.025,0.0
2026-07-20,KAUS,15,KXHIGHAUS-26JUL20-B99.5,0.192,0.08499999999999999,0.0
2026-07-20,KAUS,15,KXHIGHAUS-26JUL20-B97.5,0.5345,0.54,1.0
2026-07-20,KAUS,15,KXHIGHAUS-26JUL20-T100,0.0035,0.025,0.0
2026-07-20,KAUS,15,KXHIGHAUS-26JUL20-B95.5,0.189,0.32,0.0
2026-07-20,KAUS,17,KXHIGHAUS-26JUL20-T93,0.003,0.005,0.0
2026-07-20,KAUS,17,KXHIGHAUS-26JUL20-B93.5,0.031,0.015,0.0
2026-07-20,KAUS,17,KXHIGHAUS-26JUL20-B99.5,0.196,0.11499999999999999,0.0
2026-07-20,KAUS,17,KXHIGHAUS-26JUL20-B97.5,0.5725,0.555,1.0
2026-07-20,KAUS,17,KXHIGHAUS-26JUL20-T100,0.006,0.025,0.0
2026-07-20,KAUS,17,KXHIGHAUS-26JUL20-B95.5,0.1915,0.305,0.0
2026-07-20,KAUS,19,KXHIGHAUS-26JUL20-T93,0.0,0.005,0.0
2026-07-20,KAUS,19,KXHIGHAUS-26JUL20-B93.5,0.002,0.005,0.0
2026-07-20,KAUS,19,KXHIGHAUS-26JUL20-B99.5,0.157,0.195,0.0
2026-07-20,KAUS,19,KXHIGHAUS-26JUL20-B97.5,0.5765,0.72,1.0
2026-07-20,KAUS,19,KXHIGHAUS-26JUL20-T100,0.0035,0.035,0.0
2026-07-20,KAUS,19,KXHIGHAUS-26JUL20-B95.5,0.261,0.075,0.0
2026-07-21,KAUS,15,KXHIGHAUS-26JUL21-B99.5,0.423,0.335,0.0
2026-07-21,KAUS,15,KXHIGHAUS-26JUL21-B95.5,0.0515,0.005,0.0
2026-07-21,KAUS,15,KXHIGHAUS-26JUL21-B101.5,0.3655,0.515,1.0
2026-07-21,KAUS,15,KXHIGHAUS-26JUL21-T95,0.0535,0.015,0.0
2026-07-21,KAUS,15,KXHIGHAUS-26JUL21-B97.5,0.083,0.08499999999999999,0.0
2026-07-21,KAUS,15,KXHIGHAUS-26JUL21-T102,0.0235,0.055,0.0
2026-07-21,KAUS,17,KXHIGHAUS-26JUL21-B99.5,0.4895,0.545,0.0
2026-07-21,KAUS,17,KXHIGHAUS-26JUL21-B95.5,0.024,0.005,0.0
2026-07-21,KAUS,17,KXHIGHAUS-26JUL21-B101.5,0.315,0.405,1.0
2026-07-21,KAUS,17,KXHIGHAUS-26JUL21-T95,0.005,0.005,0.0
2026-07-21,KAUS,17,KXHIGHAUS-26JUL21-B97.5,0.14,0.060000000000000005,0.0
2026-07-21,KAUS,17,KXHIGHAUS-26JUL21-T102,0.0265,0.025,0.0
2026-07-21,KAUS,19,KXHIGHAUS-26JUL21-B99.5,0.4545,0.585,0.0
2026-07-21,KAUS,19,KXHIGHAUS-26JUL21-B95.5,0.0,0.005,0.0
2026-07-21,KAUS,19,KXHIGHAUS-26JUL21-B101.5,0.452,0.375,1.0
2026-07-21,KAUS,19,KXHIGHAUS-26JUL21-T95,0.0,0.005,0.0
2026-07-21,KAUS,19,KXHIGHAUS-26JUL21-B97.5,0.0255,0.015,0.0
2026-07-21,KAUS,19,KXHIGHAUS-26JUL21-T102,0.068,0.025,0.0
2026-07-22,KAUS,15,KXHIGHAUS-26JUL22-B105.5,0.262,0.24,0.0
2026-07-22,KAUS,15,KXHIGHAUS-26JUL22-T99,0.0,0.005,0.0
2026-07-22,KAUS,15,KXHIGHAUS-26JUL22-B101.5,0.115,0.1,0.0
2026-07-22,KAUS,15,KXHIGHAUS-26JUL22-T106,0.0285,0.045,0.0
2026-07-22,KAUS,15,KXHIGHAUS-26JUL22-B99.5,0.0145,0.03,0.0
2026-07-22,KAUS,15,KXHIGHAUS-26JUL22-B103.5,0.58,0.575,1.0
2026-07-22,KAUS,17,KXHIGHAUS-26JUL22-B105.5,0.3025,0.435,0.0
2026-07-22,KAUS,17,KXHIGHAUS-26JUL22-T99,0.0,0.005,0.0
2026-07-22,KAUS,17,KXHIGHAUS-26JUL22-B101.5,0.1155,0.015,0.0
2026-07-22,KAUS,17,KXHIGHAUS-26JUL22-T106,0.025,0.045,0.0
2026-07-22,KAUS,17,KXHIGHAUS-26JUL22-B99.5,0.003,0.005,0.0
2026-07-22,KAUS,17,KXHIGHAUS-26JUL22-B103.5,0.554,0.525,1.0
2026-07-22,KAUS,19,KXHIGHAUS-26JUL22-B105.5,0.373,0.42,0.0
2026-07-22,KAUS,19,KXHIGHAUS-26JUL22-T99,0.0,0.005,0.0
2026-07-22,KAUS,19,KXHIGHAUS-26JUL22-B101.5,0.0695,0.015,0.0
2026-07-22,KAUS,19,KXHIGHAUS-26JUL22-T106,0.052,0.015,0.0
2026-07-22,KAUS,19,KXHIGHAUS-26JUL22-B99.5,0.0,0.005,0.0
2026-07-22,KAUS,19,KXHIGHAUS-26JUL22-B103.5,0.5055,0.5700000000000001,1.0
2026-07-23,KAUS,15,KXHIGHAUS-26JUL23-B97.5,0.254,0.265,0.0
2026-07-23,KAUS,15,KXHIGHAUS-26JUL23-B99.5,0.6045,0.455,1.0
2026-07-23,KAUS,15,KXHIGHAUS-26JUL23-B103.5,0.004,0.015,0.0
2026-07-23,KAUS,15,KXHIGHAUS-26JUL23-B101.5,0.1085,0.255,0.0
2026-07-23,KAUS,15,KXHIGHAUS-26JUL23-T104,0.0,0.005,0.0
2026-07-23,KAUS,15,KXHIGHAUS-26JUL23-T97,0.029,0.025,0.0
2026-07-23,KAUS,17,KXHIGHAUS-26JUL23-B97.5,0.2095,0.215,0.0
2026-07-23,KAUS,17,KXHIGHAUS-26JUL23-B99.5,0.568,0.545,1.0
2026-07-23,KAUS,17,KXHIGHAUS-26JUL23-B103.5,0.0205,0.035,0.0
2026-07-23,KAUS,17,KXHIGHAUS-26JUL23-B101.5,0.1905,0.14500000000000002,0.0
2026-07-23,KAUS,17,KXHIGHAUS-26JUL23-T104,0.0005,0.005,0.0
2026-07-23,KAUS,17,KXHIGHAUS-26JUL23-T97,0.011,0.035,0.0
2026-07-23,KAUS,19,KXHIGHAUS-26JUL23-B97.5,0.1625,0.08499999999999999,0.0
2026-07-23,KAUS,19,KXHIGHAUS-26JUL23-B99.5,0.682,0.69,1.0
2026-07-23,KAUS,19,KXHIGHAUS-26JUL23-B103.5,0.006,0.035,0.0
2026-07-23,KAUS,19,KXHIGHAUS-26JUL23-B101.5,0.1495,0.165,0.0
2026-07-23,KAUS,19,KXHIGHAUS-26JUL23-T104,0.0,0.005,0.0
2026-07-23,KAUS,19,KXHIGHAUS-26JUL23-T97,0.0,0.005,0.0
2026-07-24,KAUS,15,KXHIGHAUS-26JUL24-B97.5,0.3055,0.365,0.0
2026-07-24,KAUS,15,KXHIGHAUS-26JUL24-B93.5,0.1015,0.12,0.0
2026-07-24,KAUS,15,KXHIGHAUS-26JUL24-B95.5,0.5285,0.485,1.0
2026-07-24,KAUS,15,KXHIGHAUS-26JUL24-T93,0.0495,0.02,0.0
2026-07-24,KAUS,15,KXHIGHAUS-26JUL24-B99.5,0.015,0.025,0.0
2026-07-24,KAUS,15,KXHIGHAUS-26JUL24-T100,0.0,0.005,0.0
2026-07-24,KAUS,17,KXHIGHAUS-26JUL24-B97.5,0.3455,0.22999999999999998,0.0
2026-07-24,KAUS,17,KXHIGHAUS-26JUL24-B93.5,0.0965,0.175,0.0
2026-07-24,KAUS,17,KXHIGHAUS-26JUL24-B95.5,0.5275,0.595,1.0
2026-07-24,KAUS,17,KXHIGHAUS-26JUL24-T93,0.0155,0.025,0.0
2026-07-24,KAUS,17,KXHIGHAUS-26JUL24-B99.5,0.015,0.005,0.0
2026-07-24,KAUS,17,KXHIGHAUS-26JUL24-T100,0.0,0.005,0.0
2026-07-24,KAUS,19,KXHIGHAUS-26JUL24-B97.5,0.4355,0.24,0.0
2026-07-24,KAUS,19,KXHIGHAUS-26JUL24-B93.5,0.0325,0.115,0.0
2026-07-24,KAUS,19,KXHIGHAUS-26JUL24-B95.5,0.4795,0.615,1.0
2026-07-24,KAUS,19,KXHIGHAUS-26JUL24-T93,0.0,0.005,0.0
2026-07-24,KAUS,19,KXHIGHAUS-26JUL24-B99.5,0.0525,0.01,0.0
2026-07-24,KAUS,19,KXHIGHAUS-26JUL24-T100,0.0,0.005,0.0
2026-07-25,KAUS,15,KXHIGHAUS-26JUL25-T102,0.0,0.005,0.0
2026-07-25,KAUS,15,KXHIGHAUS-26JUL25-B99.5,0.033,0.055,0.0
2026-07-25,KAUS,15,KXHIGHAUS-26JUL25-B95.5,0.434,0.35,0.0
2026-07-25,KAUS,15,KXHIGHAUS-26JUL25-T95,0.097,0.03,0.0
2026-07-25,KAUS,15,KXHIGHAUS-26JUL25-B97.5,0.436,0.59,1.0
2026-07-25,KAUS,15,KXHIGHAUS-26JUL25-B101.5,0.0,0.025,0.0
2026-07-25,KAUS,17,KXHIGHAUS-26JUL25-T102,0.0,0.005,0.0
2026-07-25,KAUS,17,KXHIGHAUS-26JUL25-B99.5,0.039,0.015,0.0
2026-07-25,KAUS,17,KXHIGHAUS-26JUL25-B95.5,0.4605,0.615,0.0
2026-07-25,KAUS,17,KXHIGHAUS-26JUL25-T95,0.0935,0.015,0.0
2026-07-25,KAUS,17,KXHIGHAUS-26JUL25-B97.5,0.407,0.395,1.0
2026-07-25,KAUS,17,KXHIGHAUS-26JUL25-B101.5,0.0,0.005,0.0
2026-07-25,KAUS,19,KXHIGHAUS-26JUL25-T102,0.0,0.005,0.0
2026-07-25,KAUS,19,KXHIGHAUS-26JUL25-B99.5,0.0135,0.015,0.0
2026-07-25,KAUS,19,KXHIGHAUS-26JUL25-B95.5,0.468,0.54,0.0
2026-07-25,KAUS,19,KXHIGHAUS-26JUL25-T95,0.2245,0.005,0.0
2026-07-25,KAUS,19,KXHIGHAUS-26JUL25-B97.5,0.294,0.47,1.0
2026-07-25,KAUS,19,KXHIGHAUS-26JUL25-B101.5,0.0,0.005,0.0
2026-07-26,KAUS,15,KXHIGHAUS-26JUL26-B96.5,0.47,0.605,1.0
2026-07-26,KAUS,15,KXHIGHAUS-26JUL26-B100.5,0.022,0.03,0.0
2026-07-26,KAUS,15,KXHIGHAUS-26JUL26-T96,0.097,0.035,0.0
2026-07-26,KAUS,15,KXHIGHAUS-26JUL26-B102.5,0.0,0.01,0.0
2026-07-26,KAUS,15,KXHIGHAUS-26JUL26-B98.5,0.411,0.33,0.0
2026-07-26,KAUS,15,KXHIGHAUS-26JUL26-T103,0.0,0.005,0.0
2026-07-26,KAUS,17,KXHIGHAUS-26JUL26-B96.5,0.4925,0.635,1.0
2026-07-26,KAUS,17,KXHIGHAUS-26JUL26-B100.5,0.0135,0.025,0.0
2026-07-26,KAUS,17,KXHIGHAUS-26JUL26-T96,0.0785,0.065,0.0
2026-07-26,KAUS,17,KXHIGHAUS-26JUL26-B102.5,0.0,0.01,0.0
2026-07-26,KAUS,17,KXHIGHAUS-26JUL26-B98.5,0.4155,0.315,0.0
2026-07-26,KAUS,17,KXHIGHAUS-26JUL26-T103,0.0,0.005,0.0
2026-07-26,KAUS,19,KXHIGHAUS-26JUL26-B96.5,0.3925,0.755,1.0
2026-07-26,KAUS,19,KXHIGHAUS-26JUL26-B100.5,0.018,0.015,0.0
2026-07-26,KAUS,19,KXHIGHAUS-26JUL26-T96,0.0,0.035,0.0
2026-07-26,KAUS,19,KXHIGHAUS-26JUL26-B102.5,0.0,0.005,0.0
2026-07-26,KAUS,19,KXHIGHAUS-26JUL26-B98.5,0.5895,0.195,0.0
2026-07-26,KAUS,19,KXHIGHAUS-26JUL26-T103,0.0,0.005,0.0
2026-07-27,KAUS,15,KXHIGHAUS-26JUL27-T103,0.0,0.015,0.0
2026-07-27,KAUS,15,KXHIGHAUS-26JUL27-B98.5,0.5935,0.655,1.0
2026-07-27,KAUS,15,KXHIGHAUS-26JUL27-B100.5,0.0895,0.08499999999999999,0.0
2026-07-27,KAUS,15,KXHIGHAUS-26JUL27-B102.5,0.0005,0.025,0.0
2026-07-27,KAUS,15,KXHIGHAUS-26JUL27-B96.5,0.2365,0.20500000000000002,0.0
2026-07-27,KAUS,15,KXHIGHAUS-26JUL27-T96,0.08,0.01,0.0
2026-07-27,KAUS,17,KXHIGHAUS-26JUL27-T103,0.0,0.015,0.0
2026-07-27,KAUS,17,KXHIGHAUS-26JUL27-B98.5,0.5655,0.6950000000000001,1.0
2026-07-27,KAUS,17,KXHIGHAUS-26JUL27-B100.5,0.0675,0.08499999999999999,0.0
2026-07-27,KAUS,17,KXHIGHAUS-26JUL27-B102.5,0.0,0.025,0.0
2026-07-27,KAUS,17,KXHIGHAUS-26JUL27-B96.5,0.3035,0.16999999999999998,0.0
2026-07-27,KAUS,17,KXHIGHAUS-26JUL27-T96,0.0635,0.01,0.0
2026-07-27,KAUS,19,KXHIGHAUS-26JUL27-T103,0.0,0.01,0.0
2026-07-27,KAUS,19,KXHIGHAUS-26JUL27-B98.5,0.717,0.685,1.0
2026-07-27,KAUS,19,KXHIGHAUS-26JUL27-B100.5,0.045,0.065,0.0
2026-07-27,KAUS,19,KXHIGHAUS-26JUL27-B102.5,0.0,0.015,0.0
2026-07-27,KAUS,19,KXHIGHAUS-26JUL27-B96.5,0.238,0.21000000000000002,0.0
2026-07-27,KAUS,19,KXHIGHAUS-26JUL27-T96,0.0,0.005,0.0
2026-07-28,KAUS,15,KXHIGHAUS-26JUL28-T104,0.0,0.005,0.0
2026-07-28,KAUS,15,KXHIGHAUS-26JUL28-B99.5,0.249,0.5700000000000001,1.0
2026-07-28,KAUS,15,KXHIGHAUS-26JUL28-T97,0.152,0.02,0.0
2026-07-28,KAUS,15,KXHIGHAUS-26JUL28-B103.5,0.0,0.005,0.0
2026-07-28,KAUS,15,KXHIGHAUS-26JUL28-B97.5,0.5965,0.38,0.0
2026-07-28,KAUS,15,KXHIGHAUS-26JUL28-B101.5,0.0025,0.02,0.0
2026-07-28,KAUS,17,KXHIGHAUS-26JUL28-T104,0.0,0.005,0.0
2026-07-28,KAUS,17,KXHIGHAUS-26JUL28-B99.5,0.2135,0.565,1.0
2026-07-28,KAUS,17,KXHIGHAUS-26JUL28-T97,0.151,0.025,0.0
2026-07-28,KAUS,17,KXHIGHAUS-26JUL28-B103.5,0.0,0.005,0.0
2026-07-28,KAUS,17,KXHIGHAUS-26JUL28-B97.5,0.6345,0.415,0.0
2026-07-28,KAUS,17,KXHIGHAUS-26JUL28-B101.5,0.001,0.015,0.0
2026-07-28,KAUS,19,KXHIGHAUS-26JUL28-T104,0.0,0.005,0.0
2026-07-28,KAUS,19,KXHIGHAUS-26JUL28-B99.5,0.218,0.53,1.0
2026-07-28,KAUS,19,KXHIGHAUS-26JUL28-T97,0.014,0.025,0.0
2026-07-28,KAUS,19,KXHIGHAUS-26JUL28-B103.5,0.0,0.005,0.0
2026-07-28,KAUS,19,KXHIGHAUS-26JUL28-B97.5,0.768,0.455,0.0
2026-07-28,KAUS,19,KXHIGHAUS-26JUL28-B101.5,0.0,0.015,0.0
2026-07-29,KAUS,15,KXHIGHAUS-26JUL29-B100.5,0.039,0.325,0.0
2026-07-29,KAUS,15,KXHIGHAUS-26JUL29-T103,0.0,0.005,0.0
2026-07-29,KAUS,15,KXHIGHAUS-26JUL29-T96,0.0845,0.005,0.0
2026-07-29,KAUS,15,KXHIGHAUS-26JUL29-B96.5,0.332,0.085,0.0
2026-07-29,KAUS,15,KXHIGHAUS-26JUL29-B102.5,0.0005,0.015,0.0
2026-07-29,KAUS,15,KXHIGHAUS-26JUL29-B98.5,0.544,0.575,1.0
2026-07-29,KAUS,17,KXHIGHAUS-26JUL29-B100.5,0.035,0.305,0.0
2026-07-29,KAUS,17,KXHIGHAUS-26JUL29-T103,0.0,0.005,0.0
2026-07-29,KAUS,17,KXHIGHAUS-26JUL29-T96,0.065,0.005,0.0
2026-07-29,KAUS,17,KXHIGHAUS-26JUL29-B96.5,0.361,0.12,0.0
2026-07-29,KAUS,17,KXHIGHAUS-26JUL29-B102.5,0.0,0.015,0.0
2026-07-29,KAUS,17,KXHIGHAUS-26JUL29-B98.5,0.539,0.575,1.0
2026-07-29,KAUS,19,KXHIGHAUS-26JUL29-B100.5,0.005,0.2,0.0
2026-07-29,KAUS,19,KXHIGHAUS-26JUL29-T103,0.0,0.005,0.0
2026-07-29,KAUS,19,KXHIGHAUS-26JUL29-T96,0.003,0.005,0.0
2026-07-29,KAUS,19,KXHIGHAUS-26JUL29-B96.5,0.5255,0.16499999999999998,0.0
2026-07-29,KAUS,19,KXHIGHAUS-26JUL29-B102.5,0.0,0.015,0.0
2026-07-29,KAUS,19,KXHIGHAUS-26JUL29-B98.5,0.4665,0.635,1.0
2026-07-30,KAUS,15,KXHIGHAUS-26JUL30-B104.5,0.0,0.005,0.0
2026-07-30,KAUS,15,KXHIGHAUS-26JUL30-B100.5,0.5485,0.5700000000000001,1.0
2026-07-30,KAUS,15,KXHIGHAUS-26JUL30-B98.5,0.3405,0.365,0.0
2026-07-30,KAUS,15,KXHIGHAUS-26JUL30-T98,0.0555,0.04,0.0
2026-07-30,KAUS,15,KXHIGHAUS-26JUL30-T105,0.0,0.005,0.0
2026-07-30,KAUS,15,KXHIGHAUS-26JUL30-B102.5,0.0555,0.045,0.0
2026-07-30,KAUS,17,KXHIGHAUS-26JUL30-B104.5,0.0,0.005,0.0
2026-07-30,KAUS,17,KXHIGHAUS-26JUL30-B100.5,0.5325,0.61,1.0
2026-07-30,KAUS,17,KXHIGHAUS-26JUL30-B98.5,0.378,0.36,0.0
2026-07-30,KAUS,17,KXHIGHAUS-26JUL30-T98,0.066,0.015,0.0
2026-07-30,KAUS,17,KXHIGHAUS-26JUL30-T105,0.0,0.005,0.0
2026-07-30,KAUS,17,KXHIGHAUS-26JUL30-B102.5,0.0235,0.035,0.0
2026-07-30,KAUS,19,KXHIGHAUS-26JUL30-B104.5,0.0,0.005,0.0
2026-07-30,KAUS,19,KXHIGHAUS-26JUL30-B100.5,0.661,0.655,1.0
2026-07-30,KAUS,19,KXHIGHAUS-26JUL30-B98.5,0.306,0.28500000000000003,0.0
2026-07-30,KAUS,19,KXHIGHAUS-26JUL30-T98,0.0,0.01,0.0
2026-07-30,KAUS,19,KXHIGHAUS-26JUL30-T105,0.0,0.005,0.0
2026-07-30,KAUS,19,KXHIGHAUS-26JUL30-B102.5,0.033,0.035,0.0
2026-07-31,KAUS,15,KXHIGHAUS-26JUL31-T105,0.0,0.005,0.0
2026-07-31,KAUS,15,KXHIGHAUS-26JUL31-B104.5,0.0,0.015,0.0
2026-07-31,KAUS,15,KXHIGHAUS-26JUL31-B98.5,0.3885,0.235,0.0
2026-07-31,KAUS,15,KXHIGHAUS-26JUL31-B100.5,0.4955,0.66,1.0
2026-07-31,KAUS,15,KXHIGHAUS-26JUL31-T98,0.0745,0.005,0.0
2026-07-31,KAUS,15,KXHIGHAUS-26JUL31-B102.5,0.0415,0.11499999999999999,0.0
2026-07-31,KAUS,17,KXHIGHAUS-26JUL31-T105,0.0,0.005,0.0
2026-07-31,KAUS,17,KXHIGHAUS-26JUL31-B104.5,0.0005,0.01,0.0
2026-07-31,KAUS,17,KXHIGHAUS-26JUL31-B98.5,0.3925,0.14500000000000002,0.0
2026-07-31,KAUS,17,KXHIGHAUS-26JUL31-B100.5,0.4475,0.695,1.0
2026-07-31,KAUS,17,KXHIGHAUS-26JUL31-T98,0.132,0.025,0.0
2026-07-31,KAUS,17,KXHIGHAUS-26JUL31-B102.5,0.0275,0.165,0.0
2026-07-31,KAUS,19,KXHIGHAUS-26JUL31-T105,0.0,0.005,0.0
2026-07-31,KAUS,19,KXHIGHAUS-26JUL31-B104.5,0.0,0.005,0.0
2026-07-31,KAUS,19,KXHIGHAUS-26JUL31-B98.5,0.3655,0.035,0.0
2026-07-31,KAUS,19,KXHIGHAUS-26JUL31-B100.5,0.6075,0.825,1.0
2026-07-31,KAUS,19,KXHIGHAUS-26JUL31-T98,0.0,0.005,0.0
2026-07-31,KAUS,19,KXHIGHAUS-26JUL31-B102.5,0.027,0.14500000000000002,0.0
2026-08-01,KAUS,15,KXHIGHAUS-26AUG01-B102.5,0.0005,0.025,0.0
2026-08-01,KAUS,15,KXHIGHAUS-26AUG01-B98.5,0.251,0.415,0.0
2026-08-01,KAUS,15,KXHIGHAUS-26AUG01-B100.5,0.0105,0.345,0.0
2026-08-01,KAUS,15,KXHIGHAUS-26AUG01-T96,0.0815,0.045,0.0
2026-08-01,KAUS,15,KXHIGHAUS-26AUG01-B96.5,0.6565,0.225,1.0
2026-08-01,KAUS,15,KXHIGHAUS-26AUG01-T103,0.0,0.005,0.0
2026-08-01,KAUS,17,KXHIGHAUS-26AUG01-B102.5,0.0155,0.025,0.0
2026-08-01,KAUS,17,KXHIGHAUS-26AUG01-B98.5,0.292,0.425,0.0
2026-08-01,KAUS,17,KXHIGHAUS-26AUG01-B100.5,0.1025,0.245,0.0
2026-08-01,KAUS,17,KXHIGHAUS-26AUG01-T96,0.0325,0.035,0.0
2026-08-01,KAUS,17,KXHIGHAUS-26AUG01-B96.5,0.5575,0.235,1.0
2026-08-01,KAUS,17,KXHIGHAUS-26AUG01-T103,0.0,0.005,0.0
2026-08-01,KAUS,19,KXHIGHAUS-26AUG01-B102.5,0.0,0.015,0.0
2026-08-01,KAUS,19,KXHIGHAUS-26AUG01-B98.5,0.2305,0.295,0.0
2026-08-01,KAUS,19,KXHIGHAUS-26AUG01-B100.5,0.0,0.035,0.0
2026-08-01,KAUS,19,KXHIGHAUS-26AUG01-T96,0.013,0.15000000000000002,0.0
2026-08-01,KAUS,19,KXHIGHAUS-26AUG01-B96.5,0.7565,0.475,1.0
2026-08-01,KAUS,19,KXHIGHAUS-26AUG01-T103,0.0,0.005,0.0
2026-08-02,KAUS,15,KXHIGHAUS-26AUG02-B101.5,0.21,0.135,0.0
2026-08-02,KAUS,15,KXHIGHAUS-26AUG02-T99,0.1085,0.22,0.0
2026-08-02,KAUS,15,KXHIGHAUS-26AUG02-B105.5,0.001,0.005,0.0
2026-08-02,KAUS,15,KXHIGHAUS-26AUG02-T106,0.0,0.005,0.0
2026-08-02,KAUS,15,KXHIGHAUS-26AUG02-B99.5,0.67,0.615,1.0
2026-08-02,KAUS,15,KXHIGHAUS-26AUG02-B103.5,0.0105,0.025,0.0
2026-08-02,KAUS,17,KXHIGHAUS-26AUG02-B101.5,0.216,0.225,0.0
2026-08-02,KAUS,17,KXHIGHAUS-26AUG02-T99,0.123,0.155,0.0
2026-08-02,KAUS,17,KXHIGHAUS-26AUG02-B105.5,0.0,0.005,0.0
2026-08-02,KAUS,17,KXHIGHAUS-26AUG02-T106,0.0,0.005,0.0
2026-08-02,KAUS,17,KXHIGHAUS-26AUG02-B99.5,0.6555,0.615,1.0
2026-08-02,KAUS,17,KXHIGHAUS-26AUG02-B103.5,0.0055,0.035,0.0
2026-08-02,KAUS,19,KXHIGHAUS-26AUG02-B101.5,0.168,0.345,0.0
2026-08-02,KAUS,19,KXHIGHAUS-26AUG02-T99,0.0375,0.015,0.0
2026-08-02,KAUS,19,KXHIGHAUS-26AUG02-B105.5,0.0,0.005,0.0
2026-08-02,KAUS,19,KXHIGHAUS-26AUG02-T106,0.0,0.005,0.0
2026-08-02,KAUS,19,KXHIGHAUS-26AUG02-B99.5,0.7945,0.63,1.0
2026-08-02,KAUS,19,KXHIGHAUS-26AUG02-B103.5,0.0,0.015,0.0
2026-08-03,KAUS,15,KXHIGHAUS-26AUG03-T107,0.0,0.005,0.0
2026-08-03,KAUS,15,KXHIGHAUS-26AUG03-B106.5,0.0,0.005,0.0
2026-08-03,KAUS,15,KXHIGHAUS-26AUG03-T100,0.0545,0.1,0.0
2026-08-03,KAUS,15,KXHIGHAUS-26AUG03-B104.5,0.017,0.025,0.0
2026-08-03,KAUS,15,KXHIGHAUS-26AUG03-B100.5,0.485,0.485,0.0
2026-08-03,KAUS,15,KXHIGHAUS-26AUG03-B102.5,0.4435,0.365,1.0
2026-08-03,KAUS,17,KXHIGHAUS-26AUG03-T107,0.0,0.005,0.0
2026-08-03,KAUS,17,KXHIGHAUS-26AUG03-B106.5,0.0,0.005,0.0
2026-08-03,KAUS,17,KXHIGHAUS-26AUG03-T100,0.0635,0.060000000000000005,0.0
2026-08-03,KAUS,17,KXHIGHAUS-26AUG03-B104.5,0.014,0.015,0.0
2026-08-03,KAUS,17,KXHIGHAUS-26AUG03-B100.5,0.4895,0.545,0.0
2026-08-03,KAUS,17,KXHIGHAUS-26AUG03-B102.5,0.433,0.38,1.0
2026-08-03,KAUS,19,KXHIGHAUS-26AUG03-T107,0.0,0.005,0.0
2026-08-03,KAUS,19,KXHIGHAUS-26AUG03-B106.5,0.0,0.005,0.0
2026-08-03,KAUS,19,KXHIGHAUS-26AUG03-T100,0.097,0.035,0.0
2026-08-03,KAUS,19,KXHIGHAUS-26AUG03-B104.5,0.001,0.015,0.0
2026-08-03,KAUS,19,KXHIGHAUS-26AUG03-B100.5,0.672,0.655,0.0
2026-08-03,KAUS,19,KXHIGHAUS-26AUG03-B102.5,0.23,0.28,1.0
2026-08-04,KAUS,15,KXHIGHAUS-26AUG04-T97,0.038,0.015,0.0
2026-08-04,KAUS,15,KXHIGHAUS-26AUG04-B103.5,0.0005,0.025,0.0
2026-08-04,KAUS,15,KXHIGHAUS-26AUG04-T104,0.0,0.005,0.0
2026-08-04,KAUS,15,KXHIGHAUS-26AUG04-B101.5,0.3185,0.385,1.0
2026-08-04,KAUS,15,KXHIGHAUS-26AUG04-B99.5,0.583,0.535,0.0
2026-08-04,KAUS,15,KXHIGHAUS-26AUG04-B97.5,0.06,0.03,0.0
2026-08-04,KAUS,17,KXHIGHAUS-26AUG04-T97,0.0215,0.015,0.0
2026-08-04,KAUS,17,KXHIGHAUS-26AUG04-B103.5,0.0025,0.025,0.0
2026-08-04,KAUS,17,KXHIGHAUS-26AUG04-T104,0.0,0.005,0.0
2026-08-04,KAUS,17,KXHIGHAUS-26AUG04-B101.5,0.3015,0.31,1.0
2026-08-04,KAUS,17,KXHIGHAUS-26AUG04-B99.5,0.59,0.59,0.0
2026-08-04,KAUS,17,KXHIGHAUS-26AUG04-B97.5,0.0845,0.060000000000000005,0.0
2026-08-04,KAUS,19,KXHIGHAUS-26AUG04-T97,0.0,0.005,0.0
2026-08-04,KAUS,19,KXHIGHAUS-26AUG04-B103.5,0.0085,0.015,0.0
2026-08-04,KAUS,19,KXHIGHAUS-26AUG04-T104,0.0,0.005,0.0
2026-08-04,KAUS,19,KXHIGHAUS-26AUG04-B101.5,0.4675,0.375,1.0
2026-08-04,KAUS,19,KXHIGHAUS-26AUG04-B99.5,0.5225,0.595,0.0
2026-08-04,KAUS,19,KXHIGHAUS-26AUG04-B97.5,0.0015,0.045,0.0
2026-08-05,KAUS,15,KXHIGHAUS-26AUG05-T96,0.015,0.005,0.0
2026-08-05,KAUS,15,KXHIGHAUS-26AUG05-B100.5,0.514,0.605,1.0
2026-08-05,KAUS,15,KXHIGHAUS-26AUG05-B98.5,0.4265,0.355,0.0
2026-08-05,KAUS,15,KXHIGHAUS-26AUG05-T103,0.0,0.005,0.0
2026-08-05,KAUS,15,KXHIGHAUS-26AUG05-B102.5,0.0175,0.055,0.0
2026-08-05,KAUS,15,KXHIGHAUS-26AUG05-B96.5,0.027,0.015,0.0
2026-08-05,KAUS,17,KXHIGHAUS-26AUG05-T96,0.007,0.005,0.0
2026-08-05,KAUS,17,KXHIGHAUS-26AUG05-B100.5,0.532,0.55,1.0
2026-08-05,KAUS,17,KXHIGHAUS-26AUG05-B98.5,0.412,0.405,0.0
2026-08-05,KAUS,17,KXHIGHAUS-26AUG05-T103,0.0,0.005,0.0
2026-08-05,KAUS,17,KXHIGHAUS-26AUG05-B102.5,0.01,0.025,0.0
2026-08-05,KAUS,17,KXHIGHAUS-26AUG05-B96.5,0.039,0.025,0.0
2026-08-05,KAUS,19,KXHIGHAUS-26AUG05-T96,0.0,0.005,0.0
2026-08-05,KAUS,19,KXHIGHAUS-26AUG05-B100.5,0.594,0.65,1.0
2026-08-05,KAUS,19,KXHIGHAUS-26AUG05-B98.5,0.3985,0.29000000000000004,0.0
2026-08-05,KAUS,19,KXHIGHAUS-26AUG05-T103,0.0,0.005,0.0
2026-08-05,KAUS,19,KXHIGHAUS-26AUG05-B102.5,0.0075,0.05,0.0
2026-08-05,KAUS,19,KXHIGHAUS-26AUG05-B96.5,0.0,0.015,0.0
2026-08-06,KAUS,15,KXHIGHAUS-26AUG06-B100.5,0.734,0.615,1.0
2026-08-06,KAUS,15,KXHIGHAUS-26AUG06-T96,0.01,0.005,0.0
2026-08-06,KAUS,15,KXHIGHAUS-26AUG06-B96.5,0.0115,0.025,0.0
2026-08-06,KAUS,15,KXHIGHAUS-26AUG06-B102.5,0.045,0.05,0.0
2026-08-06,KAUS,15,KXHIGHAUS-26AUG06-B98.5,0.199,0.32999999999999996,0.0
2026-08-06,KAUS,15,KXHIGHAUS-26AUG06-T103,0.0005,0.005,0.0
2026-08-06,KAUS,17,KXHIGHAUS-26AUG06-B100.5,0.712,0.65,1.0
2026-08-06,KAUS,17,KXHIGHAUS-26AUG06-T96,0.0,0.005,0.0
2026-08-06,KAUS,17,KXHIGHAUS-26AUG06-B96.5,0.007,0.015,0.0
2026-08-06,KAUS,17,KXHIGHAUS-26AUG06-B102.5,0.091,0.025,0.0
2026-08-06,KAUS,17,KXHIGHAUS-26AUG06-B98.5,0.1885,0.345,0.0
2026-08-06,KAUS,17,KXHIGHAUS-26AUG06-T103,0.0015,0.005,0.0
2026-08-06,KAUS,19,KXHIGHAUS-26AUG06-B100.5,0.775,0.765,1.0
2026-08-06,KAUS,19,KXHIGHAUS-26AUG06-T96,0.0,0.005,0.0
2026-08-06,KAUS,19,KXHIGHAUS-26AUG06-B96.5,0.0,0.005,0.0
2026-08-06,KAUS,19,KXHIGHAUS-26AUG06-B102.5,0.016,0.07500000000000001,0.0
2026-08-06,KAUS,19,KXHIGHAUS-26AUG06-B98.5,0.209,0.16,0.0
2026-08-06,KAUS,19,KXHIGHAUS-26AUG06-T103,0.0,0.005,0.0
2026-08-07,KAUS,15,KXHIGHAUS-26AUG07-B95.5,0.0105,0.015,0.0
2026-08-07,KAUS,15,KXHIGHAUS-26AUG07-T102,0.002,0.005,0.0
2026-08-07,KAUS,15,KXHIGHAUS-26AUG07-B97.5,0.127,0.295,0.0
2026-08-07,KAUS,15,KXHIGHAUS-26AUG07-T95,0.007,0.005,0.0
2026-08-07,KAUS,15,KXHIGHAUS-26AUG07-B101.5,0.071,0.07500000000000001,0.0
2026-08-07,KAUS,15,KXHIGHAUS-26AUG07-B99.5,0.7825,0.645,1.0
2026-08-07,KAUS,17,KXHIGHAUS-26AUG07-B95.5,0.0115,0.025,0.0
2026-08-07,KAUS,17,KXHIGHAUS-26AUG07-T102,0.0,0.005,0.0
2026-08-07,KAUS,17,KXHIGHAUS-26AUG07-B97.5,0.166,0.26,0.0
2026-08-07,KAUS,17,KXHIGHAUS-26AUG07-T95,0.0,0.005,0.0
2026-08-07,KAUS,17,KXHIGHAUS-26AUG07-B101.5,0.0835,0.065,0.0
2026-08-07,KAUS,17,KXHIGHAUS-26AUG07-B99.5,0.739,0.66,1.0
2026-08-07,KAUS,19,KXHIGHAUS-26AUG07-B95.5,0.0,0.025,0.0
2026-08-07,KAUS,19,KXHIGHAUS-26AUG07-T102,0.0,0.005,0.0
2026-08-07,KAUS,19,KXHIGHAUS-26AUG07-B97.5,0.1605,0.255,0.0
2026-08-07,KAUS,19,KXHIGHAUS-26AUG07-T95,0.0,0.005,0.0
2026-08-07,KAUS,19,KXHIGHAUS-26AUG07-B101.5,0.0385,0.12,0.0
2026-08-07,KAUS,19,KXHIGHAUS-26AUG07-B99.5,0.801,0.595,1.0
2026-08-08,KAUS,15,KXHIGHAUS-26AUG08-B97.5,0.3495,0.22999999999999998,0.0
2026-08-08,KAUS,15,KXHIGHAUS-26AUG08-B101.5,0.0105,0.08,0.0
2026-08-08,KAUS,15,KXHIGHAUS-26AUG08-T102,0.0,0.015,0.0
2026-08-08,KAUS,15,KXHIGHAUS-26AUG08-B95.5,0.029,0.025,0.0
2026-08-08,KAUS,15,KXHIGHAUS-26AUG08-T95,0.014,0.005,0.0
2026-08-08,KAUS,15,KXHIGHAUS-26AUG08-B99.5,0.597,0.645,1.0
2026-08-08,KAUS,17,KXHIGHAUS-26AUG08-B97.5,0.3695,0.21000000000000002,0.0
2026-08-08,KAUS,17,KXHIGHAUS-26AUG08-B101.5,0.0105,0.05,0.0
2026-08-08,KAUS,17,KXHIGHAUS-26AUG08-T102,0.0,0.015,0.0
2026-08-08,KAUS,17,KXHIGHAUS-26AUG08-B95.5,0.0565,0.025,0.0
2026-08-08,KAUS,17,KXHIGHAUS-26AUG08-T95,0.0095,0.005,0.0
2026-08-08,KAUS,17,KXHIGHAUS-26AUG08-B99.5,0.554,0.695,1.0
2026-08-08,KAUS,19,KXHIGHAUS-26AUG08-B97.5,0.303,0.2,0.0
2026-08-08,KAUS,19,KXHIGHAUS-26AUG08-B101.5,0.0125,0.065,0.0
2026-08-08,KAUS,19,KXHIGHAUS-26AUG08-T102,0.0,0.005,0.0
2026-08-08,KAUS,19,KXHIGHAUS-26AUG08-B95.5,0.0,0.035,0.0
2026-08-08,KAUS,19,KXHIGHAUS-26AUG08-T95,0.0,0.005,0.0
2026-08-08,KAUS,19,KXHIGHAUS-26AUG08-B99.5,0.6845,0.725,1.0
2026-08-09,KAUS,15,KXHIGHAUS-26AUG09-T102,0.0,0.005,0.0
2026-08-09,KAUS,15,KXHIGHAUS-26AUG09-B95.5,0.026,0.025,0.0
2026-08-09,KAUS,15,KXHIGHAUS-26AUG09-B97.5,0.4095,0.45,0.0
2026-08-09,KAUS,15,KXHIGHAUS-26AUG09-T95,0.012,0.015,0.0
2026-08-09,KAUS,15,KXHIGHAUS-26AUG09-B101.5,0.0045,0.015,0.0
2026-08-09,KAUS,15,KXHIGHAUS-26AUG09-B99.5,0.548,0.515,1.0
2026-08-09,KAUS,17,KXHIGHAUS-26AUG09-T102,0.0,0.005,0.0
2026-08-09,KAUS,17,KXHIGHAUS-26AUG09-B95.5,0.061,0.08499999999999999,0.0
2026-08-09,KAUS,17,KXHIGHAUS-26AUG09-B97.5,0.4255,0.51,0.0
2026-08-09,KAUS,17,KXHIGHAUS-26AUG09-T95,0.0095,0.005,0.0
2026-08-09,KAUS,17,KXHIGHAUS-26AUG09-B101.5,0.003,0.015,0.0
2026-08-09,KAUS,17,KXHIGHAUS-26AUG09-B99.5,0.501,0.405,1.0
2026-08-09,KAUS,19,KXHIGHAUS-26AUG09-T102,0.0,0.005,0.0
2026-08-09,KAUS,19,KXHIGHAUS-26AUG09-B95.5,0.0525,0.065,0.0
2026-08-09,KAUS,19,KXHIGHAUS-26AUG09-B97.5,0.621,0.41000000000000003,0.0
2026-08-09,KAUS,19,KXHIGHAUS-26AUG09-T95,0.0,0.005,0.0
2026-08-09,KAUS,19,KXHIGHAUS-26AUG09-B101.5,0.0,0.05,0.0
2026-08-09,KAUS,19,KXHIGHAUS-26AUG09-B99.5,0.3265,0.445,1.0
2026-08-10,KAUS,15,KXHIGHAUS-26AUG10-T94,0.0075,0.005,0.0
2026-08-10,KAUS,15,KXHIGHAUS-26AUG10-B98.5,0.628,0.6,1.0
2026-08-10,KAUS,15,KXHIGHAUS-26AUG10-B96.5,0.317,0.305,0.0
2026-08-10,KAUS,15,KXHIGHAUS-26AUG10-B94.5,0.015,0.035,0.0
2026-08-10,KAUS,15,KXHIGHAUS-26AUG10-T101,0.001,0.005,0.0
2026-08-10,KAUS,15,KXHIGHAUS-26AUG10-B100.5,0.0315,0.08499999999999999,0.0
2026-08-10,KAUS,17,KXHIGHAUS-26AUG10-T94,0.003,0.005,0.0
2026-08-10,KAUS,17,KXHIGHAUS-26AUG10-B98.5,0.5995,0.69,1.0
2026-08-10,KAUS,17,KXHIGHAUS-26AUG10-B96.5,0.3505,0.235,0.0
2026-08-10,KAUS,17,KXHIGHAUS-26AUG10-B94.5,0.03,0.015,0.0
2026-08-10,KAUS,17,KXHIGHAUS-26AUG10-T101,0.0,0.005,0.0
2026-08-10,KAUS,17,KXHIGHAUS-26AUG10-B100.5,0.017,0.07500000000000001,0.0
2026-08-10,KAUS,19,KXHIGHAUS-26AUG10-T94,0.0,0.005,0.0
2026-08-10,KAUS,19,KXHIGHAUS-26AUG10-B98.5,0.6505,0.64,1.0
2026-08-10,KAUS,19,KXHIGHAUS-26AUG10-B96.5,0.3185,0.22,0.0
2026-08-10,KAUS,19,KXHIGHAUS-26AUG10-B94.5,0.0,0.005,0.0
2026-08-10,KAUS,19,KXHIGHAUS-26AUG10-T101,0.0,0.005,0.0
2026-08-10,KAUS,19,KXHIGHAUS-26AUG10-B100.5,0.031,0.135,0.0
2026-08-11,KAUS,15,KXHIGHAUS-26AUG11-B101.5,0.342,0.505,1.0
2026-08-11,KAUS,15,KXHIGHAUS-26AUG11-B97.5,0.047,0.025,0.0
2026-08-11,KAUS,15,KXHIGHAUS-26AUG11-B99.5,0.585,0.475,0.0
2026-08-11,KAUS,15,KXHIGHAUS-26AUG11-T97,0.021,0.015,0.0
2026-08-11,KAUS,15,KXHIGHAUS-26AUG11-T104,0.0,0.005,0.0
2026-08-11,KAUS,15,KXHIGHAUS-26AUG11-B103.5,0.005,0.005,0.0
2026-08-11,KAUS,17,KXHIGHAUS-26AUG11-B101.5,0.3285,0.565,1.0
2026-08-11,KAUS,17,KXHIGHAUS-26AUG11-B97.5,0.079,0.025,0.0
2026-08-11,KAUS,17,KXHIGHAUS-26AUG11-B99.5,0.579,0.425,0.0
2026-08-11,KAUS,17,KXHIGHAUS-26AUG11-T97,0.0125,0.005,0.0
2026-08-11,KAUS,17,KXHIGHAUS-26AUG11-T104,0.0,0.005,0.0
2026-08-11,KAUS,17,KXHIGHAUS-26AUG11-B103.5,0.001,0.015,0.0
2026-08-11,KAUS,19,KXHIGHAUS-26AUG11-B101.5,0.5115,0.575,1.0
2026-08-11,KAUS,19,KXHIGHAUS-26AUG11-B97.5,0.002,0.015,0.0
2026-08-11,KAUS,19,KXHIGHAUS-26AUG11-B99.5,0.466,0.44,0.0
2026-08-11,KAUS,19,KXHIGHAUS-26AUG11-T97,0.0,0.005,0.0
2026-08-11,KAUS,19,KXHIGHAUS-26AUG11-T104,0.0,0.005,0.0
2026-08-11,KAUS,19,KXHIGHAUS-26AUG11-B103.5,0.0205,0.005,0.0
2026-08-12,KAUS,15,KXHIGHAUS-26AUG12-T106,0.0,0.005,0.0
2026-08-12,KAUS,15,KXHIGHAUS-26AUG12-B99.5,0.202,0.10500000000000001,0.0
2026-08-12,KAUS,15,KXHIGHAUS-26AUG12-B101.5,0.7265,0.715,1.0
2026-08-12,KAUS,15,KXHIGHAUS-26AUG12-B103.5,0.0335,0.155,0.0
2026-08-12,KAUS,15,KXHIGHAUS-26AUG12-B105.5,0.0,0.005,0.0
2026-08-12,KAUS,15,KXHIGHAUS-26AUG12-T99,0.038,0.025,0.0
2026-08-12,KAUS,17,KXHIGHAUS-26AUG12-T106,0.0,0.005,0.0
2026-08-12,KAUS,17,KXHIGHAUS-26AUG12-B99.5,0.2335,0.095,0.0
2026-08-12,KAUS,17,KXHIGHAUS-26AUG12-B101.5,0.693,0.735,1.0
2026-08-12,KAUS,17,KXHIGHAUS-26AUG12-B103.5,0.043,0.15500000000000003,0.0
2026-08-12,KAUS,17,KXHIGHAUS-26AUG12-B105.5,0.0,0.005,0.0
2026-08-12,KAUS,17,KXHIGHAUS-26AUG12-T99,0.0305,0.01,0.0
2026-08-12,KAUS,19,KXHIGHAUS-26AUG12-T106,0.0,0.005,0.0
2026-08-12,KAUS,19,KXHIGHAUS-26AUG12-B99.5,0.0785,0.07500000000000001,0.0
2026-08-12,KAUS,19,KXHIGHAUS-26AUG12-B101.5,0.808,0.84,1.0
2026-08-12,KAUS,19,KXHIGHAUS-26AUG12-B103.5,0.1135,0.085,0.0
2026-08-12,KAUS,19,KXHIGHAUS-26AUG12-B105.5,0.0,0.005,0.0
2026-08-12,KAUS,19,KXHIGHAUS-26AUG12-T99,0.0,0.005,0.0
2026-08-13,KAUS,15,KXHIGHAUS-26AUG13-T106,0.0,0.005,0.0
2026-08-13,KAUS,15,KXHIGHAUS-26AUG13-B99.5,0.0425,0.065,0.0
2026-08-13,KAUS,15,KXHIGHAUS-26AUG13-B105.5,0.0005,0.015,0.0
2026-08-13,KAUS,15,KXHIGHAUS-26AUG13-B103.5,0.265,0.125,0.0
2026-08-13,KAUS,15,KXHIGHAUS-26AUG13-T99,0.0135,0.005,0.0
2026-08-13,KAUS,15,KXHIGHAUS-26AUG13-B101.5,0.6785,0.805,1.0
2026-08-13,KAUS,17,KXHIGHAUS-26AUG13-T106,0.0,0.005,0.0
2026-08-13,KAUS,17,KXHIGHAUS-26AUG13-B99.5,0.0735,0.025,0.0
2026-08-13,KAUS,17,KXHIGHAUS-26AUG13-B105.5,0.0015,0.025,0.0
2026-08-13,KAUS,17,KXHIGHAUS-26AUG13-B103.5,0.27,0.185,0.0
2026-08-13,KAUS,17,KXHIGHAUS-26AUG13-T99,0.0095,0.005,0.0
2026-08-13,KAUS,17,KXHIGHAUS-26AUG13-B101.5,0.6455,0.795,1.0
2026-08-13,KAUS,19,KXHIGHAUS-26AUG13-T106,0.0,0.005,0.0
2026-08-13,KAUS,19,KXHIGHAUS-26AUG13-B99.5,0.081,0.035,0.0
2026-08-13,KAUS,19,KXHIGHAUS-26AUG13-B105.5,0.0,0.015,0.0
2026-08-13,KAUS,19,KXHIGHAUS-26AUG13-B103.5,0.1545,0.19,0.0
2026-08-13,KAUS,19,KXHIGHAUS-26AUG13-T99,0.0,0.005,0.0
2026-08-13,KAUS,19,KXHIGHAUS-26AUG13-B101.5,0.7645,0.795,1.0
2026-08-14,KAUS,15,KXHIGHAUS-26AUG14-B101.5,0.046,0.125,0.0
2026-08-14,KAUS,15,KXHIGHAUS-26AUG14-B95.5,0.0575,0.025,0.0
2026-08-14,KAUS,15,KXHIGHAUS-26AUG14-B99.5,0.1325,0.635,0.0
2026-08-14,KAUS,15,KXHIGHAUS-26AUG14-B97.5,0.7505,0.2,1.0
2026-08-14,KAUS,15,KXHIGHAUS-26AUG14-T102,0.013,0.005,0.0
2026-08-14,KAUS,15,KXHIGHAUS-26AUG14-T95,0.0005,0.005,0.0
2026-08-14,KAUS,17,KXHIGHAUS-26AUG14-B101.5,0.0675,0.185,0.0
2026-08-14,KAUS,17,KXHIGHAUS-26AUG14-B95.5,0.056,0.015,0.0
2026-08-14,KAUS,17,KXHIGHAUS-26AUG14-B99.5,0.1705,0.8,0.0
2026-08-14,KAUS,17,KXHIGHAUS-26AUG14-B97.5,0.7035,0.035,1.0
2026-08-14,KAUS,17,KXHIGHAUS-26AUG14-T102,0.0025,0.005,0.0
2026-08-14,KAUS,17,KXHIGHAUS-26AUG14-T95,0.0,0.005,0.0
2026-08-14,KAUS,19,KXHIGHAUS-26AUG14-B101.5,0.0,0.07,0.0
2026-08-14,KAUS,19,KXHIGHAUS-26AUG14-B95.5,0.022,0.02,0.0
2026-08-14,KAUS,19,KXHIGHAUS-26AUG14-B99.5,0.1495,0.795,0.0
2026-08-14,KAUS,19,KXHIGHAUS-26AUG14-B97.5,0.8285,0.115,1.0
2026-08-14,KAUS,19,KXHIGHAUS-26AUG14-T102,0.0,0.005,0.0
2026-08-14,KAUS,19,KXHIGHAUS-26AUG14-T95,0.0,0.005,0.0
2026-08-15,KAUS,15,KXHIGHAUS-26AUG15-T105,0.0,0.005,0.0
2026-08-15,KAUS,15,KXHIGHAUS-26AUG15-T98,0.007,0.01,0.0
2026-08-15,KAUS,15,KXHIGHAUS-26AUG15-B102.5,0.5425,0.565,1.0
2026-08-15,KAUS,15,KXHIGHAUS-26AUG15-B98.5,0.0185,0.035,0.0
2026-08-15,KAUS,15,KXHIGHAUS-26AUG15-B100.5,0.425,0.37,0.0
2026-08-15,KAUS,15,KXHIGHAUS-26AUG15-B104.5,0.007,0.015,0.0
2026-08-15,KAUS,17,KXHIGHAUS-26AUG15-T105,0.0,0.005,0.0
2026-08-15,KAUS,17,KXHIGHAUS-26AUG15-T98,0.0035,0.005,0.0
2026-08-15,KAUS,17,KXHIGHAUS-26AUG15-B102.5,0.528,0.64,1.0
2026-08-15,KAUS,17,KXHIGHAUS-26AUG15-B98.5,0.025,0.045,0.0
2026-08-15,KAUS,17,KXHIGHAUS-26AUG15-B100.5,0.436,0.31,0.0
2026-08-15,KAUS,17,KXHIGHAUS-26AUG15-B104.5,0.0075,0.015,0.0
2026-08-15,KAUS,19,KXHIGHAUS-26AUG15-T105,0.0,0.005,0.0
2026-08-15,KAUS,19,KXHIGHAUS-26AUG15-T98,0.0,0.005,0.0
2026-08-15,KAUS,19,KXHIGHAUS-26AUG15-B102.5,0.6265,0.5549999999999999,1.0
2026-08-15,KAUS,19,KXHIGHAUS-26AUG15-B98.5,0.0,0.015,0.0
2026-08-15,KAUS,19,KXHIGHAUS-26AUG15-B100.5,0.357,0.43,0.0
2026-08-15,KAUS,19,KXHIGHAUS-26AUG15-B104.5,0.0165,0.015,0.0
2026-08-16,KAUS,15,KXHIGHAUS-26AUG16-T105,0.0,0.005,0.0
2026-08-16,KAUS,15,KXHIGHAUS-26AUG16-B98.5,0.043,0.025,0.0
2026-08-16,KAUS,15,KXHIGHAUS-26AUG16-B102.5,0.489,0.6799999999999999,1.0
2026-08-16,KAUS,15,KXHIGHAUS-26AUG16-T98,0.043,0.005,0.0
2026-08-16,KAUS,15,KXHIGHAUS-26AUG16-B100.5,0.4225,0.245,0.0
2026-08-16,KAUS,15,KXHIGHAUS-26AUG16-B104.5,0.0025,0.07500000000000001,0.0
2026-08-16,KAUS,17,KXHIGHAUS-26AUG16-T105,0.0,0.005,0.0
2026-08-16,KAUS,17,KXHIGHAUS-26AUG16-B98.5,0.0775,0.01,0.0
2026-08-16,KAUS,17,KXHIGHAUS-26AUG16-B102.5,0.4545,0.665,1.0
2026-08-16,KAUS,17,KXHIGHAUS-26AUG16-T98,0.02,0.005,0.0
2026-08-16,KAUS,17,KXHIGHAUS-26AUG16-B100.5,0.4435,0.165,0.0
2026-08-16,KAUS,17,KXHIGHAUS-26AUG16-B104.5,0.0045,0.175,0.0
2026-08-16,KAUS,19,KXHIGHAUS-26AUG16-T105,0.0,0.005,0.0
2026-08-16,KAUS,19,KXHIGHAUS-26AUG16-B98.5,0.05,0.01,0.0
2026-08-16,KAUS,19,KXHIGHAUS-26AUG16-B102.5,0.357,0.6950000000000001,1.0
2026-08-16,KAUS,19,KXHIGHAUS-26AUG16-T98,0.0,0.005,0.0
2026-08-16,KAUS,19,KXHIGHAUS-26AUG16-B100.5,0.592,0.24,0.0
2026-08-16,KAUS,19,KXHIGHAUS-26AUG16-B104.5,0.001,0.045,0.0
2026-08-17,KAUS,15,KXHIGHAUS-26AUG17-B102.5,0.4665,0.725,0.0
2026-08-17,KAUS,15,KXHIGHAUS-26AUG17-T105,0.0025,0.005,0.0
2026-08-17,KAUS,15,KXHIGHAUS-26AUG17-B98.5,0.0215,0.015,0.0
2026-08-17,KAUS,15,KXHIGHAUS-26AUG17-B100.5,0.043,0.085,0.0
2026-08-17,KAUS,15,KXHIGHAUS-26AUG17-T98,0.019,0.005,0.0
2026-08-17,KAUS,15,KXHIGHAUS-26AUG17-B104.5,0.4475,0.22,1.0
2026-08-17,KAUS,17,KXHIGHAUS-26AUG17-B102.5,0.4915,0.725,0.0
2026-08-17,KAUS,17,KXHIGHAUS-26AUG17-T105,0.0025,0.005,0.0
2026-08-17,KAUS,17,KXHIGHAUS-26AUG17-B98.5,0.0165,0.005,0.0
2026-08-17,KAUS,17,KXHIGHAUS-26AUG17-B100.5,0.081,0.10500000000000001,0.0
2026-08-17,KAUS,17,KXHIGHAUS-26AUG17-T98,0.002,0.005,0.0
2026-08-17,KAUS,17,KXHIGHAUS-26AUG17-B104.5,0.4065,0.125,1.0
2026-08-17,KAUS,19,KXHIGHAUS-26AUG17-B102.5,0.616,0.8200000000000001,0.0
2026-08-17,KAUS,19,KXHIGHAUS-26AUG17-T105,0.0,0.005,0.0
2026-08-17,KAUS,19,KXHIGHAUS-26AUG17-B98.5,0.0,0.005,0.0
2026-08-17,KAUS,19,KXHIGHAUS-26AUG17-B100.5,0.0545,0.05500000000000001,0.0
2026-08-17,KAUS,19,KXHIGHAUS-26AUG17-T98,0.0,0.005,0.0
2026-08-17,KAUS,19,KXHIGHAUS-26AUG17-B104.5,0.3295,0.155,1.0
2026-08-18,KAUS,15,KXHIGHAUS-26AUG18-B102.5,0.4915,0.675,1.0
2026-08-18,KAUS,15,KXHIGHAUS-26AUG18-B100.5,0.462,0.125,0.0
2026-08-18,KAUS,15,KXHIGHAUS-26AUG18-T105,0.0,0.005,0.0
2026-08-18,KAUS,15,KXHIGHAUS-26AUG18-B104.5,0.0035,0.19,0.0
2026-08-18,KAUS,15,KXHIGHAUS-26AUG18-B98.5,0.0285,0.015,0.0
2026-08-18,KAUS,15,KXHIGHAUS-26AUG18-T98,0.0145,0.005,0.0
2026-08-18,KAUS,17,KXHIGHAUS-26AUG18-B102.5,0.526,0.695,1.0
2026-08-18,KAUS,17,KXHIGHAUS-26AUG18-B100.5,0.436,0.08,0.0
2026-08-18,KAUS,17,KXHIGHAUS-26AUG18-T105,0.0,0.005,0.0
2026-08-18,KAUS,17,KXHIGHAUS-26AUG18-B104.5,0.012,0.225,0.0
2026-08-18,KAUS,17,KXHIGHAUS-26AUG18-B98.5,0.02,0.02,0.0
2026-08-18,KAUS,17,KXHIGHAUS-26AUG18-T98,0.006,0.005,0.0
2026-08-18,KAUS,19,KXHIGHAUS-26AUG18-B102.5,0.4545,0.74,1.0
2026-08-18,KAUS,19,KXHIGHAUS-26AUG18-B100.5,0.5445,0.11,0.0
2026-08-18,KAUS,19,KXHIGHAUS-26AUG18-T105,0.0,0.005,0.0
2026-08-18,KAUS,19,KXHIGHAUS-26AUG18-B104.5,0.0,0.14500000000000002,0.0
2026-08-18,KAUS,19,KXHIGHAUS-26AUG18-B98.5,0.001,0.015,0.0
2026-08-18,KAUS,19,KXHIGHAUS-26AUG18-T98,0.0,0.005,0.0
2026-08-19,KAUS,15,KXHIGHAUS-26AUG19-T107,0.0,0.005,0.0
2026-08-19,KAUS,15,KXHIGHAUS-26AUG19-B104.5,0.1095,0.255,0.0
2026-08-19,KAUS,15,KXHIGHAUS-26AUG19-B106.5,0.001,0.015,0.0
2026-08-19,KAUS,15,KXHIGHAUS-26AUG19-B102.5,0.805,0.65,1.0
2026-08-19,KAUS,15,KXHIGHAUS-26AUG19-T100,0.0185,0.005,0.0
2026-08-19,KAUS,15,KXHIGHAUS-26AUG19-B100.5,0.066,0.1,0.0
2026-08-19,KAUS,17,KXHIGHAUS-26AUG19-T107,0.0,0.005,0.0
2026-08-19,KAUS,17,KXHIGHAUS-26AUG19-B104.5,0.0855,0.165,0.0
2026-08-19,KAUS,17,KXHIGHAUS-26AUG19-B106.5,0.0,0.015,0.0
2026-08-19,KAUS,17,KXHIGHAUS-26AUG19-B102.5,0.786,0.735,1.0
2026-08-19,KAUS,17,KXHIGHAUS-26AUG19-T100,0.014,0.005,0.0
2026-08-19,KAUS,17,KXHIGHAUS-26AUG19-B100.5,0.1145,0.10500000000000001,0.0
2026-08-19,KAUS,19,KXHIGHAUS-26AUG19-T107,0.0,0.005,0.0
2026-08-19,KAUS,19,KXHIGHAUS-26AUG19-B104.5,0.0755,0.14500000000000002,0.0
2026-08-19,KAUS,19,KXHIGHAUS-26AUG19-B106.5,0.0,0.005,0.0
2026-08-19,KAUS,19,KXHIGHAUS-26AUG19-B102.5,0.841,0.73,1.0
2026-08-19,KAUS,19,KXHIGHAUS-26AUG19-T100,0.0,0.005,0.0
2026-08-19,KAUS,19,KXHIGHAUS-26AUG19-B100.5,0.0835,0.09,0.0
2026-08-20,KAUS,15,KXHIGHAUS-26AUG20-T100,0.0175,0.005,0.0
2026-08-20,KAUS,15,KXHIGHAUS-26AUG20-B100.5,0.038,0.035,0.0
2026-08-20,KAUS,15,KXHIGHAUS-26AUG20-B104.5,0.584,0.355,0.0
2026-08-20,KAUS,15,KXHIGHAUS-26AUG20-B106.5,0.0045,0.015,0.0
2026-08-20,KAUS,15,KXHIGHAUS-26AUG20-T107,0.0,0.005,0.0
2026-08-20,KAUS,15,KXHIGHAUS-26AUG20-B102.5,0.356,0.63,1.0
2026-08-20,KAUS,17,KXHIGHAUS-26AUG20-T100,0.0065,0.005,0.0
2026-08-20,KAUS,17,KXHIGHAUS-26AUG20-B100.5,0.038,0.065,0.0
2026-08-20,KAUS,17,KXHIGHAUS-26AUG20-B104.5,0.5975,0.245,0.0
2026-08-20,KAUS,17,KXHIGHAUS-26AUG20-B106.5,0.0035,0.01,0.0
2026-08-20,KAUS,17,KXHIGHAUS-26AUG20-T107,0.0,0.005,0.0
2026-08-20,KAUS,17,KXHIGHAUS-26AUG20-B102.5,0.3545,0.705,1.0
2026-08-20,KAUS,19,KXHIGHAUS-26AUG20-T100,0.0,0.005,0.0
2026-08-20,KAUS,19,KXHIGHAUS-26AUG20-B100.5,0.0,0.09,0.0
2026-08-20,KAUS,19,KXHIGHAUS-26AUG20-B104.5,0.5725,0.28500000000000003,0.0
2026-08-20,KAUS,19,KXHIGHAUS-26AUG20-B106.5,0.0025,0.005,0.0
2026-08-20,KAUS,19,KXHIGHAUS-26AUG20-T107,0.0,0.005,0.0
2026-08-20,KAUS,19,KXHIGHAUS-26AUG20-B102.5,0.425,0.655,1.0
2026-08-21,KAUS,15,KXHIGHAUS-26AUG21-B101.5,0.036,0.065,0.0
2026-08-21,KAUS,15,KXHIGHAUS-26AUG21-T101,0.023,0.025,0.0
2026-08-21,KAUS,15,KXHIGHAUS-26AUG21-B107.5,0.0,0.015,0.0
2026-08-21,KAUS,15,KXHIGHAUS-26AUG21-T108,0.0,0.005,0.0
2026-08-21,KAUS,15,KXHIGHAUS-26AUG21-B105.5,0.3625,0.245,0.0
2026-08-21,KAUS,15,KXHIGHAUS-26AUG21-B103.5,0.5785,0.66,1.0
2026-08-21,KAUS,17,KXHIGHAUS-26AUG21-B101.5,0.0875,0.165,0.0
2026-08-21,KAUS,17,KXHIGHAUS-26AUG21-T101,0.0385,0.025,0.0
2026-08-21,KAUS,17,KXHIGHAUS-26AUG21-B107.5,0.0,0.005,0.0
2026-08-21,KAUS,17,KXHIGHAUS-26AUG21-T108,0.0,0.005,0.0
2026-08-21,KAUS,17,KXHIGHAUS-26AUG21-B105.5,0.2935,0.165,0.0
2026-08-21,KAUS,17,KXHIGHAUS-26AUG21-B103.5,0.5805,0.665,1.0
2026-08-21,KAUS,19,KXHIGHAUS-26AUG21-B101.5,0.0035,0.175,0.0
2026-08-21,KAUS,19,KXHIGHAUS-26AUG21-T101,0.0,0.005,0.0
2026-08-21,KAUS,19,KXHIGHAUS-26AUG21-B107.5,0.0005,0.005,0.0
2026-08-21,KAUS,19,KXHIGHAUS-26AUG21-T108,0.0,0.005,0.0
2026-08-21,KAUS,19,KXHIGHAUS-26AUG21-B105.5,0.3655,0.15000000000000002,0.0
2026-08-21,KAUS,19,KXHIGHAUS-26AUG21-B103.5,0.6305,0.665,1.0
2026-08-22,KAUS,15,KXHIGHAUS-26AUG22-T109,0.0,0.005,0.0
2026-08-22,KAUS,15,KXHIGHAUS-26AUG22-B106.5,0.8005,0.4,1.0
2026-08-22,KAUS,15,KXHIGHAUS-26AUG22-B108.5,0.0515,0.025,0.0
2026-08-22,KAUS,15,KXHIGHAUS-26AUG22-T102,0.01,0.01,0.0
2026-08-22,KAUS,15,KXHIGHAUS-26AUG22-B104.5,0.122,0.54,0.0
2026-08-22,KAUS,15,KXHIGHAUS-26AUG22-B102.5,0.016,0.03,0.0
2026-08-22,KAUS,17,KXHIGHAUS-26AUG22-T109,0.0,0.005,0.0
2026-08-22,KAUS,17,KXHIGHAUS-26AUG22-B106.5,0.782,0.43,1.0
2026-08-22,KAUS,17,KXHIGHAUS-26AUG22-B108.5,0.0365,0.015,0.0
2026-08-22,KAUS,17,KXHIGHAUS-26AUG22-T102,0.0055,0.005,0.0
2026-08-22,KAUS,17,KXHIGHAUS-26AUG22-B104.5,0.1475,0.545,0.0
2026-08-22,KAUS,17,KXHIGHAUS-26AUG22-B102.5,0.0285,0.03,0.0
2026-08-22,KAUS,19,KXHIGHAUS-26AUG22-T109,0.0,0.005,0.0
2026-08-22,KAUS,19,KXHIGHAUS-26AUG22-B106.5,0.7305,0.44,1.0
2026-08-22,KAUS,19,KXHIGHAUS-26AUG22-B108.5,0.0175,0.015,0.0
2026-08-22,KAUS,19,KXHIGHAUS-26AUG22-T102,0.0,0.005,0.0
2026-08-22,KAUS,19,KXHIGHAUS-26AUG22-B104.5,0.2515,0.525,0.0
2026-08-22,KAUS,19,KXHIGHAUS-26AUG22-B102.5,0.0005,0.035,0.0
2026-08-23,KAUS,15,KXHIGHAUS-26AUG23-B102.5,0.014,0.035,0.0
2026-08-23,KAUS,15,KXHIGHAUS-26AUG23-B106.5,0.4395,0.575,0.0
2026-08-23,KAUS,15,KXHIGHAUS-26AUG23-T102,0.008,0.005,0.0
2026-08-23,KAUS,15,KXHIGHAUS-26AUG23-T109,0.0,0.005,0.0
2026-08-23,KAUS,15,KXHIGHAUS-26AUG23-B104.5,0.5325,0.3,1.0
2026-08-23,KAUS,15,KXHIGHAUS-26AUG23-B108.5,0.006,0.095,0.0
2026-08-23,KAUS,17,KXHIGHAUS-26AUG23-B102.5,0.014,0.025,0.0
2026-08-23,KAUS,17,KXHIGHAUS-26AUG23-B106.5,0.458,0.6799999999999999,0.0
2026-08-23,KAUS,17,KXHIGHAUS-26AUG23-T102,0.0055,0.005,0.0
2026-08-23,KAUS,17,KXHIGHAUS-26AUG23-T109,0.0,0.005,0.0
2026-08-23,KAUS,17,KXHIGHAUS-26AUG23-B104.5,0.509,0.135,1.0
2026-08-23,KAUS,17,KXHIGHAUS-26AUG23-B108.5,0.0135,0.16,0.0
2026-08-23,KAUS,19,KXHIGHAUS-26AUG23-B102.5,0.0005,0.01,0.0
2026-08-23,KAUS,19,KXHIGHAUS-26AUG23-B106.5,0.4365,0.645,0.0
2026-08-23,KAUS,19,KXHIGHAUS-26AUG23-T102,0.0,0.005,0.0
2026-08-23,KAUS,19,KXHIGHAUS-26AUG23-T109,0.0,0.005,0.0
2026-08-23,KAUS,19,KXHIGHAUS-26AUG23-B104.5,0.5625,0.235,1.0
2026-08-23,KAUS,19,KXHIGHAUS-26AUG23-B108.5,0.0005,0.11,0.0
2026-08-24,KAUS,15,KXHIGHAUS-26AUG24-T102,0.0145,0.005,0.0
2026-08-24,KAUS,15,KXHIGHAUS-26AUG24-T109,0.0,0.005,0.0
2026-08-24,KAUS,15,KXHIGHAUS-26AUG24-B106.5,0.013,0.18,0.0
2026-08-24,KAUS,15,KXHIGHAUS-26AUG24-B108.5,0.0,0.005,0.0
2026-08-24,KAUS,15,KXHIGHAUS-26AUG24-B102.5,0.2575,0.11499999999999999,0.0
2026-08-24,KAUS,15,KXHIGHAUS-26AUG24-B104.5,0.715,0.705,1.0
2026-08-24,KAUS,17,KXHIGHAUS-26AUG24-T102,0.063,0.005,0.0
2026-08-24,KAUS,17,KXHIGHAUS-26AUG24-T109,0.0,0.005,0.0
2026-08-24,KAUS,17,KXHIGHAUS-26AUG24-B106.5,0.0045,0.11499999999999999,0.0
2026-08-24,KAUS,17,KXHIGHAUS-26AUG24-B108.5,0.0,0.005,0.0
2026-08-24,KAUS,17,KXHIGHAUS-26AUG24-B102.5,0.2945,0.14500000000000002,0.0
2026-08-24,KAUS,17,KXHIGHAUS-26AUG24-B104.5,0.638,0.765,1.0
2026-08-24,KAUS,19,KXHIGHAUS-26AUG24-T102,0.0,0.015,0.0
2026-08-24,KAUS,19,KXHIGHAUS-26AUG24-T109,0.0,0.005,0.0
2026-08-24,KAUS,19,KXHIGHAUS-26AUG24-B106.5,0.0055,0.11,0.0
2026-08-24,KAUS,19,KXHIGHAUS-26AUG24-B108.5,0.0,0.005,0.0
2026-08-24,KAUS,19,KXHIGHAUS-26AUG24-B102.5,0.3425,0.33499999999999996,0.0
2026-08-24,KAUS,19,KXHIGHAUS-26AUG24-B104.5,0.652,0.565,1.0
2026-07-01,KLAX,15,KXHIGHLAX-26JUL01-T72,0.103,0.055,0.0
2026-07-01,KLAX,15,KXHIGHLAX-26JUL01-B71.5,0.5095,0.655,1.0
2026-07-01,KLAX,15,KXHIGHLAX-26JUL01-B65.5,0.0,0.005,0.0
2026-07-01,KLAX,15,KXHIGHLAX-26JUL01-B69.5,0.3745,0.305,0.0
2026-07-01,KLAX,15,KXHIGHLAX-26JUL01-T65,0.0,0.005,0.0
2026-07-01,KLAX,15,KXHIGHLAX-26JUL01-B67.5,0.013,0.025,0.0
2026-07-01,KLAX,17,KXHIGHLAX-26JUL01-T72,0.018,0.07,0.0
2026-07-01,KLAX,17,KXHIGHLAX-26JUL01-B71.5,0.428,0.575,1.0
2026-07-01,KLAX,17,KXHIGHLAX-26JUL01-B65.5,0.0,0.005,0.0
2026-07-01,KLAX,17,KXHIGHLAX-26JUL01-B69.5,0.485,0.355,0.0
2026-07-01,KLAX,17,KXHIGHLAX-26JUL01-T65,0.0,0.005,0.0
2026-07-01,KLAX,17,KXHIGHLAX-26JUL01-B67.5,0.069,0.035,0.0
2026-07-01,KLAX,19,KXHIGHLAX-26JUL01-T72,0.016,0.055,0.0
2026-07-01,KLAX,19,KXHIGHLAX-26JUL01-B71.5,0.255,0.52,1.0
2026-07-01,KLAX,19,KXHIGHLAX-26JUL01-B65.5,0.0,0.005,0.0
2026-07-01,KLAX,19,KXHIGHLAX-26JUL01-B69.5,0.6865,0.45999999999999996,0.0
2026-07-01,KLAX,19,KXHIGHLAX-26JUL01-T65,0.0,0.005,0.0
2026-07-01,KLAX,19,KXHIGHLAX-26JUL01-B67.5,0.0425,0.015,0.0
2026-07-02,KLAX,15,KXHIGHLAX-26JUL02-B66.5,0.0,0.005,0.0
2026-07-02,KLAX,15,KXHIGHLAX-26JUL02-T73,0.171,0.225,0.0
2026-07-02,KLAX,15,KXHIGHLAX-26JUL02-T66,0.0,0.005,0.0
2026-07-02,KLAX,15,KXHIGHLAX-26JUL02-B70.5,0.136,0.10500000000000001,0.0
2026-07-02,KLAX,15,KXHIGHLAX-26JUL02-B68.5,0.001,0.005,0.0
2026-07-02,KLAX,15,KXHIGHLAX-26JUL02-B72.5,0.692,0.6950000000000001,1.0
2026-07-02,KLAX,17,KXHIGHLAX-26JUL02-T73,0.1025,0.225,0.0
2026-07-02,KLAX,17,KXHIGHLAX-26JUL02-T66,0.0,0.005,0.0
2026-07-02,KLAX,17,KXHIGHLAX-26JUL02-B70.5,0.2005,0.165,0.0
2026-07-02,KLAX,17,KXHIGHLAX-26JUL02-B68.5,0.096,0.015,0.0
2026-07-02,KLAX,17,KXHIGHLAX-26JUL02-B72.5,0.5995,0.625,1.0
2026-07-02,KLAX,19,KXHIGHLAX-26JUL02-B66.5,0.0,0.005,0.0
2026-07-02,KLAX,19,KXHIGHLAX-26JUL02-T73,0.3235,0.24,0.0
2026-07-02,KLAX,19,KXHIGHLAX-26JUL02-T66,0.0,0.005,0.0
2026-07-02,KLAX,19,KXHIGHLAX-26JUL02-B70.5,0.0,0.060000000000000005,0.0
2026-07-02,KLAX,19,KXHIGHLAX-26JUL02-B68.5,0.0,0.005,0.0
2026-07-02,KLAX,19,KXHIGHLAX-26JUL02-B72.5,0.6765,0.715,1.0
2026-07-03,KLAX,15,KXHIGHLAX-26JUL03-B71.5,0.3455,0.045,0.0
2026-07-03,KLAX,15,KXHIGHLAX-26JUL03-B67.5,0.0,0.005,0.0
2026-07-03,KLAX,15,KXHIGHLAX-26JUL03-T67,0.0,0.005,0.0
2026-07-03,KLAX,15,KXHIGHLAX-26JUL03-T74,0.0955,0.315,0.0
2026-07-03,KLAX,15,KXHIGHLAX-26JUL03-B69.5,0.079,0.005,0.0
2026-07-03,KLAX,15,KXHIGHLAX-26JUL03-B73.5,0.48,0.665,1.0
2026-07-03,KLAX,17,KXHIGHLAX-26JUL03-B71.5,0.1435,0.025,0.0
2026-07-03,KLAX,17,KXHIGHLAX-26JUL03-B67.5,0.0,0.005,0.0
2026-07-03,KLAX,17,KXHIGHLAX-26JUL03-T67,0.0,0.005,0.0
2026-07-03,KLAX,17,KXHIGHLAX-26JUL03-T74,0.273,0.295,0.0
2026-07-03,KLAX,17,KXHIGHLAX-26JUL03-B69.5,0.001,0.005,0.0
2026-07-03,KLAX,17,KXHIGHLAX-26JUL03-B73.5,0.5825,0.705,1.0
2026-07-03,KLAX,19,KXHIGHLAX-26JUL03-B71.5,0.3515,0.065,0.0
2026-07-03,KLAX,19,KXHIGHLAX-26JUL03-B67.5,0.0,0.005,0.0
2026-07-03,KLAX,19,KXHIGHLAX-26JUL03-T67,0.0,0.005,0.0
2026-07-03,KLAX,19,KXHIGHLAX-26JUL03-T74,0.1045,0.155,0.0
2026-07-03,KLAX,19,KXHIGHLAX-26JUL03-B69.5,0.002,0.005,0.0
2026-07-03,KLAX,19,KXHIGHLAX-26JUL03-B73.5,0.542,0.795,1.0
2026-07-04,KLAX,15,KXHIGHLAX-26JUL04-B71.5,0.0725,0.015,0.0
2026-07-04,KLAX,15,KXHIGHLAX-26JUL04-B73.5,0.5165,0.745,0.0
2026-07-04,KLAX,15,KXHIGHLAX-26JUL04-T74,0.4105,0.235,1.0
2026-07-04,KLAX,15,KXHIGHLAX-26JUL04-T67,0.0,0.005,0.0
2026-07-04,KLAX,15,KXHIGHLAX-26JUL04-B69.5,0.0005,0.005,0.0
2026-07-04,KLAX,15,KXHIGHLAX-26JUL04-B67.5,0.0,0.005,0.0
2026-07-04,KLAX,17,KXHIGHLAX-26JUL04-B71.5,0.1965,0.025,0.0
2026-07-04,KLAX,17,KXHIGHLAX-26JUL04-B73.5,0.5415,0.675,0.0
2026-07-04,KLAX,17,KXHIGHLAX-26JUL04-T74,0.26,0.31,1.0
2026-07-04,KLAX,17,KXHIGHLAX-26JUL04-T67,0.0,0.005,0.0
2026-07-04,KLAX,17,KXHIGHLAX-26JUL04-B69.5,0.002,0.005,0.0
2026-07-04,KLAX,17,KXHIGHLAX-26JUL04-B67.5,0.0,0.005,0.0
2026-07-04,KLAX,19,KXHIGHLAX-26JUL04-B71.5,0.0825,0.005,0.0
2026-07-04,KLAX,19,KXHIGHLAX-26JUL04-B73.5,0.7235,0.645,0.0
2026-07-04,KLAX,19,KXHIGHLAX-26JUL04-T74,0.194,0.36,1.0
2026-07-04,KLAX,19,KXHIGHLAX-26JUL04-T67,0.0,0.005,0.0
2026-07-04,KLAX,19,KXHIGHLAX-26JUL04-B69.5,0.0,0.005,0.0
2026-07-04,KLAX,19,KXHIGHLAX-26JUL04-B67.5,0.0,0.005,0.0
2026-07-05,KLAX,15,KXHIGHLAX-26JUL05-B76.5,0.244,0.29000000000000004,0.0
2026-07-05,KLAX,15,KXHIGHLAX-26JUL05-T70,0.0,0.005,0.0
2026-07-05,KLAX,15,KXHIGHLAX-26JUL05-B74.5,0.614,0.595,1.0
2026-07-05,KLAX,15,KXHIGHLAX-26JUL05-B70.5,0.001,0.005,0.0
2026-07-05,KLAX,15,KXHIGHLAX-26JUL05-T77,0.008,0.14,0.0
2026-07-05,KLAX,15,KXHIGHLAX-26JUL05-B72.5,0.133,0.015,0.0
2026-07-05,KLAX,17,KXHIGHLAX-26JUL05-B76.5,0.155,0.24,0.0
2026-07-05,KLAX,17,KXHIGHLAX-26JUL05-T70,0.0,0.005,0.0
2026-07-05,KLAX,17,KXHIGHLAX-26JUL05-B74.5,0.6835,0.635,1.0
2026-07-05,KLAX,17,KXHIGHLAX-26JUL05-B70.5,0.0,0.005,0.0
2026-07-05,KLAX,17,KXHIGHLAX-26JUL05-T77,0.0185,0.135,0.0
2026-07-05,KLAX,17,KXHIGHLAX-26JUL05-B72.5,0.143,0.035,0.0
2026-07-05,KLAX,19,KXHIGHLAX-26JUL05-B76.5,0.0535,0.14500000000000002,0.0
2026-07-05,KLAX,19,KXHIGHLAX-26JUL05-T70,0.0,0.005,0.0
2026-07-05,KLAX,19,KXHIGHLAX-26JUL05-B74.5,0.6105,0.735,1.0
2026-07-05,KLAX,19,KXHIGHLAX-26JUL05-B70.5,0.0,0.005,0.0
2026-07-05,KLAX,19,KXHIGHLAX-26JUL05-T77,0.0,0.005,0.0
2026-07-05,KLAX,19,KXHIGHLAX-26JUL05-B72.5,0.336,0.07500000000000001,0.0
2026-07-06,KLAX,15,KXHIGHLAX-26JUL06-T70,0.0,0.005,0.0
2026-07-06,KLAX,15,KXHIGHLAX-26JUL06-T77,0.0205,0.08499999999999999,0.0
2026-07-06,KLAX,15,KXHIGHLAX-26JUL06-B72.5,0.045,0.035,0.0
2026-07-06,KLAX,15,KXHIGHLAX-26JUL06-B74.5,0.486,0.645,1.0
2026-07-06,KLAX,15,KXHIGHLAX-26JUL06-B70.5,0.0005,0.005,0.0
2026-07-06,KLAX,15,KXHIGHLAX-26JUL06-B76.5,0.448,0.295,0.0
2026-07-06,KLAX,17,KXHIGHLAX-26JUL06-T70,0.0,0.005,0.0
2026-07-06,KLAX,17,KXHIGHLAX-26JUL06-T77,0.1645,0.035,0.0
2026-07-06,KLAX,17,KXHIGHLAX-26JUL06-B72.5,0.0,0.015,0.0
2026-07-06,KLAX,17,KXHIGHLAX-26JUL06-B74.5,0.427,0.675,1.0
2026-07-06,KLAX,17,KXHIGHLAX-26JUL06-B70.5,0.0,0.005,0.0
2026-07-06,KLAX,17,KXHIGHLAX-26JUL06-B76.5,0.4085,0.305,0.0
2026-07-06,KLAX,19,KXHIGHLAX-26JUL06-T70,0.0,0.005,0.0
2026-07-06,KLAX,19,KXHIGHLAX-26JUL06-T77,0.023,0.065,0.0
2026-07-06,KLAX,19,KXHIGHLAX-26JUL06-B72.5,0.0,0.005,0.0
2026-07-06,KLAX,19,KXHIGHLAX-26JUL06-B74.5,0.557,0.67,1.0
2026-07-06,KLAX,19,KXHIGHLAX-26JUL06-B70.5,0.0,0.005,0.0
2026-07-06,KLAX,19,KXHIGHLAX-26JUL06-B76.5,0.42,0.29000000000000004,0.0
2026-07-07,KLAX,15,KXHIGHLAX-26JUL07-T76,0.2175,0.43,0.0
2026-07-07,KLAX,15,KXHIGHLAX-26JUL07-B75.5,0.631,0.555,0.0
2026-07-07,KLAX,15,KXHIGHLAX-26JUL07-T69,0.0,0.005,0.0
2026-07-07,KLAX,15,KXHIGHLAX-26JUL07-B71.5,0.001,0.005,0.0
2026-07-07,KLAX,15,KXHIGHLAX-26JUL07-B69.5,0.0,0.005,0.0
2026-07-07,KLAX,15,KXHIGHLAX-26JUL07-B73.5,0.1505,0.045,1.0
2026-07-07,KLAX,17,KXHIGHLAX-26JUL07-T76,0.1585,0.3,0.0
2026-07-07,KLAX,17,KXHIGHLAX-26JUL07-B75.5,0.5495,0.66,0.0
2026-07-07,KLAX,17,KXHIGHLAX-26JUL07-T69,0.0,0.005,0.0
2026-07-07,KLAX,17,KXHIGHLAX-26JUL07-B71.5,0.052,0.005,0.0
2026-07-07,KLAX,17,KXHIGHLAX-26JUL07-B69.5,0.0,0.005,0.0
2026-07-07,KLAX,17,KXHIGHLAX-26JUL07-B73.5,0.24,0.065,1.0
2026-07-07,KLAX,19,KXHIGHLAX-26JUL07-T76,0.1125,0.07,0.0
2026-07-07,KLAX,19,KXHIGHLAX-26JUL07-B75.5,0.526,0.675,0.0
2026-07-07,KLAX,19,KXHIGHLAX-26JUL07-T69,0.0,0.005,0.0
2026-07-07,KLAX,19,KXHIGHLAX-26JUL07-B71.5,0.0025,0.005,0.0
2026-07-07,KLAX,19,KXHIGHLAX-26JUL07-B69.5,0.0,0.005,0.0
2026-07-07,KLAX,19,KXHIGHLAX-26JUL07-B73.5,0.359,0.265,1.0
2026-07-08,KLAX,15,KXHIGHLAX-26JUL08-T78,0.002,0.07500000000000001,0.0
2026-07-08,KLAX,15,KXHIGHLAX-26JUL08-B75.5,0.59,0.555,0.0
2026-07-08,KLAX,15,KXHIGHLAX-26JUL08-B77.5,0.179,0.335,0.0
2026-07-08,KLAX,15,KXHIGHLAX-26JUL08-B73.5,0.2185,0.08499999999999999,1.0
2026-07-08,KLAX,15,KXHIGHLAX-26JUL08-B71.5,0.0105,0.005,0.0
2026-07-08,KLAX,15,KXHIGHLAX-26JUL08-T71,0.0,0.005,0.0
2026-07-08,KLAX,17,KXHIGHLAX-26JUL08-T78,0.002,0.045,0.0
2026-07-08,KLAX,17,KXHIGHLAX-26JUL08-B75.5,0.5055,0.665,0.0
2026-07-08,KLAX,17,KXHIGHLAX-26JUL08-B77.5,0.177,0.195,0.0
2026-07-08,KLAX,17,KXHIGHLAX-26JUL08-B73.5,0.3035,0.135,1.0
2026-07-08,KLAX,17,KXHIGHLAX-26JUL08-B71.5,0.012,0.005,0.0
2026-07-08,KLAX,17,KXHIGHLAX-26JUL08-T71,0.0,0.005,0.0
2026-07-08,KLAX,19,KXHIGHLAX-26JUL08-T78,0.01,0.005,0.0
2026-07-08,KLAX,19,KXHIGHLAX-26JUL08-B75.5,0.7165,0.565,0.0
2026-07-08,KLAX,19,KXHIGHLAX-26JUL08-B77.5,0.124,0.015,0.0
2026-07-08,KLAX,19,KXHIGHLAX-26JUL08-B73.5,0.1495,0.42,1.0
2026-07-08,KLAX,19,KXHIGHLAX-26JUL08-B71.5,0.0,0.005,0.0
2026-07-08,KLAX,19,KXHIGHLAX-26JUL08-T71,0.0,0.005,0.0
2026-07-09,KLAX,15,KXHIGHLAX-26JUL09-T80,0.0,0.015,0.0
2026-07-09,KLAX,15,KXHIGHLAX-26JUL09-B73.5,0.149,0.185,1.0
2026-07-09,KLAX,15,KXHIGHLAX-26JUL09-B75.5,0.4755,0.5700000000000001,0.0
2026-07-09,KLAX,15,KXHIGHLAX-26JUL09-T73,0.0145,0.005,0.0
2026-07-09,KLAX,15,KXHIGHLAX-26JUL09-B77.5,0.344,0.235,0.0
2026-07-09,KLAX,15,KXHIGHLAX-26JUL09-B79.5,0.017,0.025,0.0
2026-07-09,KLAX,17,KXHIGHLAX-26JUL09-T80,0.0005,0.005,0.0
2026-07-09,KLAX,17,KXHIGHLAX-26JUL09-B73.5,0.3715,0.36,1.0
2026-07-09,KLAX,17,KXHIGHLAX-26JUL09-B75.5,0.4295,0.58,0.0
2026-07-09,KLAX,17,KXHIGHLAX-26JUL09-T73,0.101,0.005,0.0
2026-07-09,KLAX,17,KXHIGHLAX-26JUL09-B77.5,0.094,0.065,0.0
2026-07-09,KLAX,17,KXHIGHLAX-26JUL09-B79.5,0.0035,0.005,0.0
2026-07-09,KLAX,19,KXHIGHLAX-26JUL09-T80,0.0,0.005,0.0
2026-07-09,KLAX,19,KXHIGHLAX-26JUL09-B73.5,0.6615,0.45999999999999996,1.0
2026-07-09,KLAX,19,KXHIGHLAX-26JUL09-B75.5,0.2205,0.51,0.0
2026-07-09,KLAX,19,KXHIGHLAX-26JUL09-T73,0.064,0.005,0.0
2026-07-09,KLAX,19,KXHIGHLAX-26JUL09-B77.5,0.052,0.035,0.0
2026-07-09,KLAX,19,KXHIGHLAX-26JUL09-B79.5,0.002,0.005,0.0
2026-07-10,KLAX,15,KXHIGHLAX-26JUL10-T74,0.4025,0.14,0.0
2026-07-10,KLAX,15,KXHIGHLAX-26JUL10-B74.5,0.517,0.535,1.0
2026-07-10,KLAX,15,KXHIGHLAX-26JUL10-B76.5,0.0775,0.245,0.0
2026-07-10,KLAX,15,KXHIGHLAX-26JUL10-B80.5,0.0,0.015,0.0
2026-07-10,KLAX,15,KXHIGHLAX-26JUL10-T81,0.0,0.005,0.0
2026-07-10,KLAX,15,KXHIGHLAX-26JUL10-B78.5,0.003,0.10500000000000001,0.0
2026-07-10,KLAX,17,KXHIGHLAX-26JUL10-T74,0.0,0.055,0.0
2026-07-10,KLAX,17,KXHIGHLAX-26JUL10-B74.5,0.531,0.535,1.0
2026-07-10,KLAX,17,KXHIGHLAX-26JUL10-B76.5,0.288,0.355,0.0
2026-07-10,KLAX,17,KXHIGHLAX-26JUL10-B80.5,0.0215,0.005,0.0
2026-07-10,KLAX,17,KXHIGHLAX-26JUL10-T81,0.0,0.005,0.0
2026-07-10,KLAX,17,KXHIGHLAX-26JUL10-B78.5,0.1595,0.055,0.0
2026-07-10,KLAX,19,KXHIGHLAX-26JUL10-T74,0.0,0.005,0.0
2026-07-10,KLAX,19,KXHIGHLAX-26JUL10-B74.5,0.645,0.925,1.0
2026-07-10,KLAX,19,KXHIGHLAX-26JUL10-B76.5,0.331,0.07,0.0
2026-07-10,KLAX,19,KXHIGHLAX-26JUL10-B80.5,0.001,0.005,0.0
2026-07-10,KLAX,19,KXHIGHLAX-26JUL10-T81,0.0,0.005,0.0
2026-07-10,KLAX,19,KXHIGHLAX-26JUL10-B78.5,0.023,0.005,0.0
2026-07-11,KLAX,15,KXHIGHLAX-26JUL11-T80,0.0,0.005,0.0
2026-07-11,KLAX,15,KXHIGHLAX-26JUL11-B79.5,0.0025,0.015,0.0
2026-07-11,KLAX,15,KXHIGHLAX-26JUL11-T73,0.0315,0.005,0.0
2026-07-11,KLAX,15,KXHIGHLAX-26JUL11-B73.5,0.349,0.155,0.0
2026-07-11,KLAX,15,KXHIGHLAX-26JUL11-B77.5,0.0785,0.155,1.0
2026-07-11,KLAX,15,KXHIGHLAX-26JUL11-B75.5,0.5385,0.665,0.0
2026-07-11,KLAX,17,KXHIGHLAX-26JUL11-T80,0.0195,0.005,0.0
2026-07-11,KLAX,17,KXHIGHLAX-26JUL11-B79.5,0.1425,0.015,0.0
2026-07-11,KLAX,17,KXHIGHLAX-26JUL11-T73,0.0,0.025,0.0
2026-07-11,KLAX,17,KXHIGHLAX-26JUL11-B73.5,0.1705,0.28500000000000003,0.0
2026-07-11,KLAX,17,KXHIGHLAX-26JUL11-B77.5,0.225,0.11499999999999999,1.0
2026-07-11,KLAX,17,KXHIGHLAX-26JUL11-B75.5,0.4425,0.555,0.0
2026-07-11,KLAX,19,KXHIGHLAX-26JUL11-T80,0.0,0.005,0.0
2026-07-11,KLAX,19,KXHIGHLAX-26JUL11-B79.5,0.0165,0.035,0.0
2026-07-11,KLAX,19,KXHIGHLAX-26JUL11-T73,0.0,0.005,0.0
2026-07-11,KLAX,19,KXHIGHLAX-26JUL11-B73.5,0.122,0.005,0.0
2026-07-11,KLAX,19,KXHIGHLAX-26JUL11-B77.5,0.3125,0.2,1.0
2026-07-11,KLAX,19,KXHIGHLAX-26JUL11-B75.5,0.549,0.79,0.0
2026-07-12,KLAX,15,KXHIGHLAX-26JUL12-T79,0.0135,0.31,0.0
2026-07-12,KLAX,15,KXHIGHLAX-26JUL12-T72,0.0,0.005,0.0
2026-07-12,KLAX,15,KXHIGHLAX-26JUL12-B74.5,0.4725,0.025,0.0
2026-07-12,KLAX,15,KXHIGHLAX-26JUL12-B76.5,0.2875,0.28,1.0
2026-07-12,KLAX,15,KXHIGHLAX-26JUL12-B72.5,0.0585,0.005,0.0
2026-07-12,KLAX,15,KXHIGHLAX-26JUL12-B78.5,0.168,0.415,0.0
2026-07-12,KLAX,17,KXHIGHLAX-26JUL12-T79,0.014,0.08499999999999999,0.0
2026-07-12,KLAX,17,KXHIGHLAX-26JUL12-T72,0.0,0.005,0.0
2026-07-12,KLAX,17,KXHIGHLAX-26JUL12-B74.5,0.627,0.060000000000000005,0.0
2026-07-12,KLAX,17,KXHIGHLAX-26JUL12-B76.5,0.2645,0.515,1.0
2026-07-12,KLAX,17,KXHIGHLAX-26JUL12-B72.5,0.0,0.005,0.0
2026-07-12,KLAX,17,KXHIGHLAX-26JUL12-B78.5,0.0945,0.35,0.0
2026-07-12,KLAX,19,KXHIGHLAX-26JUL12-T79,0.0,0.015,0.0
2026-07-12,KLAX,19,KXHIGHLAX-26JUL12-T72,0.0,0.005,0.0
2026-07-12,KLAX,19,KXHIGHLAX-26JUL12-B74.5,0.673,0.005,0.0
2026-07-12,KLAX,19,KXHIGHLAX-26JUL12-B76.5,0.3115,0.985,1.0
2026-07-12,KLAX,19,KXHIGHLAX-26JUL12-B72.5,0.0,0.005,0.0
2026-07-12,KLAX,19,KXHIGHLAX-26JUL12-B78.5,0.0155,0.015,0.0
2026-07-13,KLAX,15,KXHIGHLAX-26JUL13-B75.5,0.5475,0.455,1.0
2026-07-13,KLAX,15,KXHIGHLAX-26JUL13-T69,0.0,0.005,0.0
2026-07-13,KLAX,15,KXHIGHLAX-26JUL13-B69.5,0.0,0.005,0.0
2026-07-13,KLAX,15,KXHIGHLAX-26JUL13-B73.5,0.2425,0.065,0.0
2026-07-13,KLAX,15,KXHIGHLAX-26JUL13-B71.5,0.011,0.005,0.0
2026-07-13,KLAX,15,KXHIGHLAX-26JUL13-T76,0.199,0.5,0.0
2026-07-13,KLAX,17,KXHIGHLAX-26JUL13-B75.5,0.505,0.52,1.0
2026-07-13,KLAX,17,KXHIGHLAX-26JUL13-T69,0.0,0.005,0.0
2026-07-13,KLAX,17,KXHIGHLAX-26JUL13-B69.5,0.0,0.005,0.0
2026-07-13,KLAX,17,KXHIGHLAX-26JUL13-B73.5,0.223,0.15000000000000002,0.0
2026-07-13,KLAX,17,KXHIGHLAX-26JUL13-B71.5,0.013,0.005,0.0
2026-07-13,KLAX,17,KXHIGHLAX-26JUL13-T76,0.259,0.33,0.0
2026-07-13,KLAX,19,KXHIGHLAX-26JUL13-B75.5,0.538,0.84,1.0
2026-07-13,KLAX,19,KXHIGHLAX-26JUL13-T69,0.0,0.005,0.0
2026-07-13,KLAX,19,KXHIGHLAX-26JUL13-B69.5,0.0,0.005,0.0
2026-07-13,KLAX,19,KXHIGHLAX-26JUL13-B73.5,0.106,0.005,0.0
2026-07-13,KLAX,19,KXHIGHLAX-26JUL13-B71.5,0.0,0.005,0.0
2026-07-13,KLAX,19,KXHIGHLAX-26JUL13-T76,0.356,0.16999999999999998,0.0
2026-07-14,KLAX,15,KXHIGHLAX-26JUL14-B74.5,0.287,0.335,0.0
2026-07-14,KLAX,15,KXHIGHLAX-26JUL14-B80.5,0.0005,0.015,0.0
2026-07-14,KLAX,15,KXHIGHLAX-26JUL14-B76.5,0.5655,0.515,1.0
2026-07-14,KLAX,15,KXHIGHLAX-26JUL14-T81,0.0,0.005,0.0
2026-07-14,KLAX,15,KXHIGHLAX-26JUL14-T74,0.0125,0.005,0.0
2026-07-14,KLAX,15,KXHIGHLAX-26JUL14-B78.5,0.1345,0.165,0.0
2026-07-14,KLAX,17,KXHIGHLAX-26JUL14-B74.5,0.361,0.355,0.0
2026-07-14,KLAX,17,KXHIGHLAX-26JUL14-B80.5,0.002,0.025,0.0
2026-07-14,KLAX,17,KXHIGHLAX-26JUL14-B76.5,0.506,0.485,1.0
2026-07-14,KLAX,17,KXHIGHLAX-26JUL14-T81,0.0,0.005,0.0
2026-07-14,KLAX,17,KXHIGHLAX-26JUL14-T74,0.021,0.005,0.0
2026-07-14,KLAX,17,KXHIGHLAX-26JUL14-B78.5,0.11,0.14500000000000002,0.0
2026-07-14,KLAX,19,KXHIGHLAX-26JUL14-B74.5,0.224,0.405,0.0
2026-07-14,KLAX,19,KXHIGHLAX-26JUL14-B80.5,0.0095,0.005,0.0
2026-07-14,KLAX,19,KXHIGHLAX-26JUL14-B76.5,0.6715,0.555,1.0
2026-07-14,KLAX,19,KXHIGHLAX-26JUL14-T81,0.0,0.005,0.0
2026-07-14,KLAX,19,KXHIGHLAX-26JUL14-T74,0.0,0.005,0.0
2026-07-14,KLAX,19,KXHIGHLAX-26JUL14-B78.5,0.095,0.035,0.0
2026-07-15,KLAX,15,KXHIGHLAX-26JUL15-B78.5,0.1875,0.055,0.0
2026-07-15,KLAX,15,KXHIGHLAX-26JUL15-B82.5,0.3255,0.42,0.0
2026-07-15,KLAX,15,KXHIGHLAX-26JUL15-B80.5,0.3965,0.33,1.0
2026-07-15,KLAX,15,KXHIGHLAX-26JUL15-B84.5,0.0235,0.165,0.0
2026-07-15,KLAX,15,KXHIGHLAX-26JUL15-T78,0.067,0.005,0.0
2026-07-15,KLAX,15,KXHIGHLAX-26JUL15-T85,0.0,0.07500000000000001,0.0
2026-07-15,KLAX,17,KXHIGHLAX-26JUL15-B78.5,0.3765,0.275,0.0
2026-07-15,KLAX,17,KXHIGHLAX-26JUL15-B82.5,0.2095,0.09,0.0
2026-07-15,KLAX,17,KXHIGHLAX-26JUL15-B80.5,0.3905,0.615,1.0
2026-07-15,KLAX,17,KXHIGHLAX-26JUL15-B84.5,0.0235,0.005,0.0
2026-07-15,KLAX,17,KXHIGHLAX-26JUL15-T78,0.0,0.005,0.0
2026-07-15,KLAX,17,KXHIGHLAX-26JUL15-T85,0.0,0.005,0.0
2026-07-15,KLAX,19,KXHIGHLAX-26JUL15-B78.5,0.0,0.005,0.0
2026-07-15,KLAX,19,KXHIGHLAX-26JUL15-B82.5,0.3425,0.45,0.0
2026-07-15,KLAX,19,KXHIGHLAX-26JUL15-B80.5,0.6305,0.48,1.0
2026-07-15,KLAX,19,KXHIGHLAX-26JUL15-B84.5,0.027,0.035,0.0
2026-07-15,KLAX,19,KXHIGHLAX-26JUL15-T78,0.0,0.005,0.0
2026-07-15,KLAX,19,KXHIGHLAX-26JUL15-T85,0.0,0.02,0.0
2026-07-16,KLAX,15,KXHIGHLAX-26JUL16-T86,0.0,0.055,0.0
2026-07-16,KLAX,15,KXHIGHLAX-26JUL16-B79.5,0.2575,0.08499999999999999,0.0
2026-07-16,KLAX,15,KXHIGHLAX-26JUL16-B85.5,0.002,0.11499999999999999,0.0
2026-07-16,KLAX,15,KXHIGHLAX-26JUL16-T79,0.03,0.005,0.0
2026-07-16,KLAX,15,KXHIGHLAX-26JUL16-B81.5,0.559,0.485,0.0
2026-07-16,KLAX,15,KXHIGHLAX-26JUL16-B83.5,0.1515,0.325,1.0
2026-07-16,KLAX,17,KXHIGHLAX-26JUL16-T86,0.022,0.125,0.0
2026-07-16,KLAX,17,KXHIGHLAX-26JUL16-B79.5,0.214,0.02,0.0
2026-07-16,KLAX,17,KXHIGHLAX-26JUL16-B85.5,0.1695,0.185,0.0
2026-07-16,KLAX,17,KXHIGHLAX-26JUL16-T79,0.0,0.005,0.0
2026-07-16,KLAX,17,KXHIGHLAX-26JUL16-B81.5,0.316,0.265,0.0
2026-07-16,KLAX,17,KXHIGHLAX-26JUL16-B83.5,0.2785,0.445,1.0
2026-07-16,KLAX,19,KXHIGHLAX-26JUL16-T86,0.006,0.025,0.0
2026-07-16,KLAX,19,KXHIGHLAX-26JUL16-B79.5,0.0,0.005,0.0
2026-07-16,KLAX,19,KXHIGHLAX-26JUL16-B85.5,0.066,0.07500000000000001,0.0
2026-07-16,KLAX,19,KXHIGHLAX-26JUL16-T79,0.0,0.005,0.0
2026-07-16,KLAX,19,KXHIGHLAX-26JUL16-B81.5,0.355,0.15000000000000002,0.0
2026-07-16,KLAX,19,KXHIGHLAX-26JUL16-B83.5,0.573,0.735,1.0
2026-07-17,KLAX,15,KXHIGHLAX-26JUL17-B75.5,0.002,0.025,0.0
2026-07-17,KLAX,15,KXHIGHLAX-26JUL17-B77.5,0.119,0.08499999999999999,0.0
2026-07-17,KLAX,15,KXHIGHLAX-26JUL17-T73,0.0,0.005,0.0
2026-07-17,KLAX,15,KXHIGHLAX-26JUL17-B79.5,0.486,0.335,0.0
2026-07-17,KLAX,15,KXHIGHLAX-26JUL17-T80,0.393,0.585,1.0
2026-07-17,KLAX,15,KXHIGHLAX-26JUL17-B73.5,0.0,0.005,0.0
2026-07-17,KLAX,17,KXHIGHLAX-26JUL17-B75.5,0.0,0.005,0.0
2026-07-17,KLAX,17,KXHIGHLAX-26JUL17-B77.5,0.02,0.055,0.0
2026-07-17,KLAX,17,KXHIGHLAX-26JUL17-T73,0.0,0.005,0.0
2026-07-17,KLAX,17,KXHIGHLAX-26JUL17-B79.5,0.2415,0.275,0.0
2026-07-17,KLAX,17,KXHIGHLAX-26JUL17-T80,0.7385,0.7,1.0
2026-07-17,KLAX,17,KXHIGHLAX-26JUL17-B73.5,0.0,0.005,0.0
2026-07-17,KLAX,19,KXHIGHLAX-26JUL17-B75.5,0.0,0.005,0.0
2026-07-17,KLAX,19,KXHIGHLAX-26JUL17-B77.5,0.0,0.005,0.0
2026-07-17,KLAX,19,KXHIGHLAX-26JUL17-T73,0.0,0.005,0.0
2026-07-17,KLAX,19,KXHIGHLAX-26JUL17-B79.5,0.0,0.005,0.0
2026-07-17,KLAX,19,KXHIGHLAX-26JUL17-T80,1.0,0.995,1.0
2026-07-17,KLAX,19,KXHIGHLAX-26JUL17-B73.5,0.0,0.005,0.0
2026-07-18,KLAX,15,KXHIGHLAX-26JUL18-T79,0.4525,0.655,0.0
2026-07-18,KLAX,15,KXHIGHLAX-26JUL18-B78.5,0.41,0.335,1.0
2026-07-18,KLAX,15,KXHIGHLAX-26JUL18-B76.5,0.13,0.035,0.0
2026-07-18,KLAX,15,KXHIGHLAX-26JUL18-B74.5,0.0075,0.015,0.0
2026-07-18,KLAX,15,KXHIGHLAX-26JUL18-T72,0.0,0.005,0.0
2026-07-18,KLAX,15,KXHIGHLAX-26JUL18-B72.5,0.0,0.005,0.0
2026-07-18,KLAX,17,KXHIGHLAX-26JUL18-T79,0.3755,0.355,0.0
2026-07-18,KLAX,17,KXHIGHLAX-26JUL18-B78.5,0.462,0.545,1.0
2026-07-18,KLAX,17,KXHIGHLAX-26JUL18-B76.5,0.1625,0.07500000000000001,0.0
2026-07-18,KLAX,17,KXHIGHLAX-26JUL18-B74.5,0.0,0.005,0.0
2026-07-18,KLAX,17,KXHIGHLAX-26JUL18-T72,0.0,0.005,0.0
2026-07-18,KLAX,17,KXHIGHLAX-26JUL18-B72.5,0.0,0.005,0.0
2026-07-18,KLAX,19,KXHIGHLAX-26JUL18-T79,0.152,0.375,0.0
2026-07-18,KLAX,19,KXHIGHLAX-26JUL18-B78.5,0.694,0.645,1.0
2026-07-18,KLAX,19,KXHIGHLAX-26JUL18-B76.5,0.154,0.005,0.0
2026-07-18,KLAX,19,KXHIGHLAX-26JUL18-B74.5,0.0,0.005,0.0
2026-07-18,KLAX,19,KXHIGHLAX-26JUL18-T72,0.0,0.005,0.0
2026-07-18,KLAX,19,KXHIGHLAX-26JUL18-B72.5,0.0,0.005,0.0
2026-07-19,KLAX,15,KXHIGHLAX-26JUL19-T73,0.0,0.005,0.0
2026-07-19,KLAX,15,KXHIGHLAX-26JUL19-B79.5,0.268,0.26,0.0
2026-07-19,KLAX,15,KXHIGHLAX-26JUL19-B75.5,0.18,0.095,0.0
2026-07-19,KLAX,15,KXHIGHLAX-26JUL19-B73.5,0.003,0.005,0.0
2026-07-19,KLAX,15,KXHIGHLAX-26JUL19-B77.5,0.52,0.625,1.0
2026-07-19,KLAX,15,KXHIGHLAX-26JUL19-T80,0.029,0.065,0.0
2026-07-19,KLAX,17,KXHIGHLAX-26JUL19-T73,0.0,0.005,0.0
2026-07-19,KLAX,17,KXHIGHLAX-26JUL19-B79.5,0.3755,0.19,0.0
2026-07-19,KLAX,17,KXHIGHLAX-26JUL19-B75.5,0.0995,0.025,0.0
2026-07-19,KLAX,17,KXHIGHLAX-26JUL19-B73.5,0.0,0.005,0.0
2026-07-19,KLAX,17,KXHIGHLAX-26JUL19-B77.5,0.4115,0.785,1.0
2026-07-19,KLAX,17,KXHIGHLAX-26JUL19-T80,0.1135,0.015,0.0
2026-07-19,KLAX,19,KXHIGHLAX-26JUL19-T73,0.0,0.005,0.0
2026-07-19,KLAX,19,KXHIGHLAX-26JUL19-B79.5,0.411,0.11,0.0
2026-07-19,KLAX,19,KXHIGHLAX-26JUL19-B75.5,0.0475,0.005,0.0
2026-07-19,KLAX,19,KXHIGHLAX-26JUL19-B73.5,0.0,0.005,0.0
2026-07-19,KLAX,19,KXHIGHLAX-26JUL19-B77.5,0.505,0.895,1.0
2026-07-19,KLAX,19,KXHIGHLAX-26JUL19-T80,0.0365,0.005,0.0
2026-07-20,KLAX,15,KXHIGHLAX-26JUL20-T80,0.519,0.385,1.0
2026-07-20,KLAX,15,KXHIGHLAX-26JUL20-B79.5,0.3725,0.545,0.0
2026-07-20,KLAX,15,KXHIGHLAX-26JUL20-T73,0.0,0.005,0.0
2026-07-20,KLAX,15,KXHIGHLAX-26JUL20-B75.5,0.0005,0.015,0.0
2026-07-20,KLAX,15,KXHIGHLAX-26JUL20-B73.5,0.0,0.005,0.0
2026-07-20,KLAX,15,KXHIGHLAX-26JUL20-B77.5,0.108,0.095,0.0
2026-07-20,KLAX,17,KXHIGHLAX-26JUL20-T80,0.8835,0.545,1.0
2026-07-20,KLAX,17,KXHIGHLAX-26JUL20-B79.5,0.1165,0.435,0.0
2026-07-20,KLAX,17,KXHIGHLAX-26JUL20-T73,0.0,0.005,0.0
2026-07-20,KLAX,17,KXHIGHLAX-26JUL20-B75.5,0.0,0.005,0.0
2026-07-20,KLAX,17,KXHIGHLAX-26JUL20-B73.5,0.0,0.005,0.0
2026-07-20,KLAX,17,KXHIGHLAX-26JUL20-B77.5,0.0,0.025,0.0
2026-07-20,KLAX,19,KXHIGHLAX-26JUL20-T80,0.9275,0.995,1.0
2026-07-20,KLAX,19,KXHIGHLAX-26JUL20-B79.5,0.0725,0.005,0.0
2026-07-20,KLAX,19,KXHIGHLAX-26JUL20-T73,0.0,0.005,0.0
2026-07-20,KLAX,19,KXHIGHLAX-26JUL20-B75.5,0.0,0.005,0.0
2026-07-20,KLAX,19,KXHIGHLAX-26JUL20-B73.5,0.0,0.005,0.0
2026-07-20,KLAX,19,KXHIGHLAX-26JUL20-B77.5,0.0,0.005,0.0
2026-07-21,KLAX,15,KXHIGHLAX-26JUL21-B79.5,0.394,0.305,0.0
2026-07-21,KLAX,15,KXHIGHLAX-26JUL21-T80,0.559,0.72,1.0
2026-07-21,KLAX,15,KXHIGHLAX-26JUL21-B77.5,0.0465,0.015,0.0
2026-07-21,KLAX,15,KXHIGHLAX-26JUL21-B75.5,0.0005,0.005,0.0
2026-07-21,KLAX,15,KXHIGHLAX-26JUL21-T73,0.0,0.005,0.0
2026-07-21,KLAX,15,KXHIGHLAX-26JUL21-B73.5,0.0,0.005,0.0
2026-07-21,KLAX,17,KXHIGHLAX-26JUL21-B79.5,0.324,0.20500000000000002,0.0
2026-07-21,KLAX,17,KXHIGHLAX-26JUL21-T80,0.676,0.8049999999999999,1.0
2026-07-21,KLAX,17,KXHIGHLAX-26JUL21-B77.5,0.0,0.015,0.0
2026-07-21,KLAX,17,KXHIGHLAX-26JUL21-B75.5,0.0,0.005,0.0
2026-07-21,KLAX,17,KXHIGHLAX-26JUL21-T73,0.0,0.005,0.0
2026-07-21,KLAX,17,KXHIGHLAX-26JUL21-B73.5,0.0,0.005,0.0
2026-07-21,KLAX,19,KXHIGHLAX-26JUL21-B79.5,0.201,0.005,0.0
2026-07-21,KLAX,19,KXHIGHLAX-26JUL21-T80,0.799,0.995,1.0
2026-07-21,KLAX,19,KXHIGHLAX-26JUL21-B77.5,0.0,0.005,0.0
2026-07-21,KLAX,19,KXHIGHLAX-26JUL21-B75.5,0.0,0.005,0.0
2026-07-21,KLAX,19,KXHIGHLAX-26JUL21-T73,0.0,0.005,0.0
2026-07-21,KLAX,19,KXHIGHLAX-26JUL21-B73.5,0.0,0.005,0.0
2026-07-22,KLAX,15,KXHIGHLAX-26JUL22-B81.5,0.008,0.105,0.0
2026-07-22,KLAX,15,KXHIGHLAX-26JUL22-T82,0.0,0.135,0.0
2026-07-22,KLAX,15,KXHIGHLAX-26JUL22-B75.5,0.379,0.025,0.0
2026-07-22,KLAX,15,KXHIGHLAX-26JUL22-B77.5,0.4655,0.305,1.0
2026-07-22,KLAX,15,KXHIGHLAX-26JUL22-B79.5,0.079,0.455,0.0
2026-07-22,KLAX,15,KXHIGHLAX-26JUL22-T75,0.0685,0.005,0.0
2026-07-22,KLAX,17,KXHIGHLAX-26JUL22-B81.5,0.0005,0.065,0.0
2026-07-22,KLAX,17,KXHIGHLAX-26JUL22-T82,0.0,0.035,0.0
2026-07-22,KLAX,17,KXHIGHLAX-26JUL22-B75.5,0.3655,0.025,0.0
2026-07-22,KLAX,17,KXHIGHLAX-26JUL22-B77.5,0.477,0.535,1.0
2026-07-22,KLAX,17,KXHIGHLAX-26JUL22-B79.5,0.098,0.335,0.0
2026-07-22,KLAX,17,KXHIGHLAX-26JUL22-T75,0.059,0.005,0.0
2026-07-22,KLAX,19,KXHIGHLAX-26JUL22-B81.5,0.003,0.05,0.0
2026-07-22,KLAX,19,KXHIGHLAX-26JUL22-T82,0.0,0.005,0.0
2026-07-22,KLAX,19,KXHIGHLAX-26JUL22-B75.5,0.408,0.060000000000000005,0.0
2026-07-22,KLAX,19,KXHIGHLAX-26JUL22-B77.5,0.5015,0.615,1.0
2026-07-22,KLAX,19,KXHIGHLAX-26JUL22-B79.5,0.08,0.295,0.0
2026-07-22,KLAX,19,KXHIGHLAX-26JUL22-T75,0.0075,0.005,0.0
2026-07-23,KLAX,15,KXHIGHLAX-26JUL23-T79,0.1095,0.015,0.0
2026-07-23,KLAX,15,KXHIGHLAX-26JUL23-B81.5,0.415,0.595,0.0
2026-07-23,KLAX,15,KXHIGHLAX-26JUL23-B85.5,0.01,0.035,0.0
2026-07-23,KLAX,15,KXHIGHLAX-26JUL23-B79.5,0.331,0.185,1.0
2026-07-23,KLAX,15,KXHIGHLAX-26JUL23-B83.5,0.1265,0.215,0.0
2026-07-23,KLAX,15,KXHIGHLAX-26JUL23-T86,0.008,0.015,0.0
2026-07-23,KLAX,17,KXHIGHLAX-26JUL23-T79,0.124,0.03,0.0
2026-07-23,KLAX,17,KXHIGHLAX-26JUL23-B81.5,0.344,0.59,0.0
2026-07-23,KLAX,17,KXHIGHLAX-26JUL23-B85.5,0.0085,0.015,0.0
2026-07-23,KLAX,17,KXHIGHLAX-26JUL23-B79.5,0.416,0.29000000000000004,1.0
2026-07-23,KLAX,17,KXHIGHLAX-26JUL23-B83.5,0.1075,0.095,0.0
2026-07-23,KLAX,17,KXHIGHLAX-26JUL23-T86,0.0,0.005,0.0
2026-07-23,KLAX,19,KXHIGHLAX-26JUL23-T79,0.074,0.005,0.0
2026-07-23,KLAX,19,KXHIGHLAX-26JUL23-B81.5,0.3905,0.565,0.0
2026-07-23,KLAX,19,KXHIGHLAX-26JUL23-B85.5,0.0005,0.005,0.0
2026-07-23,KLAX,19,KXHIGHLAX-26JUL23-B79.5,0.502,0.385,1.0
2026-07-23,KLAX,19,KXHIGHLAX-26JUL23-B83.5,0.033,0.055,0.0
2026-07-23,KLAX,19,KXHIGHLAX-26JUL23-T86,0.0,0.005,0.0
2026-07-24,KLAX,15,KXHIGHLAX-26JUL24-T87,0.0,0.005,0.0
2026-07-24,KLAX,15,KXHIGHLAX-26JUL24-B86.5,0.0,0.015,0.0
2026-07-24,KLAX,15,KXHIGHLAX-26JUL24-B84.5,0.006,0.035,0.0
2026-07-24,KLAX,15,KXHIGHLAX-26JUL24-B80.5,0.2715,0.615,0.0
2026-07-24,KLAX,15,KXHIGHLAX-26JUL24-B82.5,0.045,0.225,0.0
2026-07-24,KLAX,15,KXHIGHLAX-26JUL24-T80,0.6775,0.125,1.0
2026-07-24,KLAX,17,KXHIGHLAX-26JUL24-T87,0.0,0.005,0.0
2026-07-24,KLAX,17,KXHIGHLAX-26JUL24-B86.5,0.0,0.005,0.0
2026-07-24,KLAX,17,KXHIGHLAX-26JUL24-B84.5,0.011,0.025,0.0
2026-07-24,KLAX,17,KXHIGHLAX-26JUL24-B80.5,0.4095,0.655,0.0
2026-07-24,KLAX,17,KXHIGHLAX-26JUL24-B82.5,0.109,0.175,0.0
2026-07-24,KLAX,17,KXHIGHLAX-26JUL24-T80,0.4705,0.185,1.0
2026-07-24,KLAX,19,KXHIGHLAX-26JUL24-T87,0.0,0.005,0.0
2026-07-24,KLAX,19,KXHIGHLAX-26JUL24-B86.5,0.0,0.005,0.0
2026-07-24,KLAX,19,KXHIGHLAX-26JUL24-B84.5,0.0015,0.015,0.0
2026-07-24,KLAX,19,KXHIGHLAX-26JUL24-B80.5,0.397,0.53,0.0
2026-07-24,KLAX,19,KXHIGHLAX-26JUL24-B82.5,0.043,0.11499999999999999,0.0
2026-07-24,KLAX,19,KXHIGHLAX-26JUL24-T80,0.5585,0.355,1.0
2026-07-25,KLAX,15,KXHIGHLAX-26JUL25-B85.5,0.0005,0.005,0.0
2026-07-25,KLAX,15,KXHIGHLAX-26JUL25-B81.5,0.3115,0.315,0.0
2026-07-25,KLAX,15,KXHIGHLAX-26JUL25-T86,0.0085,0.005,0.0
2026-07-25,KLAX,15,KXHIGHLAX-26JUL25-T79,0.175,0.125,0.0
2026-07-25,KLAX,15,KXHIGHLAX-26JUL25-B83.5,0.0545,0.045,0.0
2026-07-25,KLAX,15,KXHIGHLAX-26JUL25-B79.5,0.45,0.5,1.0
2026-07-25,KLAX,17,KXHIGHLAX-26JUL25-B85.5,0.0025,0.015,0.0
2026-07-25,KLAX,17,KXHIGHLAX-26JUL25-B81.5,0.249,0.405,0.0
2026-07-25,KLAX,17,KXHIGHLAX-26JUL25-T86,0.0,0.005,0.0
2026-07-25,KLAX,17,KXHIGHLAX-26JUL25-T79,0.224,0.08499999999999999,0.0
2026-07-25,KLAX,17,KXHIGHLAX-26JUL25-B83.5,0.056,0.065,0.0
2026-07-25,KLAX,17,KXHIGHLAX-26JUL25-B79.5,0.4685,0.475,1.0
2026-07-25,KLAX,19,KXHIGHLAX-26JUL25-B85.5,0.0,0.005,0.0
2026-07-25,KLAX,19,KXHIGHLAX-26JUL25-B81.5,0.1095,0.175,0.0
2026-07-25,KLAX,19,KXHIGHLAX-26JUL25-T86,0.0,0.005,0.0
2026-07-25,KLAX,19,KXHIGHLAX-26JUL25-T79,0.187,0.005,0.0
2026-07-25,KLAX,19,KXHIGHLAX-26JUL25-B83.5,0.0275,0.005,0.0
2026-07-25,KLAX,19,KXHIGHLAX-26JUL25-B79.5,0.676,0.8200000000000001,1.0
2026-07-26,KLAX,15,KXHIGHLAX-26JUL26-T86,0.0035,0.005,0.0
2026-07-26,KLAX,15,KXHIGHLAX-26JUL26-B79.5,0.408,0.475,1.0
2026-07-26,KLAX,15,KXHIGHLAX-26JUL26-B81.5,0.1625,0.065,0.0
2026-07-26,KLAX,15,KXHIGHLAX-26JUL26-B83.5,0.0205,0.015,0.0
2026-07-26,KLAX,15,KXHIGHLAX-26JUL26-B85.5,0.002,0.005,0.0
2026-07-26,KLAX,15,KXHIGHLAX-26JUL26-T79,0.4035,0.455,0.0
2026-07-26,KLAX,17,KXHIGHLAX-26JUL26-T86,0.0,0.005,0.0
2026-07-26,KLAX,17,KXHIGHLAX-26JUL26-B79.5,0.372,0.475,1.0
2026-07-26,KLAX,17,KXHIGHLAX-26JUL26-B81.5,0.148,0.155,0.0
2026-07-26,KLAX,17,KXHIGHLAX-26JUL26-B83.5,0.0125,0.015,0.0
2026-07-26,KLAX,17,KXHIGHLAX-26JUL26-B85.5,0.0,0.005,0.0
2026-07-26,KLAX,17,KXHIGHLAX-26JUL26-T79,0.4675,0.35,0.0
2026-07-26,KLAX,19,KXHIGHLAX-26JUL26-T86,0.0,0.005,0.0
2026-07-26,KLAX,19,KXHIGHLAX-26JUL26-B79.5,0.536,0.665,1.0
2026-07-26,KLAX,19,KXHIGHLAX-26JUL26-B81.5,0.347,0.07500000000000001,0.0
2026-07-26,KLAX,19,KXHIGHLAX-26JUL26-B83.5,0.024,0.005,0.0
2026-07-26,KLAX,19,KXHIGHLAX-26JUL26-B85.5,0.0,0.005,0.0
2026-07-26,KLAX,19,KXHIGHLAX-26JUL26-T79,0.093,0.245,0.0
2026-07-27,KLAX,15,KXHIGHLAX-26JUL27-B79.5,0.4335,0.615,1.0
2026-07-27,KLAX,15,KXHIGHLAX-26JUL27-T79,0.215,0.135,0.0
2026-07-27,KLAX,15,KXHIGHLAX-26JUL27-B85.5,0.006,0.005,0.0
2026-07-27,KLAX,15,KXHIGHLAX-26JUL27-T86,0.0075,0.005,0.0
2026-07-27,KLAX,15,KXHIGHLAX-26JUL27-B81.5,0.269,0.255,0.0
2026-07-27,KLAX,15,KXHIGHLAX-26JUL27-B83.5,0.069,0.045,0.0
2026-07-27,KLAX,17,KXHIGHLAX-26JUL27-B79.5,0.28,0.635,1.0
2026-07-27,KLAX,17,KXHIGHLAX-26JUL27-T79,0.076,0.005,0.0
2026-07-27,KLAX,17,KXHIGHLAX-26JUL27-B85.5,0.04,0.005,0.0
2026-07-27,KLAX,17,KXHIGHLAX-26JUL27-T86,0.002,0.005,0.0
2026-07-27,KLAX,17,KXHIGHLAX-26JUL27-B81.5,0.4315,0.325,0.0
2026-07-27,KLAX,17,KXHIGHLAX-26JUL27-B83.5,0.1705,0.055,0.0
2026-07-27,KLAX,19,KXHIGHLAX-26JUL27-B79.5,0.536,0.855,1.0
2026-07-27,KLAX,19,KXHIGHLAX-26JUL27-T79,0.031,0.005,0.0
2026-07-27,KLAX,19,KXHIGHLAX-26JUL27-B85.5,0.0005,0.005,0.0
2026-07-27,KLAX,19,KXHIGHLAX-26JUL27-T86,0.0,0.005,0.0
2026-07-27,KLAX,19,KXHIGHLAX-26JUL27-B81.5,0.391,0.13,0.0
2026-07-27,KLAX,19,KXHIGHLAX-26JUL27-B83.5,0.0415,0.005,0.0
2026-07-28,KLAX,15,KXHIGHLAX-26JUL28-T76,0.0135,0.005,0.0
2026-07-28,KLAX,15,KXHIGHLAX-26JUL28-B80.5,0.305,0.33999999999999997,0.0
2026-07-28,KLAX,15,KXHIGHLAX-26JUL28-B78.5,0.4385,0.625,1.0
2026-07-28,KLAX,15,KXHIGHLAX-26JUL28-B76.5,0.1455,0.04,0.0
2026-07-28,KLAX,15,KXHIGHLAX-26JUL28-T83,0.0175,0.01,0.0
2026-07-28,KLAX,15,KXHIGHLAX-26JUL28-B82.5,0.08,0.025,0.0
2026-07-28,KLAX,17,KXHIGHLAX-26JUL28-T76,0.0,0.005,0.0
2026-07-28,KLAX,17,KXHIGHLAX-26JUL28-B80.5,0.2735,0.165,0.0
2026-07-28,KLAX,17,KXHIGHLAX-26JUL28-B78.5,0.4815,0.775,1.0
2026-07-28,KLAX,17,KXHIGHLAX-26JUL28-B76.5,0.1765,0.060000000000000005,0.0
2026-07-28,KLAX,17,KXHIGHLAX-26JUL28-T83,0.0025,0.005,0.0
2026-07-28,KLAX,17,KXHIGHLAX-26JUL28-B82.5,0.066,0.005,0.0
2026-07-28,KLAX,19,KXHIGHLAX-26JUL28-T76,0.0,0.005,0.0
2026-07-28,KLAX,19,KXHIGHLAX-26JUL28-B80.5,0.363,0.055,0.0
2026-07-28,KLAX,19,KXHIGHLAX-26JUL28-B78.5,0.6085,0.815,1.0
2026-07-28,KLAX,19,KXHIGHLAX-26JUL28-B76.5,0.0,0.155,0.0
2026-07-28,KLAX,19,KXHIGHLAX-26JUL28-T83,0.0,0.005,0.0
2026-07-28,KLAX,19,KXHIGHLAX-26JUL28-B82.5,0.0285,0.005,0.0
2026-07-29,KLAX,15,KXHIGHLAX-26JUL29-B75.5,0.0685,0.005,0.0
2026-07-29,KLAX,15,KXHIGHLAX-26JUL29-T75,0.0005,0.005,0.0
2026-07-29,KLAX,15,KXHIGHLAX-26JUL29-B77.5,0.3765,0.325,0.0
2026-07-29,KLAX,15,KXHIGHLAX-26JUL29-B79.5,0.419,0.63,1.0
2026-07-29,KLAX,15,KXHIGHLAX-26JUL29-B81.5,0.1195,0.065,0.0
2026-07-29,KLAX,15,KXHIGHLAX-26JUL29-T82,0.016,0.015,0.0
2026-07-29,KLAX,17,KXHIGHLAX-26JUL29-B75.5,0.0,0.005,0.0
2026-07-29,KLAX,17,KXHIGHLAX-26JUL29-T75,0.0,0.005,0.0
2026-07-29,KLAX,17,KXHIGHLAX-26JUL29-B77.5,0.221,0.18,0.0
2026-07-29,KLAX,17,KXHIGHLAX-26JUL29-B79.5,0.389,0.675,1.0
2026-07-29,KLAX,17,KXHIGHLAX-26JUL29-B81.5,0.2555,0.125,0.0
2026-07-29,KLAX,17,KXHIGHLAX-26JUL29-T82,0.1345,0.015,0.0
2026-07-29,KLAX,19,KXHIGHLAX-26JUL29-B75.5,0.0,0.005,0.0
2026-07-29,KLAX,19,KXHIGHLAX-26JUL29-T75,0.0,0.005,0.0
2026-07-29,KLAX,19,KXHIGHLAX-26JUL29-B77.5,0.109,0.005,0.0
2026-07-29,KLAX,19,KXHIGHLAX-26JUL29-B79.5,0.576,0.91,1.0
2026-07-29,KLAX,19,KXHIGHLAX-26JUL29-B81.5,0.293,0.08499999999999999,0.0
2026-07-29,KLAX,19,KXHIGHLAX-26JUL29-T82,0.022,0.005,0.0
2026-07-30,KLAX,15,KXHIGHLAX-26JUL30-B78.5,0.363,0.615,1.0
2026-07-30,KLAX,15,KXHIGHLAX-26JUL30-B76.5,0.1865,0.245,0.0
2026-07-30,KLAX,15,KXHIGHLAX-26JUL30-B82.5,0.101,0.025,0.0
2026-07-30,KLAX,15,KXHIGHLAX-26JUL30-B80.5,0.296,0.10500000000000001,0.0
2026-07-30,KLAX,15,KXHIGHLAX-26JUL30-T76,0.0205,0.015,0.0
2026-07-30,KLAX,15,KXHIGHLAX-26JUL30-T83,0.033,0.015,0.0
2026-07-30,KLAX,17,KXHIGHLAX-26JUL30-B78.5,0.4655,0.72,1.0
2026-07-30,KLAX,17,KXHIGHLAX-26JUL30-B76.5,0.315,0.195,0.0
2026-07-30,KLAX,17,KXHIGHLAX-26JUL30-B82.5,0.016,0.015,0.0
2026-07-30,KLAX,17,KXHIGHLAX-26JUL30-B80.5,0.165,0.08499999999999999,0.0
2026-07-30,KLAX,17,KXHIGHLAX-26JUL30-T76,0.0385,0.005,0.0
2026-07-30,KLAX,17,KXHIGHLAX-26JUL30-T83,0.0,0.005,0.0
2026-07-30,KLAX,19,KXHIGHLAX-26JUL30-B78.5,0.701,0.925,1.0
2026-07-30,KLAX,19,KXHIGHLAX-26JUL30-B76.5,0.174,0.005,0.0
2026-07-30,KLAX,19,KXHIGHLAX-26JUL30-B82.5,0.013,0.005,0.0
2026-07-30,KLAX,19,KXHIGHLAX-26JUL30-B80.5,0.112,0.08499999999999999,0.0
2026-07-30,KLAX,19,KXHIGHLAX-26JUL30-T76,0.0,0.005,0.0
2026-07-30,KLAX,19,KXHIGHLAX-26JUL30-T83,0.0,0.005,0.0
2026-07-31,KLAX,15,KXHIGHLAX-26JUL31-B82.5,0.166,0.045,0.0
2026-07-31,KLAX,15,KXHIGHLAX-26JUL31-B80.5,0.4045,0.245,1.0
2026-07-31,KLAX,15,KXHIGHLAX-26JUL31-B86.5,0.0,0.005,0.0
2026-07-31,KLAX,15,KXHIGHLAX-26JUL31-B84.5,0.0245,0.005,0.0
2026-07-31,KLAX,15,KXHIGHLAX-26JUL31-T80,0.3955,0.745,0.0
2026-07-31,KLAX,15,KXHIGHLAX-26JUL31-T87,0.0095,0.005,0.0
2026-07-31,KLAX,17,KXHIGHLAX-26JUL31-B82.5,0.2455,0.14500000000000002,0.0
2026-07-31,KLAX,17,KXHIGHLAX-26JUL31-B80.5,0.348,0.685,1.0
2026-07-31,KLAX,17,KXHIGHLAX-26JUL31-B86.5,0.011,0.005,0.0
2026-07-31,KLAX,17,KXHIGHLAX-26JUL31-B84.5,0.0795,0.025,0.0
2026-07-31,KLAX,17,KXHIGHLAX-26JUL31-T80,0.316,0.175,0.0
2026-07-31,KLAX,17,KXHIGHLAX-26JUL31-T87,0.0,0.005,0.0
2026-07-31,KLAX,19,KXHIGHLAX-26JUL31-B82.5,0.071,0.025,0.0
2026-07-31,KLAX,19,KXHIGHLAX-26JUL31-B80.5,0.6755,0.965,1.0
2026-07-31,KLAX,19,KXHIGHLAX-26JUL31-B86.5,0.0,0.005,0.0
2026-07-31,KLAX,19,KXHIGHLAX-26JUL31-B84.5,0.009,0.005,0.0
2026-07-31,KLAX,19,KXHIGHLAX-26JUL31-T80,0.2445,0.005,0.0
2026-07-31,KLAX,19,KXHIGHLAX-26JUL31-T87,0.0,0.005,0.0
2026-08-01,KLAX,15,KXHIGHLAX-26AUG01-B80.5,0.421,0.545,1.0
2026-08-01,KLAX,15,KXHIGHLAX-26AUG01-B82.5,0.211,0.325,0.0
2026-08-01,KLAX,15,KXHIGHLAX-26AUG01-B78.5,0.242,0.095,0.0
2026-08-01,KLAX,15,KXHIGHLAX-26AUG01-T78,0.064,0.005,0.0
2026-08-01,KLAX,15,KXHIGHLAX-26AUG01-B84.5,0.0465,0.065,0.0
2026-08-01,KLAX,15,KXHIGHLAX-26AUG01-T85,0.0155,0.015,0.0
2026-08-01,KLAX,17,KXHIGHLAX-26AUG01-B80.5,0.404,0.615,1.0
2026-08-01,KLAX,17,KXHIGHLAX-26AUG01-B82.5,0.158,0.08499999999999999,0.0
2026-08-01,KLAX,17,KXHIGHLAX-26AUG01-B78.5,0.3365,0.275,0.0
2026-08-01,KLAX,17,KXHIGHLAX-26AUG01-T78,0.061,0.005,0.0
2026-08-01,KLAX,17,KXHIGHLAX-26AUG01-B84.5,0.0375,0.015,0.0
2026-08-01,KLAX,17,KXHIGHLAX-26AUG01-T85,0.003,0.005,0.0
2026-08-01,KLAX,19,KXHIGHLAX-26AUG01-B80.5,0.694,0.83,1.0
2026-08-01,KLAX,19,KXHIGHLAX-26AUG01-B82.5,0.1205,0.035,0.0
2026-08-01,KLAX,19,KXHIGHLAX-26AUG01-B78.5,0.172,0.135,0.0
2026-08-01,KLAX,19,KXHIGHLAX-26AUG01-T78,0.0,0.005,0.0
2026-08-01,KLAX,19,KXHIGHLAX-26AUG01-B84.5,0.013,0.005,0.0
2026-08-01,KLAX,19,KXHIGHLAX-26AUG01-T85,0.0005,0.005,0.0
2026-08-02,KLAX,15,KXHIGHLAX-26AUG02-B80.5,0.445,0.595,0.0
2026-08-02,KLAX,15,KXHIGHLAX-26AUG02-B78.5,0.3005,0.365,1.0
2026-08-02,KLAX,15,KXHIGHLAX-26AUG02-B82.5,0.1625,0.055,0.0
2026-08-02,KLAX,15,KXHIGHLAX-26AUG02-T78,0.062,0.025,0.0
2026-08-02,KLAX,15,KXHIGHLAX-26AUG02-T85,0.0065,0.005,0.0
2026-08-02,KLAX,15,KXHIGHLAX-26AUG02-B84.5,0.0235,0.005,0.0
2026-08-02,KLAX,17,KXHIGHLAX-26AUG02-B80.5,0.405,0.765,0.0
2026-08-02,KLAX,17,KXHIGHLAX-26AUG02-B78.5,0.3845,0.215,1.0
2026-08-02,KLAX,17,KXHIGHLAX-26AUG02-B82.5,0.128,0.055,0.0
2026-08-02,KLAX,17,KXHIGHLAX-26AUG02-T78,0.0675,0.005,0.0
2026-08-02,KLAX,17,KXHIGHLAX-26AUG02-T85,0.0,0.005,0.0
2026-08-02,KLAX,17,KXHIGHLAX-26AUG02-B84.5,0.015,0.005,0.0
2026-08-02,KLAX,19,KXHIGHLAX-26AUG02-B80.5,0.4005,0.66,0.0
2026-08-02,KLAX,19,KXHIGHLAX-26AUG02-B78.5,0.5545,0.345,1.0
2026-08-02,KLAX,19,KXHIGHLAX-26AUG02-B82.5,0.0445,0.015,0.0
2026-08-02,KLAX,19,KXHIGHLAX-26AUG02-T78,0.0,0.005,0.0
2026-08-02,KLAX,19,KXHIGHLAX-26AUG02-T85,0.0,0.005,0.0
2026-08-02,KLAX,19,KXHIGHLAX-26AUG02-B84.5,0.0005,0.005,0.0
2026-08-03,KLAX,15,KXHIGHLAX-26AUG03-B76.5,0.37,0.315,0.0
2026-08-03,KLAX,15,KXHIGHLAX-26AUG03-T83,0.006,0.005,0.0
2026-08-03,KLAX,15,KXHIGHLAX-26AUG03-T76,0.0875,0.005,0.0
2026-08-03,KLAX,15,KXHIGHLAX-26AUG03-B78.5,0.377,0.665,1.0
2026-08-03,KLAX,15,KXHIGHLAX-26AUG03-B82.5,0.0195,0.005,0.0
2026-08-03,KLAX,15,KXHIGHLAX-26AUG03-B80.5,0.14,0.035,0.0
2026-08-03,KLAX,17,KXHIGHLAX-26AUG03-B76.5,0.3185,0.365,0.0
2026-08-03,KLAX,17,KXHIGHLAX-26AUG03-T83,0.0,0.005,0.0
2026-08-03,KLAX,17,KXHIGHLAX-26AUG03-T76,0.0495,0.005,0.0
2026-08-03,KLAX,17,KXHIGHLAX-26AUG03-B78.5,0.473,0.605,1.0
2026-08-03,KLAX,17,KXHIGHLAX-26AUG03-B82.5,0.013,0.005,0.0
2026-08-03,KLAX,17,KXHIGHLAX-26AUG03-B80.5,0.146,0.045,0.0
2026-08-03,KLAX,19,KXHIGHLAX-26AUG03-B76.5,0.0,0.005,0.0
2026-08-03,KLAX,19,KXHIGHLAX-26AUG03-T83,0.0,0.005,0.0
2026-08-03,KLAX,19,KXHIGHLAX-26AUG03-T76,0.0,0.005,0.0
2026-08-03,KLAX,19,KXHIGHLAX-26AUG03-B78.5,0.698,0.955,1.0
2026-08-03,KLAX,19,KXHIGHLAX-26AUG03-B82.5,0.0255,0.005,0.0
2026-08-03,KLAX,19,KXHIGHLAX-26AUG03-B80.5,0.2765,0.045,0.0
2026-08-04,KLAX,15,KXHIGHLAX-26AUG04-B81.5,0.022,0.015,0.0
2026-08-04,KLAX,15,KXHIGHLAX-26AUG04-T75,0.128,0.005,0.0
2026-08-04,KLAX,15,KXHIGHLAX-26AUG04-T82,0.004,0.005,0.0
2026-08-04,KLAX,15,KXHIGHLAX-26AUG04-B79.5,0.18,0.11499999999999999,0.0
2026-08-04,KLAX,15,KXHIGHLAX-26AUG04-B75.5,0.2925,0.165,0.0
2026-08-04,KLAX,15,KXHIGHLAX-26AUG04-B77.5,0.3735,0.735,1.0
2026-08-04,KLAX,17,KXHIGHLAX-26AUG04-B81.5,0.038,0.005,0.0
2026-08-04,KLAX,17,KXHIGHLAX-26AUG04-T75,0.0035,0.005,0.0
2026-08-04,KLAX,17,KXHIGHLAX-26AUG04-T82,0.0,0.005,0.0
2026-08-04,KLAX,17,KXHIGHLAX-26AUG04-B79.5,0.2425,0.14500000000000002,0.0
2026-08-04,KLAX,17,KXHIGHLAX-26AUG04-B75.5,0.174,0.045,0.0
2026-08-04,KLAX,17,KXHIGHLAX-26AUG04-B77.5,0.542,0.785,1.0
2026-08-04,KLAX,19,KXHIGHLAX-26AUG04-B81.5,0.0215,0.005,0.0
2026-08-04,KLAX,19,KXHIGHLAX-26AUG04-T75,0.0,0.005,0.0
2026-08-04,KLAX,19,KXHIGHLAX-26AUG04-T82,0.0,0.005,0.0
2026-08-04,KLAX,19,KXHIGHLAX-26AUG04-B79.5,0.321,0.14500000000000002,0.0
2026-08-04,KLAX,19,KXHIGHLAX-26AUG04-B75.5,0.055,0.005,0.0
2026-08-04,KLAX,19,KXHIGHLAX-26AUG04-B77.5,0.6025,0.815,1.0
2026-08-05,KLAX,15,KXHIGHLAX-26AUG05-B77.5,0.41,0.725,1.0
2026-08-05,KLAX,15,KXHIGHLAX-26AUG05-B75.5,0.376,0.215,0.0
2026-08-05,KLAX,15,KXHIGHLAX-26AUG05-T75,0.115,0.005,0.0
2026-08-05,KLAX,15,KXHIGHLAX-26AUG05-B79.5,0.094,0.055,0.0
2026-08-05,KLAX,15,KXHIGHLAX-26AUG05-B81.5,0.0035,0.005,0.0
2026-08-05,KLAX,15,KXHIGHLAX-26AUG05-T82,0.0015,0.005,0.0
2026-08-05,KLAX,17,KXHIGHLAX-26AUG05-B77.5,0.541,0.745,1.0
2026-08-05,KLAX,17,KXHIGHLAX-26AUG05-B75.5,0.2865,0.255,0.0
2026-08-05,KLAX,17,KXHIGHLAX-26AUG05-T75,0.0085,0.005,0.0
2026-08-05,KLAX,17,KXHIGHLAX-26AUG05-B79.5,0.145,0.025,0.0
2026-08-05,KLAX,17,KXHIGHLAX-26AUG05-B81.5,0.019,0.005,0.0
2026-08-05,KLAX,17,KXHIGHLAX-26AUG05-T82,0.0,0.005,0.0
2026-08-05,KLAX,19,KXHIGHLAX-26AUG05-B77.5,0.7005,0.96,1.0
2026-08-05,KLAX,19,KXHIGHLAX-26AUG05-B75.5,0.206,0.005,0.0
2026-08-05,KLAX,19,KXHIGHLAX-26AUG05-T75,0.0,0.005,0.0
2026-08-05,KLAX,19,KXHIGHLAX-26AUG05-B79.5,0.084,0.025,0.0
2026-08-05,KLAX,19,KXHIGHLAX-26AUG05-B81.5,0.0095,0.005,0.0
2026-08-05,KLAX,19,KXHIGHLAX-26AUG05-T82,0.0,0.005,0.0
2026-08-06,KLAX,15,KXHIGHLAX-26AUG06-B80.5,0.2225,0.155,0.0
2026-08-06,KLAX,15,KXHIGHLAX-26AUG06-T76,0.013,0.005,0.0
2026-08-06,KLAX,15,KXHIGHLAX-26AUG06-B82.5,0.0195,0.005,0.0
2026-08-06,KLAX,15,KXHIGHLAX-26AUG06-B78.5,0.514,0.805,1.0
2026-08-06,KLAX,15,KXHIGHLAX-26AUG06-T83,0.0045,0.005,0.0
2026-08-06,KLAX,15,KXHIGHLAX-26AUG06-B76.5,0.2265,0.07500000000000001,0.0
2026-08-06,KLAX,17,KXHIGHLAX-26AUG06-B80.5,0.205,0.065,0.0
2026-08-06,KLAX,17,KXHIGHLAX-26AUG06-T76,0.0,0.005,0.0
2026-08-06,KLAX,17,KXHIGHLAX-26AUG06-B82.5,0.0315,0.005,0.0
2026-08-06,KLAX,17,KXHIGHLAX-26AUG06-B78.5,0.568,0.855,1.0
2026-08-06,KLAX,17,KXHIGHLAX-26AUG06-T83,0.0,0.005,0.0
2026-08-06,KLAX,17,KXHIGHLAX-26AUG06-B76.5,0.1955,0.095,0.0
2026-08-06,KLAX,19,KXHIGHLAX-26AUG06-B80.5,0.1255,0.01,0.0
2026-08-06,KLAX,19,KXHIGHLAX-26AUG06-T76,0.0,0.005,0.0
2026-08-06,KLAX,19,KXHIGHLAX-26AUG06-B82.5,0.008,0.005,0.0
2026-08-06,KLAX,19,KXHIGHLAX-26AUG06-B78.5,0.703,0.835,1.0
2026-08-06,KLAX,19,KXHIGHLAX-26AUG06-T83,0.0,0.005,0.0
2026-08-06,KLAX,19,KXHIGHLAX-26AUG06-B76.5,0.1635,0.135,0.0
2026-08-07,KLAX,15,KXHIGHLAX-26AUG07-T82,0.076,0.005,0.0
2026-08-07,KLAX,15,KXHIGHLAX-26AUG07-B81.5,0.3045,0.025,0.0
2026-08-07,KLAX,15,KXHIGHLAX-26AUG07-B79.5,0.3005,0.475,1.0
2026-08-07,KLAX,15,KXHIGHLAX-26AUG07-B77.5,0.21,0.515,0.0
2026-08-07,KLAX,15,KXHIGHLAX-26AUG07-B75.5,0.098,0.005,0.0
2026-08-07,KLAX,15,KXHIGHLAX-26AUG07-T75,0.011,0.005,0.0
2026-08-07,KLAX,17,KXHIGHLAX-26AUG07-T82,0.0695,0.005,0.0
2026-08-07,KLAX,17,KXHIGHLAX-26AUG07-B81.5,0.357,0.005,0.0
2026-08-07,KLAX,17,KXHIGHLAX-26AUG07-B79.5,0.482,0.395,1.0
2026-08-07,KLAX,17,KXHIGHLAX-26AUG07-B77.5,0.0915,0.615,0.0
2026-08-07,KLAX,17,KXHIGHLAX-26AUG07-B75.5,0.0,0.005,0.0
2026-08-07,KLAX,17,KXHIGHLAX-26AUG07-T75,0.0,0.005,0.0
2026-08-07,KLAX,19,KXHIGHLAX-26AUG07-T82,0.0215,0.005,0.0
2026-08-07,KLAX,19,KXHIGHLAX-26AUG07-B81.5,0.246,0.05,0.0
2026-08-07,KLAX,19,KXHIGHLAX-26AUG07-B79.5,0.638,0.915,1.0
2026-08-07,KLAX,19,KXHIGHLAX-26AUG07-B77.5,0.0945,0.055,0.0
2026-08-07,KLAX,19,KXHIGHLAX-26AUG07-B75.5,0.0,0.005,0.0
2026-08-07,KLAX,19,KXHIGHLAX-26AUG07-T75,0.0,0.005,0.0
2026-08-08,KLAX,15,KXHIGHLAX-26AUG08-T74,0.0,0.005,0.0
2026-08-08,KLAX,15,KXHIGHLAX-26AUG08-T81,0.134,0.055,0.0
2026-08-08,KLAX,15,KXHIGHLAX-26AUG08-B74.5,0.0,0.005,0.0
2026-08-08,KLAX,15,KXHIGHLAX-26AUG08-B76.5,0.0675,0.025,0.0
2026-08-08,KLAX,15,KXHIGHLAX-26AUG08-B80.5,0.4195,0.415,0.0
2026-08-08,KLAX,15,KXHIGHLAX-26AUG08-B78.5,0.379,0.525,1.0
2026-08-08,KLAX,17,KXHIGHLAX-26AUG08-T74,0.0,0.005,0.0
2026-08-08,KLAX,17,KXHIGHLAX-26AUG08-T81,0.1045,0.055,0.0
2026-08-08,KLAX,17,KXHIGHLAX-26AUG08-B74.5,0.0,0.005,0.0
2026-08-08,KLAX,17,KXHIGHLAX-26AUG08-B76.5,0.043,0.005,0.0
2026-08-08,KLAX,17,KXHIGHLAX-26AUG08-B80.5,0.463,0.415,0.0
2026-08-08,KLAX,17,KXHIGHLAX-26AUG08-B78.5,0.3895,0.545,1.0
2026-08-08,KLAX,19,KXHIGHLAX-26AUG08-T74,0.0,0.005,0.0
2026-08-08,KLAX,19,KXHIGHLAX-26AUG08-T81,0.051,0.025,0.0
2026-08-08,KLAX,19,KXHIGHLAX-26AUG08-B74.5,0.0,0.005,0.0
2026-08-08,KLAX,19,KXHIGHLAX-26AUG08-B76.5,0.0,0.005,0.0
2026-08-08,KLAX,19,KXHIGHLAX-26AUG08-B80.5,0.42,0.20500000000000002,0.0
2026-08-08,KLAX,19,KXHIGHLAX-26AUG08-B78.5,0.529,0.785,1.0
2026-08-09,KLAX,15,KXHIGHLAX-26AUG09-T75,0.0005,0.005,0.0
2026-08-09,KLAX,15,KXHIGHLAX-26AUG09-T82,0.05,0.015,0.0
2026-08-09,KLAX,15,KXHIGHLAX-26AUG09-B79.5,0.4615,0.705,1.0
2026-08-09,KLAX,15,KXHIGHLAX-26AUG09-B75.5,0.009,0.005,0.0
2026-08-09,KLAX,15,KXHIGHLAX-26AUG09-B81.5,0.2735,0.255,0.0
2026-08-09,KLAX,15,KXHIGHLAX-26AUG09-B77.5,0.2055,0.055,0.0
2026-08-09,KLAX,17,KXHIGHLAX-26AUG09-T75,0.0,0.005,0.0
2026-08-09,KLAX,17,KXHIGHLAX-26AUG09-T82,0.0245,0.015,0.0
2026-08-09,KLAX,17,KXHIGHLAX-26AUG09-B79.5,0.4775,0.675,1.0
2026-08-09,KLAX,17,KXHIGHLAX-26AUG09-B75.5,0.0265,0.005,0.0
2026-08-09,KLAX,17,KXHIGHLAX-26AUG09-B81.5,0.2,0.265,0.0
2026-08-09,KLAX,17,KXHIGHLAX-26AUG09-B77.5,0.2715,0.065,0.0
2026-08-09,KLAX,19,KXHIGHLAX-26AUG09-T75,0.0,0.005,0.0
2026-08-09,KLAX,19,KXHIGHLAX-26AUG09-T82,0.012,0.005,0.0
2026-08-09,KLAX,19,KXHIGHLAX-26AUG09-B79.5,0.6915,0.855,1.0
2026-08-09,KLAX,19,KXHIGHLAX-26AUG09-B75.5,0.0,0.005,0.0
2026-08-09,KLAX,19,KXHIGHLAX-26AUG09-B81.5,0.1615,0.055,0.0
2026-08-09,KLAX,19,KXHIGHLAX-26AUG09-B77.5,0.135,0.11,0.0
2026-08-10,KLAX,15,KXHIGHLAX-26AUG10-T81,0.0845,0.055,0.0
2026-08-10,KLAX,15,KXHIGHLAX-26AUG10-B76.5,0.0895,0.005,0.0
2026-08-10,KLAX,15,KXHIGHLAX-26AUG10-B78.5,0.459,0.395,1.0
2026-08-10,KLAX,15,KXHIGHLAX-26AUG10-T74,0.0,0.005,0.0
2026-08-10,KLAX,15,KXHIGHLAX-26AUG10-B80.5,0.365,0.545,0.0
2026-08-10,KLAX,15,KXHIGHLAX-26AUG10-B74.5,0.002,0.005,0.0
2026-08-10,KLAX,17,KXHIGHLAX-26AUG10-T81,0.0575,0.015,0.0
2026-08-10,KLAX,17,KXHIGHLAX-26AUG10-B76.5,0.1295,0.005,0.0
2026-08-10,KLAX,17,KXHIGHLAX-26AUG10-B78.5,0.519,0.605,1.0
2026-08-10,KLAX,17,KXHIGHLAX-26AUG10-T74,0.0,0.005,0.0
2026-08-10,KLAX,17,KXHIGHLAX-26AUG10-B80.5,0.294,0.415,0.0
2026-08-10,KLAX,17,KXHIGHLAX-26AUG10-B74.5,0.0,0.005,0.0
2026-08-10,KLAX,19,KXHIGHLAX-26AUG10-T81,0.0365,0.025,0.0
2026-08-10,KLAX,19,KXHIGHLAX-26AUG10-B76.5,0.0,0.005,0.0
2026-08-10,KLAX,19,KXHIGHLAX-26AUG10-B78.5,0.6055,0.275,1.0
2026-08-10,KLAX,19,KXHIGHLAX-26AUG10-T74,0.0,0.005,0.0
2026-08-10,KLAX,19,KXHIGHLAX-26AUG10-B80.5,0.358,0.735,0.0
2026-08-10,KLAX,19,KXHIGHLAX-26AUG10-B74.5,0.0,0.005,0.0
2026-08-11,KLAX,15,KXHIGHLAX-26AUG11-B80.5,0.373,0.08499999999999999,1.0
2026-08-11,KLAX,15,KXHIGHLAX-26AUG11-B74.5,0.0015,0.005,0.0
2026-08-11,KLAX,15,KXHIGHLAX-26AUG11-T74,0.0,0.005,0.0
2026-08-11,KLAX,15,KXHIGHLAX-26AUG11-B76.5,0.08,0.14500000000000002,0.0
2026-08-11,KLAX,15,KXHIGHLAX-26AUG11-T81,0.0635,0.005,0.0
2026-08-11,KLAX,15,KXHIGHLAX-26AUG11-B78.5,0.482,0.765,0.0
2026-08-11,KLAX,17,KXHIGHLAX-26AUG11-B80.5,0.633,0.255,1.0
2026-08-11,KLAX,17,KXHIGHLAX-26AUG11-B74.5,0.0,0.005,0.0
2026-08-11,KLAX,17,KXHIGHLAX-26AUG11-T74,0.0,0.005,0.0
2026-08-11,KLAX,17,KXHIGHLAX-26AUG11-B76.5,0.0,0.015,0.0
2026-08-11,KLAX,17,KXHIGHLAX-26AUG11-T81,0.367,0.005,0.0
2026-08-11,KLAX,17,KXHIGHLAX-26AUG11-B78.5,0.0,0.735,0.0
2026-08-11,KLAX,19,KXHIGHLAX-26AUG11-B80.5,0.8175,0.985,1.0
2026-08-11,KLAX,19,KXHIGHLAX-26AUG11-B74.5,0.0,0.005,0.0
2026-08-11,KLAX,19,KXHIGHLAX-26AUG11-T74,0.0,0.005,0.0
2026-08-11,KLAX,19,KXHIGHLAX-26AUG11-B76.5,0.0,0.005,0.0
2026-08-11,KLAX,19,KXHIGHLAX-26AUG11-T81,0.1825,0.025,0.0
2026-08-11,KLAX,19,KXHIGHLAX-26AUG11-B78.5,0.0,0.005,0.0
2026-08-12,KLAX,15,KXHIGHLAX-26AUG12-T72,0.0,0.005,0.0
2026-08-12,KLAX,15,KXHIGHLAX-26AUG12-B74.5,0.0195,0.005,0.0
2026-08-12,KLAX,15,KXHIGHLAX-26AUG12-B72.5,0.0,0.005,0.0
2026-08-12,KLAX,15,KXHIGHLAX-26AUG12-B76.5,0.2905,0.295,0.0
2026-08-12,KLAX,15,KXHIGHLAX-26AUG12-B78.5,0.467,0.585,1.0
2026-08-12,KLAX,15,KXHIGHLAX-26AUG12-T79,0.223,0.11499999999999999,0.0
2026-08-12,KLAX,17,KXHIGHLAX-26AUG12-T72,0.0,0.005,0.0
2026-08-12,KLAX,17,KXHIGHLAX-26AUG12-B74.5,0.0,0.005,0.0
2026-08-12,KLAX,17,KXHIGHLAX-26AUG12-B72.5,0.0,0.005,0.0
2026-08-12,KLAX,17,KXHIGHLAX-26AUG12-B76.5,0.299,0.29000000000000004,0.0
2026-08-12,KLAX,17,KXHIGHLAX-26AUG12-B78.5,0.554,0.635,1.0
2026-08-12,KLAX,17,KXHIGHLAX-26AUG12-T79,0.147,0.08499999999999999,0.0
2026-08-12,KLAX,19,KXHIGHLAX-26AUG12-T72,0.0,0.005,0.0
2026-08-12,KLAX,19,KXHIGHLAX-26AUG12-B74.5,0.0,0.005,0.0
2026-08-12,KLAX,19,KXHIGHLAX-26AUG12-B72.5,0.0,0.005,0.0
2026-08-12,KLAX,19,KXHIGHLAX-26AUG12-B76.5,0.5665,0.525,0.0
2026-08-12,KLAX,19,KXHIGHLAX-26AUG12-B78.5,0.3985,0.475,1.0
2026-08-12,KLAX,19,KXHIGHLAX-26AUG12-T79,0.035,0.005,0.0
2026-08-13,KLAX,15,KXHIGHLAX-26AUG13-B70.5,0.0,0.005,0.0
2026-08-13,KLAX,15,KXHIGHLAX-26AUG13-T70,0.0,0.005,0.0
2026-08-13,KLAX,15,KXHIGHLAX-26AUG13-T77,0.388,0.445,0.0
2026-08-13,KLAX,15,KXHIGHLAX-26AUG13-B74.5,0.0915,0.015,0.0
2026-08-13,KLAX,15,KXHIGHLAX-26AUG13-B72.5,0.001,0.005,0.0
2026-08-13,KLAX,15,KXHIGHLAX-26AUG13-B76.5,0.5195,0.545,1.0
2026-08-13,KLAX,17,KXHIGHLAX-26AUG13-B70.5,0.0,0.005,0.0
2026-08-13,KLAX,17,KXHIGHLAX-26AUG13-T70,0.0,0.005,0.0
2026-08-13,KLAX,17,KXHIGHLAX-26AUG13-T77,0.2325,0.375,0.0
2026-08-13,KLAX,17,KXHIGHLAX-26AUG13-B74.5,0.1675,0.035,0.0
2026-08-13,KLAX,17,KXHIGHLAX-26AUG13-B72.5,0.0175,0.005,0.0
2026-08-13,KLAX,17,KXHIGHLAX-26AUG13-B76.5,0.5825,0.605,1.0
2026-08-13,KLAX,19,KXHIGHLAX-26AUG13-B70.5,0.0,0.005,0.0
2026-08-13,KLAX,19,KXHIGHLAX-26AUG13-T70,0.0,0.005,0.0
2026-08-13,KLAX,19,KXHIGHLAX-26AUG13-T77,0.338,0.45,0.0
2026-08-13,KLAX,19,KXHIGHLAX-26AUG13-B74.5,0.0,0.005,0.0
2026-08-13,KLAX,19,KXHIGHLAX-26AUG13-B72.5,0.0,0.005,0.0
2026-08-13,KLAX,19,KXHIGHLAX-26AUG13-B76.5,0.662,0.555,1.0
2026-08-14,KLAX,15,KXHIGHLAX-26AUG14-T71,0.0,0.005,0.0
2026-08-14,KLAX,15,KXHIGHLAX-26AUG14-B75.5,0.087,0.135,0.0
2026-08-14,KLAX,15,KXHIGHLAX-26AUG14-B73.5,0.0,0.005,0.0
2026-08-14,KLAX,15,KXHIGHLAX-26AUG14-B71.5,0.0,0.005,0.0
2026-08-14,KLAX,15,KXHIGHLAX-26AUG14-T78,0.132,0.10500000000000001,0.0
2026-08-14,KLAX,15,KXHIGHLAX-26AUG14-B77.5,0.781,0.765,1.0
2026-08-14,KLAX,17,KXHIGHLAX-26AUG14-T71,0.0,0.005,0.0
2026-08-14,KLAX,17,KXHIGHLAX-26AUG14-B75.5,0.053,0.035,0.0
2026-08-14,KLAX,17,KXHIGHLAX-26AUG14-B73.5,0.0,0.005,0.0
2026-08-14,KLAX,17,KXHIGHLAX-26AUG14-B71.5,0.0,0.005,0.0
2026-08-14,KLAX,17,KXHIGHLAX-26AUG14-T78,0.2035,0.15000000000000002,0.0
2026-08-14,KLAX,17,KXHIGHLAX-26AUG14-B77.5,0.7435,0.785,1.0
2026-08-14,KLAX,19,KXHIGHLAX-26AUG14-T71,0.0,0.005,0.0
2026-08-14,KLAX,19,KXHIGHLAX-26AUG14-B75.5,0.0,0.005,0.0
2026-08-14,KLAX,19,KXHIGHLAX-26AUG14-B73.5,0.0,0.005,0.0
2026-08-14,KLAX,19,KXHIGHLAX-26AUG14-B71.5,0.0,0.005,0.0
2026-08-14,KLAX,19,KXHIGHLAX-26AUG14-T78,0.345,0.79,0.0
2026-08-14,KLAX,19,KXHIGHLAX-26AUG14-B77.5,0.655,0.195,1.0
2026-08-15,KLAX,15,KXHIGHLAX-26AUG15-T74,0.0045,0.005,0.0
2026-08-15,KLAX,15,KXHIGHLAX-26AUG15-B74.5,0.2685,0.035,0.0
2026-08-15,KLAX,15,KXHIGHLAX-26AUG15-B76.5,0.618,0.63,1.0
2026-08-15,KLAX,15,KXHIGHLAX-26AUG15-B78.5,0.1015,0.335,0.0
2026-08-15,KLAX,15,KXHIGHLAX-26AUG15-T81,0.0025,0.005,0.0
2026-08-15,KLAX,15,KXHIGHLAX-26AUG15-B80.5,0.005,0.025,0.0
2026-08-15,KLAX,17,KXHIGHLAX-26AUG15-T74,0.0,0.005,0.0
2026-08-15,KLAX,17,KXHIGHLAX-26AUG15-B74.5,0.197,0.035,0.0
2026-08-15,KLAX,17,KXHIGHLAX-26AUG15-B76.5,0.617,0.635,1.0
2026-08-15,KLAX,17,KXHIGHLAX-26AUG15-B78.5,0.1605,0.33,0.0
2026-08-15,KLAX,17,KXHIGHLAX-26AUG15-T81,0.0025,0.005,0.0
2026-08-15,KLAX,17,KXHIGHLAX-26AUG15-B80.5,0.023,0.025,0.0
2026-08-15,KLAX,19,KXHIGHLAX-26AUG15-T74,0.0,0.005,0.0
2026-08-15,KLAX,19,KXHIGHLAX-26AUG15-B74.5,0.0,0.015,0.0
2026-08-15,KLAX,19,KXHIGHLAX-26AUG15-B76.5,0.8415,0.725,1.0
2026-08-15,KLAX,19,KXHIGHLAX-26AUG15-B78.5,0.1475,0.245,0.0
2026-08-15,KLAX,19,KXHIGHLAX-26AUG15-T81,0.0,0.005,0.0
2026-08-15,KLAX,19,KXHIGHLAX-26AUG15-B80.5,0.011,0.015,0.0
2026-08-16,KLAX,15,KXHIGHLAX-26AUG16-B75.5,0.361,0.12,0.0
2026-08-16,KLAX,15,KXHIGHLAX-26AUG16-T82,0.0075,0.005,0.0
2026-08-16,KLAX,15,KXHIGHLAX-26AUG16-T75,0.0265,0.005,0.0
2026-08-16,KLAX,15,KXHIGHLAX-26AUG16-B79.5,0.1055,0.175,0.0
2026-08-16,KLAX,15,KXHIGHLAX-26AUG16-B77.5,0.4935,0.705,1.0
2026-08-16,KLAX,15,KXHIGHLAX-26AUG16-B81.5,0.006,0.015,0.0
2026-08-16,KLAX,17,KXHIGHLAX-26AUG16-B75.5,0.433,0.195,0.0
2026-08-16,KLAX,17,KXHIGHLAX-26AUG16-T82,0.0,0.005,0.0
2026-08-16,KLAX,17,KXHIGHLAX-26AUG16-T75,0.042,0.005,0.0
2026-08-16,KLAX,17,KXHIGHLAX-26AUG16-B79.5,0.044,0.125,0.0
2026-08-16,KLAX,17,KXHIGHLAX-26AUG16-B77.5,0.479,0.67,1.0
2026-08-16,KLAX,17,KXHIGHLAX-26AUG16-B81.5,0.002,0.025,0.0
2026-08-16,KLAX,19,KXHIGHLAX-26AUG16-B75.5,0.5815,0.6799999999999999,0.0
2026-08-16,KLAX,19,KXHIGHLAX-26AUG16-T82,0.0,0.005,0.0
2026-08-16,KLAX,19,KXHIGHLAX-26AUG16-T75,0.0085,0.005,0.0
2026-08-16,KLAX,19,KXHIGHLAX-26AUG16-B79.5,0.0215,0.025,0.0
2026-08-16,KLAX,19,KXHIGHLAX-26AUG16-B77.5,0.3885,0.28500000000000003,1.0
2026-08-16,KLAX,19,KXHIGHLAX-26AUG16-B81.5,0.0,0.005,0.0
2026-08-17,KLAX,15,KXHIGHLAX-26AUG17-B78.5,0.4345,0.61,1.0
2026-08-17,KLAX,15,KXHIGHLAX-26AUG17-T76,0.0705,0.005,0.0
2026-08-17,KLAX,15,KXHIGHLAX-26AUG17-B82.5,0.0165,0.015,0.0
2026-08-17,KLAX,15,KXHIGHLAX-26AUG17-B80.5,0.2015,0.12,0.0
2026-08-17,KLAX,15,KXHIGHLAX-26AUG17-T83,0.0,0.005,0.0
2026-08-17,KLAX,15,KXHIGHLAX-26AUG17-B76.5,0.277,0.28500000000000003,0.0
2026-08-17,KLAX,17,KXHIGHLAX-26AUG17-B78.5,0.6095,0.705,1.0
2026-08-17,KLAX,17,KXHIGHLAX-26AUG17-T76,0.0,0.005,0.0
2026-08-17,KLAX,17,KXHIGHLAX-26AUG17-B82.5,0.025,0.005,0.0
2026-08-17,KLAX,17,KXHIGHLAX-26AUG17-B80.5,0.2575,0.175,0.0
2026-08-17,KLAX,17,KXHIGHLAX-26AUG17-T83,0.0,0.005,0.0
2026-08-17,KLAX,17,KXHIGHLAX-26AUG17-B76.5,0.108,0.08499999999999999,0.0
2026-08-17,KLAX,19,KXHIGHLAX-26AUG17-B78.5,0.722,0.835,1.0
2026-08-17,KLAX,19,KXHIGHLAX-26AUG17-T76,0.0,0.005,0.0
2026-08-17,KLAX,19,KXHIGHLAX-26AUG17-B82.5,0.0055,0.005,0.0
2026-08-17,KLAX,19,KXHIGHLAX-26AUG17-B80.5,0.163,0.155,0.0
2026-08-17,KLAX,19,KXHIGHLAX-26AUG17-T83,0.0,0.005,0.0
2026-08-17,KLAX,19,KXHIGHLAX-26AUG17-B76.5,0.1095,0.005,0.0
2026-08-18,KLAX,15,KXHIGHLAX-26AUG18-T75,0.0,0.005,0.0
2026-08-18,KLAX,15,KXHIGHLAX-26AUG18-B79.5,0.4035,0.69,0.0
2026-08-18,KLAX,15,KXHIGHLAX-26AUG18-B77.5,0.1965,0.08,0.0
2026-08-18,KLAX,15,KXHIGHLAX-26AUG18-B75.5,0.02,0.005,0.0
2026-08-18,KLAX,15,KXHIGHLAX-26AUG18-T82,0.0415,0.035,0.0
2026-08-18,KLAX,15,KXHIGHLAX-26AUG18-B81.5,0.3385,0.195,1.0
2026-08-18,KLAX,17,KXHIGHLAX-26AUG18-T75,0.0,0.005,0.0
2026-08-18,KLAX,17,KXHIGHLAX-26AUG18-B79.5,0.4535,0.625,0.0
2026-08-18,KLAX,17,KXHIGHLAX-26AUG18-B77.5,0.1645,0.355,0.0
2026-08-18,KLAX,17,KXHIGHLAX-26AUG18-B75.5,0.0135,0.005,0.0
2026-08-18,KLAX,17,KXHIGHLAX-26AUG18-T82,0.03,0.005,0.0
2026-08-18,KLAX,17,KXHIGHLAX-26AUG18-B81.5,0.3385,0.025,1.0
2026-08-18,KLAX,19,KXHIGHLAX-26AUG18-T75,0.0,0.005,0.0
2026-08-18,KLAX,19,KXHIGHLAX-26AUG18-B79.5,0.558,0.14500000000000002,0.0
2026-08-18,KLAX,19,KXHIGHLAX-26AUG18-B77.5,0.0065,0.8,0.0
2026-08-18,KLAX,19,KXHIGHLAX-26AUG18-B75.5,0.0,0.065,0.0
2026-08-18,KLAX,19,KXHIGHLAX-26AUG18-T82,0.02,0.005,0.0
2026-08-18,KLAX,19,KXHIGHLAX-26AUG18-B81.5,0.4155,0.005,1.0
2026-08-19,KLAX,15,KXHIGHLAX-26AUG19-B78.5,0.2275,0.07500000000000001,0.0
2026-08-19,KLAX,15,KXHIGHLAX-26AUG19-B80.5,0.4155,0.385,0.0
2026-08-19,KLAX,15,KXHIGHLAX-26AUG19-T83,0.0245,0.11499999999999999,0.0
2026-08-19,KLAX,15,KXHIGHLAX-26AUG19-T76,0.0,0.005,0.0
2026-08-19,KLAX,15,KXHIGHLAX-26AUG19-B76.5,0.069,0.005,0.0
2026-08-19,KLAX,15,KXHIGHLAX-26AUG19-B82.5,0.2635,0.45999999999999996,1.0
2026-08-19,KLAX,17,KXHIGHLAX-26AUG19-B78.5,0.0,0.025,0.0
2026-08-19,KLAX,17,KXHIGHLAX-26AUG19-B80.5,0.41,0.45,0.0
2026-08-19,KLAX,17,KXHIGHLAX-26AUG19-T83,0.1025,0.15000000000000002,0.0
2026-08-19,KLAX,17,KXHIGHLAX-26AUG19-T76,0.0,0.005,0.0
2026-08-19,KLAX,17,KXHIGHLAX-26AUG19-B76.5,0.0,0.005,0.0
2026-08-19,KLAX,17,KXHIGHLAX-26AUG19-B82.5,0.4875,0.425,1.0
2026-08-19,KLAX,19,KXHIGHLAX-26AUG19-B78.5,0.0,0.005,0.0
2026-08-19,KLAX,19,KXHIGHLAX-26AUG19-B80.5,0.643,0.005,0.0
2026-08-19,KLAX,19,KXHIGHLAX-26AUG19-T83,0.0175,0.060000000000000005,0.0
2026-08-19,KLAX,19,KXHIGHLAX-26AUG19-T76,0.0,0.005,0.0
2026-08-19,KLAX,19,KXHIGHLAX-26AUG19-B76.5,0.0,0.005,0.0
2026-08-19,KLAX,19,KXHIGHLAX-26AUG19-B82.5,0.3395,0.925,1.0
2026-08-20,KLAX,15,KXHIGHLAX-26AUG20-B79.5,0.536,0.305,0.0
2026-08-20,KLAX,15,KXHIGHLAX-26AUG20-T84,0.006,0.035,0.0
2026-08-20,KLAX,15,KXHIGHLAX-26AUG20-B83.5,0.015,0.175,0.0
2026-08-20,KLAX,15,KXHIGHLAX-26AUG20-B81.5,0.109,0.515,0.0
2026-08-20,KLAX,15,KXHIGHLAX-26AUG20-T77,0.02,0.005,0.0
2026-08-20,KLAX,15,KXHIGHLAX-26AUG20-B77.5,0.314,0.005,1.0
2026-08-20,KLAX,17,KXHIGHLAX-26AUG20-B79.5,0.421,0.61,0.0
2026-08-20,KLAX,17,KXHIGHLAX-26AUG20-T84,0.0,0.005,0.0
2026-08-20,KLAX,17,KXHIGHLAX-26AUG20-B83.5,0.0005,0.035,0.0
2026-08-20,KLAX,17,KXHIGHLAX-26AUG20-B81.5,0.0495,0.26,0.0
2026-08-20,KLAX,17,KXHIGHLAX-26AUG20-T77,0.0595,0.005,0.0
2026-08-20,KLAX,17,KXHIGHLAX-26AUG20-B77.5,0.4695,0.08499999999999999,1.0
2026-08-20,KLAX,19,KXHIGHLAX-26AUG20-B79.5,0.2765,0.575,0.0
2026-08-20,KLAX,19,KXHIGHLAX-26AUG20-T84,0.0,0.005,0.0
2026-08-20,KLAX,19,KXHIGHLAX-26AUG20-B83.5,0.0,0.01,0.0
2026-08-20,KLAX,19,KXHIGHLAX-26AUG20-B81.5,0.0165,0.08,0.0
2026-08-20,KLAX,19,KXHIGHLAX-26AUG20-T77,0.071,0.005,0.0
2026-08-20,KLAX,19,KXHIGHLAX-26AUG20-B77.5,0.636,0.295,1.0
2026-08-21,KLAX,15,KXHIGHLAX-26AUG21-B76.5,0.0,0.015,0.0
2026-08-21,KLAX,15,KXHIGHLAX-26AUG21-T83,0.2065,0.215,0.0
2026-08-21,KLAX,15,KXHIGHLAX-26AUG21-B78.5,0.031,0.055,0.0
2026-08-21,KLAX,15,KXHIGHLAX-26AUG21-T76,0.0,0.005,0.0
2026-08-21,KLAX,15,KXHIGHLAX-26AUG21-B80.5,0.286,0.265,0.0
2026-08-21,KLAX,15,KXHIGHLAX-26AUG21-B82.5,0.4765,0.505,1.0
2026-08-21,KLAX,17,KXHIGHLAX-26AUG21-B76.5,0.0,0.005,0.0
2026-08-21,KLAX,17,KXHIGHLAX-26AUG21-T83,0.067,0.045,0.0
2026-08-21,KLAX,17,KXHIGHLAX-26AUG21-B78.5,0.045,0.005,0.0
2026-08-21,KLAX,17,KXHIGHLAX-26AUG21-T76,0.0,0.005,0.0
2026-08-21,KLAX,17,KXHIGHLAX-26AUG21-B80.5,0.421,0.51,0.0
2026-08-21,KLAX,17,KXHIGHLAX-26AUG21-B82.5,0.467,0.445,1.0
2026-08-21,KLAX,19,KXHIGHLAX-26AUG21-B76.5,0.0,0.005,0.0
2026-08-21,KLAX,19,KXHIGHLAX-26AUG21-T83,0.0695,0.135,0.0
2026-08-21,KLAX,19,KXHIGHLAX-26AUG21-B78.5,0.0,0.005,0.0
2026-08-21,KLAX,19,KXHIGHLAX-26AUG21-T76,0.0,0.005,0.0
2026-08-21,KLAX,19,KXHIGHLAX-26AUG21-B80.5,0.2615,0.16,0.0
2026-08-21,KLAX,19,KXHIGHLAX-26AUG21-B82.5,0.669,0.685,1.0
2026-08-22,KLAX,15,KXHIGHLAX-26AUG22-B82.5,0.3845,0.485,1.0
2026-08-22,KLAX,15,KXHIGHLAX-26AUG22-B80.5,0.3345,0.33,0.0
2026-08-22,KLAX,15,KXHIGHLAX-26AUG22-B78.5,0.1735,0.035,0.0
2026-08-22,KLAX,15,KXHIGHLAX-26AUG22-T76,0.0,0.005,0.0
2026-08-22,KLAX,15,KXHIGHLAX-26AUG22-B76.5,0.0295,0.005,0.0
2026-08-22,KLAX,15,KXHIGHLAX-26AUG22-T83,0.078,0.18,0.0
2026-08-22,KLAX,17,KXHIGHLAX-26AUG22-B82.5,0.5915,0.46499999999999997,1.0
2026-08-22,KLAX,17,KXHIGHLAX-26AUG22-B80.5,0.0,0.41500000000000004,0.0
2026-08-22,KLAX,17,KXHIGHLAX-26AUG22-B78.5,0.0,0.035,0.0
2026-08-22,KLAX,17,KXHIGHLAX-26AUG22-T76,0.0,0.005,0.0
2026-08-22,KLAX,17,KXHIGHLAX-26AUG22-B76.5,0.0,0.005,0.0
2026-08-22,KLAX,17,KXHIGHLAX-26AUG22-T83,0.4085,0.095,0.0
2026-08-22,KLAX,19,KXHIGHLAX-26AUG22-B82.5,0.7305,0.895,1.0
2026-08-22,KLAX,19,KXHIGHLAX-26AUG22-B80.5,0.0,0.005,0.0
2026-08-22,KLAX,19,KXHIGHLAX-26AUG22-B78.5,0.0,0.005,0.0
2026-08-22,KLAX,19,KXHIGHLAX-26AUG22-T76,0.0,0.005,0.0
2026-08-22,KLAX,19,KXHIGHLAX-26AUG22-B76.5,0.0,0.005,0.0
2026-08-22,KLAX,19,KXHIGHLAX-26AUG22-T83,0.2695,0.10500000000000001,0.0
2026-08-23,KLAX,15,KXHIGHLAX-26AUG23-T77,0.0,0.005,0.0
2026-08-23,KLAX,15,KXHIGHLAX-26AUG23-T84,0.4055,0.595,1.0
2026-08-23,KLAX,15,KXHIGHLAX-26AUG23-B77.5,0.0,0.005,0.0
2026-08-23,KLAX,15,KXHIGHLAX-26AUG23-B79.5,0.001,0.015,0.0
2026-08-23,KLAX,15,KXHIGHLAX-26AUG23-B81.5,0.1115,0.08499999999999999,0.0
2026-08-23,KLAX,15,KXHIGHLAX-26AUG23-B83.5,0.482,0.335,0.0
2026-08-23,KLAX,17,KXHIGHLAX-26AUG23-T77,0.0,0.005,0.0
2026-08-23,KLAX,17,KXHIGHLAX-26AUG23-T84,0.624,0.8300000000000001,1.0
2026-08-23,KLAX,17,KXHIGHLAX-26AUG23-B77.5,0.0,0.005,0.0
2026-08-23,KLAX,17,KXHIGHLAX-26AUG23-B79.5,0.0,0.005,0.0
2026-08-23,KLAX,17,KXHIGHLAX-26AUG23-B81.5,0.0275,0.005,0.0
2026-08-23,KLAX,17,KXHIGHLAX-26AUG23-B83.5,0.3485,0.18,0.0
2026-08-23,KLAX,19,KXHIGHLAX-26AUG23-T77,0.0,0.005,0.0
2026-08-23,KLAX,19,KXHIGHLAX-26AUG23-T84,0.411,0.995,1.0
2026-08-23,KLAX,19,KXHIGHLAX-26AUG23-B77.5,0.0,0.005,0.0
2026-08-23,KLAX,19,KXHIGHLAX-26AUG23-B79.5,0.0,0.005,0.0
2026-08-23,KLAX,19,KXHIGHLAX-26AUG23-B81.5,0.012,0.005,0.0
2026-08-23,KLAX,19,KXHIGHLAX-26AUG23-B83.5,0.577,0.005,0.0
2026-08-24,KLAX,15,KXHIGHLAX-26AUG24-B86.5,0.263,0.155,0.0
2026-08-24,KLAX,15,KXHIGHLAX-26AUG24-B84.5,0.44,0.51,1.0
2026-08-24,KLAX,15,KXHIGHLAX-26AUG24-T87,0.024,0.035,0.0
2026-08-24,KLAX,15,KXHIGHLAX-26AUG24-T80,0.0,0.005,0.0
2026-08-24,KLAX,15,KXHIGHLAX-26AUG24-B80.5,0.0665,0.025,0.0
2026-08-24,KLAX,15,KXHIGHLAX-26AUG24-B82.5,0.2065,0.315,0.0
2026-08-24,KLAX,17,KXHIGHLAX-26AUG24-B86.5,0.3045,0.375,0.0
2026-08-24,KLAX,17,KXHIGHLAX-26AUG24-B84.5,0.586,0.415,1.0
2026-08-24,KLAX,17,KXHIGHLAX-26AUG24-T87,0.025,0.125,0.0
2026-08-24,KLAX,17,KXHIGHLAX-26AUG24-T80,0.0,0.005,0.0
2026-08-24,KLAX,17,KXHIGHLAX-26AUG24-B80.5,0.0,0.005,0.0
2026-08-24,KLAX,17,KXHIGHLAX-26AUG24-B82.5,0.0845,0.125,0.0
2026-08-24,KLAX,19,KXHIGHLAX-26AUG24-B86.5,0.154,0.095,0.0
2026-08-24,KLAX,19,KXHIGHLAX-26AUG24-B84.5,0.483,0.895,1.0
2026-08-24,KLAX,19,KXHIGHLAX-26AUG24-T87,0.003,0.015,0.0
2026-08-24,KLAX,19,KXHIGHLAX-26AUG24-T80,0.0,0.005,0.0
2026-08-24,KLAX,19,KXHIGHLAX-26AUG24-B80.5,0.0,0.005,0.0
2026-08-24,KLAX,19,KXHIGHLAX-26AUG24-B82.5,0.36,0.005,0.0
2026-07-01,KSFO,15,KXHIGHTSFO-26JUL01-B72.5,0.1845,0.28500000000000003,0.0
2026-07-01,KSFO,15,KXHIGHTSFO-26JUL01-T73,0.055,0.075,0.0
2026-07-01,KSFO,15,KXHIGHTSFO-26JUL01-B66.5,0.061,0.05,0.0
2026-07-01,KSFO,15,KXHIGHTSFO-26JUL01-B68.5,0.2945,0.08499999999999999,0.0
2026-07-01,KSFO,15,KXHIGHTSFO-26JUL01-B70.5,0.404,0.405,1.0
2026-07-01,KSFO,15,KXHIGHTSFO-26JUL01-T66,0.001,0.025,0.0
2026-07-01,KSFO,17,KXHIGHTSFO-26JUL01-B72.5,0.1835,0.33499999999999996,0.0
2026-07-01,KSFO,17,KXHIGHTSFO-26JUL01-T73,0.05,0.060000000000000005,0.0
2026-07-01,KSFO,17,KXHIGHTSFO-26JUL01-B66.5,0.057,0.025,0.0
2026-07-01,KSFO,17,KXHIGHTSFO-26JUL01-B68.5,0.2925,0.07500000000000001,0.0
2026-07-01,KSFO,17,KXHIGHTSFO-26JUL01-B70.5,0.4165,0.455,1.0
2026-07-01,KSFO,17,KXHIGHTSFO-26JUL01-T66,0.0005,0.025,0.0
2026-07-01,KSFO,19,KXHIGHTSFO-26JUL01-B72.5,0.135,0.22999999999999998,0.0
2026-07-01,KSFO,19,KXHIGHTSFO-26JUL01-T73,0.0295,0.05,0.0
2026-07-01,KSFO,19,KXHIGHTSFO-26JUL01-B66.5,0.0905,0.025,0.0
2026-07-01,KSFO,19,KXHIGHTSFO-26JUL01-B68.5,0.4,0.22499999999999998,0.0
2026-07-01,KSFO,19,KXHIGHTSFO-26JUL01-B70.5,0.345,0.54,1.0
2026-07-01,KSFO,19,KXHIGHTSFO-26JUL01-T66,0.0,0.005,0.0
2026-07-02,KSFO,15,KXHIGHTSFO-26JUL02-B68.5,0.1165,0.16,0.0
2026-07-02,KSFO,15,KXHIGHTSFO-26JUL02-T64,0.0,0.025,0.0
2026-07-02,KSFO,15,KXHIGHTSFO-26JUL02-T71,0.5745,0.475,0.0
2026-07-02,KSFO,15,KXHIGHTSFO-26JUL02-B66.5,0.0245,0.07,0.0
2026-07-02,KSFO,15,KXHIGHTSFO-26JUL02-B70.5,0.283,0.37,1.0
2026-07-02,KSFO,15,KXHIGHTSFO-26JUL02-B64.5,0.0015,0.015,0.0
2026-07-02,KSFO,17,KXHIGHTSFO-26JUL02-B68.5,0.1095,0.125,0.0
2026-07-02,KSFO,17,KXHIGHTSFO-26JUL02-T64,0.0,0.005,0.0
2026-07-02,KSFO,17,KXHIGHTSFO-26JUL02-T71,0.576,0.475,0.0
2026-07-02,KSFO,17,KXHIGHTSFO-26JUL02-B66.5,0.023,0.01,0.0
2026-07-02,KSFO,17,KXHIGHTSFO-26JUL02-B70.5,0.2915,0.445,1.0
2026-07-02,KSFO,17,KXHIGHTSFO-26JUL02-B64.5,0.0,0.01,0.0
2026-07-02,KSFO,19,KXHIGHTSFO-26JUL02-B68.5,0.1605,0.095,0.0
2026-07-02,KSFO,19,KXHIGHTSFO-26JUL02-T64,0.0,0.005,0.0
2026-07-02,KSFO,19,KXHIGHTSFO-26JUL02-T71,0.385,0.5,0.0
2026-07-02,KSFO,19,KXHIGHTSFO-26JUL02-B66.5,0.2165,0.005,0.0
2026-07-02,KSFO,19,KXHIGHTSFO-26JUL02-B70.5,0.238,0.375,1.0
2026-07-02,KSFO,19,KXHIGHTSFO-26JUL02-B64.5,0.0,0.005,0.0
2026-07-03,KSFO,15,KXHIGHTSFO-26JUL03-T73,0.3195,0.13,0.0
2026-07-03,KSFO,15,KXHIGHTSFO-26JUL03-B70.5,0.198,0.355,1.0
2026-07-03,KSFO,15,KXHIGHTSFO-26JUL03-B68.5,0.0675,0.12,0.0
2026-07-03,KSFO,15,KXHIGHTSFO-26JUL03-T66,0.0005,0.03,0.0
2026-07-03,KSFO,15,KXHIGHTSFO-26JUL03-B66.5,0.0215,0.025,0.0
2026-07-03,KSFO,15,KXHIGHTSFO-26JUL03-B72.5,0.393,0.375,0.0
2026-07-03,KSFO,17,KXHIGHTSFO-26JUL03-T73,0.3095,0.155,0.0
2026-07-03,KSFO,17,KXHIGHTSFO-26JUL03-B70.5,0.1805,0.42000000000000004,1.0
2026-07-03,KSFO,17,KXHIGHTSFO-26JUL03-B68.5,0.0575,0.065,0.0
2026-07-03,KSFO,17,KXHIGHTSFO-26JUL03-T66,0.0055,0.005,0.0
2026-07-03,KSFO,17,KXHIGHTSFO-26JUL03-B66.5,0.0365,0.025,0.0
2026-07-03,KSFO,17,KXHIGHTSFO-26JUL03-B72.5,0.4105,0.415,0.0
2026-07-03,KSFO,19,KXHIGHTSFO-26JUL03-T73,0.2315,0.135,0.0
2026-07-03,KSFO,19,KXHIGHTSFO-26JUL03-B70.5,0.2265,0.52,1.0
2026-07-03,KSFO,19,KXHIGHTSFO-26JUL03-B68.5,0.1985,0.035,0.0
2026-07-03,KSFO,19,KXHIGHTSFO-26JUL03-T66,0.0,0.005,0.0
2026-07-03,KSFO,19,KXHIGHTSFO-26JUL03-B66.5,0.0,0.005,0.0
2026-07-03,KSFO,19,KXHIGHTSFO-26JUL03-B72.5,0.3435,0.27,0.0
2026-07-04,KSFO,15,KXHIGHTSFO-26JUL04-B67.5,0.101,0.065,0.0
2026-07-04,KSFO,15,KXHIGHTSFO-26JUL04-B69.5,0.183,0.48,1.0
2026-07-04,KSFO,15,KXHIGHTSFO-26JUL04-T67,0.0905,0.045,0.0
2026-07-04,KSFO,15,KXHIGHTSFO-26JUL04-T74,0.0675,0.015,0.0
2026-07-04,KSFO,15,KXHIGHTSFO-26JUL04-B71.5,0.344,0.315,0.0
2026-07-04,KSFO,15,KXHIGHTSFO-26JUL04-B73.5,0.214,0.10500000000000001,0.0
2026-07-04,KSFO,17,KXHIGHTSFO-26JUL04-B67.5,0.0965,0.11499999999999999,0.0
2026-07-04,KSFO,17,KXHIGHTSFO-26JUL04-B69.5,0.183,0.365,1.0
2026-07-04,KSFO,17,KXHIGHTSFO-26JUL04-T67,0.0495,0.04,0.0
2026-07-04,KSFO,17,KXHIGHTSFO-26JUL04-T74,0.0745,0.02,0.0
2026-07-04,KSFO,17,KXHIGHTSFO-26JUL04-B71.5,0.361,0.375,0.0
2026-07-04,KSFO,17,KXHIGHTSFO-26JUL04-B73.5,0.2355,0.07,0.0
2026-07-04,KSFO,19,KXHIGHTSFO-26JUL04-B67.5,0.2275,0.125,0.0
2026-07-04,KSFO,19,KXHIGHTSFO-26JUL04-B69.5,0.2485,0.47,1.0
2026-07-04,KSFO,19,KXHIGHTSFO-26JUL04-T67,0.0015,0.025,0.0
2026-07-04,KSFO,19,KXHIGHTSFO-26JUL04-T74,0.0575,0.015,0.0
2026-07-04,KSFO,19,KXHIGHTSFO-26JUL04-B71.5,0.28,0.375,0.0
2026-07-04,KSFO,19,KXHIGHTSFO-26JUL04-B73.5,0.185,0.07,0.0
2026-07-05,KSFO,15,KXHIGHTSFO-26JUL05-B69.5,0.4075,0.545,1.0
2026-07-05,KSFO,15,KXHIGHTSFO-26JUL05-B71.5,0.146,0.14,0.0
2026-07-05,KSFO,15,KXHIGHTSFO-26JUL05-T72,0.0475,0.015,0.0
2026-07-05,KSFO,15,KXHIGHTSFO-26JUL05-T65,0.002,0.015,0.0
2026-07-05,KSFO,15,KXHIGHTSFO-26JUL05-B67.5,0.3345,0.235,0.0
2026-07-05,KSFO,15,KXHIGHTSFO-26JUL05-B65.5,0.0625,0.045,0.0
2026-07-05,KSFO,17,KXHIGHTSFO-26JUL05-B69.5,0.4225,0.545,1.0
2026-07-05,KSFO,17,KXHIGHTSFO-26JUL05-B71.5,0.1705,0.10500000000000001,0.0
2026-07-05,KSFO,17,KXHIGHTSFO-26JUL05-T72,0.054,0.025,0.0
2026-07-05,KSFO,17,KXHIGHTSFO-26JUL05-T65,0.0015,0.025,0.0
2026-07-05,KSFO,17,KXHIGHTSFO-26JUL05-B67.5,0.302,0.27,0.0
2026-07-05,KSFO,17,KXHIGHTSFO-26JUL05-B65.5,0.0495,0.045,0.0
2026-07-05,KSFO,19,KXHIGHTSFO-26JUL05-B69.5,0.465,0.62,1.0
2026-07-05,KSFO,19,KXHIGHTSFO-26JUL05-B71.5,0.173,0.16499999999999998,0.0
2026-07-05,KSFO,19,KXHIGHTSFO-26JUL05-T72,0.0635,0.025,0.0
2026-07-05,KSFO,19,KXHIGHTSFO-26JUL05-T65,0.0,0.005,0.0
2026-07-05,KSFO,19,KXHIGHTSFO-26JUL05-B67.5,0.2985,0.165,0.0
2026-07-05,KSFO,19,KXHIGHTSFO-26JUL05-B65.5,0.0,0.005,0.0
2026-07-06,KSFO,15,KXHIGHTSFO-26JUL06-B66.5,0.2735,0.305,0.0
2026-07-06,KSFO,15,KXHIGHTSFO-26JUL06-T64,0.0,0.025,0.0
2026-07-06,KSFO,15,KXHIGHTSFO-26JUL06-B64.5,0.036,0.035,0.0
2026-07-06,KSFO,15,KXHIGHTSFO-26JUL06-B68.5,0.4295,0.5700000000000001,1.0
2026-07-06,KSFO,15,KXHIGHTSFO-26JUL06-T71,0.0695,0.015,0.0
2026-07-06,KSFO,15,KXHIGHTSFO-26JUL06-B70.5,0.1915,0.095,0.0
2026-07-06,KSFO,17,KXHIGHTSFO-26JUL06-B66.5,0.273,0.31,0.0
2026-07-06,KSFO,17,KXHIGHTSFO-26JUL06-T64,0.0015,0.03,0.0
2026-07-06,KSFO,17,KXHIGHTSFO-26JUL06-B64.5,0.05,0.035,0.0
2026-07-06,KSFO,17,KXHIGHTSFO-26JUL06-B68.5,0.447,0.505,1.0
2026-07-06,KSFO,17,KXHIGHTSFO-26JUL06-T71,0.04,0.015,0.0
2026-07-06,KSFO,17,KXHIGHTSFO-26JUL06-B70.5,0.1885,0.10500000000000001,0.0
2026-07-06,KSFO,19,KXHIGHTSFO-26JUL06-B66.5,0.38,0.27,0.0
2026-07-06,KSFO,19,KXHIGHTSFO-26JUL06-T64,0.0,0.005,0.0
2026-07-06,KSFO,19,KXHIGHTSFO-26JUL06-B64.5,0.0,0.005,0.0
2026-07-06,KSFO,19,KXHIGHTSFO-26JUL06-B68.5,0.421,0.625,1.0
2026-07-06,KSFO,19,KXHIGHTSFO-26JUL06-T71,0.0305,0.025,0.0
2026-07-06,KSFO,19,KXHIGHTSFO-26JUL06-B70.5,0.1685,0.11499999999999999,0.0
2026-07-07,KSFO,15,KXHIGHTSFO-26JUL07-T62,0.0015,0.045,0.0
2026-07-07,KSFO,15,KXHIGHTSFO-26JUL07-T69,0.023,0.02,0.0
2026-07-07,KSFO,15,KXHIGHTSFO-26JUL07-B64.5,0.568,0.385,0.0
2026-07-07,KSFO,15,KXHIGHTSFO-26JUL07-B62.5,0.208,0.09,1.0
2026-07-07,KSFO,15,KXHIGHTSFO-26JUL07-B66.5,0.1775,0.35,0.0
2026-07-07,KSFO,15,KXHIGHTSFO-26JUL07-B68.5,0.022,0.025,0.0
2026-07-07,KSFO,17,KXHIGHTSFO-26JUL07-T62,0.024,0.04,0.0
2026-07-07,KSFO,17,KXHIGHTSFO-26JUL07-T69,0.0025,0.02,0.0
2026-07-07,KSFO,17,KXHIGHTSFO-26JUL07-B64.5,0.5905,0.495,0.0
2026-07-07,KSFO,17,KXHIGHTSFO-26JUL07-B62.5,0.219,0.155,1.0
2026-07-07,KSFO,17,KXHIGHTSFO-26JUL07-B66.5,0.152,0.20500000000000002,0.0
2026-07-07,KSFO,17,KXHIGHTSFO-26JUL07-B68.5,0.012,0.025,0.0
2026-07-07,KSFO,19,KXHIGHTSFO-26JUL07-T62,0.1115,0.1,0.0
2026-07-07,KSFO,19,KXHIGHTSFO-26JUL07-T69,0.0,0.015,0.0
2026-07-07,KSFO,19,KXHIGHTSFO-26JUL07-B64.5,0.5065,0.64,0.0
2026-07-07,KSFO,19,KXHIGHTSFO-26JUL07-B62.5,0.2415,0.22,1.0
2026-07-07,KSFO,19,KXHIGHTSFO-26JUL07-B66.5,0.1345,0.08499999999999999,0.0
2026-07-07,KSFO,19,KXHIGHTSFO-26JUL07-B68.5,0.006,0.025,0.0
2026-07-08,KSFO,15,KXHIGHTSFO-26JUL08-B65.5,0.464,0.435,1.0
2026-07-08,KSFO,15,KXHIGHTSFO-26JUL08-B67.5,0.369,0.235,0.0
2026-07-08,KSFO,15,KXHIGHTSFO-26JUL08-B63.5,0.098,0.235,0.0
2026-07-08,KSFO,15,KXHIGHTSFO-26JUL08-T70,0.006,0.025,0.0
2026-07-08,KSFO,15,KXHIGHTSFO-26JUL08-B69.5,0.0485,0.04,0.0
2026-07-08,KSFO,15,KXHIGHTSFO-26JUL08-T63,0.0145,0.025,0.0
2026-07-08,KSFO,17,KXHIGHTSFO-26JUL08-B65.5,0.456,0.475,1.0
2026-07-08,KSFO,17,KXHIGHTSFO-26JUL08-B67.5,0.367,0.195,0.0
2026-07-08,KSFO,17,KXHIGHTSFO-26JUL08-B63.5,0.0825,0.26,0.0
2026-07-08,KSFO,17,KXHIGHTSFO-26JUL08-T70,0.0045,0.025,0.0
2026-07-08,KSFO,17,KXHIGHTSFO-26JUL08-B69.5,0.0325,0.03,0.0
2026-07-08,KSFO,17,KXHIGHTSFO-26JUL08-T63,0.0575,0.03,0.0
2026-07-08,KSFO,19,KXHIGHTSFO-26JUL08-B65.5,0.425,0.29000000000000004,1.0
2026-07-08,KSFO,19,KXHIGHTSFO-26JUL08-B67.5,0.319,0.105,0.0
2026-07-08,KSFO,19,KXHIGHTSFO-26JUL08-B63.5,0.201,0.345,0.0
2026-07-08,KSFO,19,KXHIGHTSFO-26JUL08-T70,0.0035,0.02,0.0
2026-07-08,KSFO,19,KXHIGHTSFO-26JUL08-B69.5,0.0275,0.025,0.0
2026-07-08,KSFO,19,KXHIGHTSFO-26JUL08-T63,0.024,0.14500000000000002,0.0
2026-07-09,KSFO,15,KXHIGHTSFO-26JUL09-B70.5,0.303,0.235,0.0
2026-07-09,KSFO,15,KXHIGHTSFO-26JUL09-B66.5,0.1645,0.28,0.0
2026-07-09,KSFO,15,KXHIGHTSFO-26JUL09-B72.5,0.126,0.030000000000000002,0.0
2026-07-09,KSFO,15,KXHIGHTSFO-26JUL09-B68.5,0.267,0.365,1.0
2026-07-09,KSFO,15,KXHIGHTSFO-26JUL09-T66,0.1105,0.165,0.0
2026-07-09,KSFO,17,KXHIGHTSFO-26JUL09-B70.5,0.329,0.135,0.0
2026-07-09,KSFO,17,KXHIGHTSFO-26JUL09-B66.5,0.171,0.28,0.0
2026-07-09,KSFO,17,KXHIGHTSFO-26JUL09-B72.5,0.137,0.02,0.0
2026-07-09,KSFO,17,KXHIGHTSFO-26JUL09-B68.5,0.2645,0.475,1.0
2026-07-09,KSFO,17,KXHIGHTSFO-26JUL09-T66,0.0575,0.08,0.0
2026-07-09,KSFO,19,KXHIGHTSFO-26JUL09-B70.5,0.2825,0.125,0.0
2026-07-09,KSFO,19,KXHIGHTSFO-26JUL09-B66.5,0.121,0.22999999999999998,0.0
2026-07-09,KSFO,19,KXHIGHTSFO-26JUL09-B72.5,0.141,0.02,0.0
2026-07-09,KSFO,19,KXHIGHTSFO-26JUL09-B68.5,0.418,0.6,1.0
2026-07-09,KSFO,19,KXHIGHTSFO-26JUL09-T66,0.0,0.055,0.0
2026-07-09,KSFO,19,KXHIGHTSFO-26JUL09-T73,0.0375,0.005,0.0
2026-07-10,KSFO,15,KXHIGHTSFO-26JUL10-B64.5,0.164,0.11499999999999999,0.0
2026-07-10,KSFO,15,KXHIGHTSFO-26JUL10-B66.5,0.444,0.42,1.0
2026-07-10,KSFO,15,KXHIGHTSFO-26JUL10-B70.5,0.063,0.08,0.0
2026-07-10,KSFO,15,KXHIGHTSFO-26JUL10-T71,0.0215,0.01,0.0
2026-07-10,KSFO,15,KXHIGHTSFO-26JUL10-B68.5,0.2935,0.395,0.0
2026-07-10,KSFO,15,KXHIGHTSFO-26JUL10-T64,0.014,0.015,0.0
2026-07-10,KSFO,17,KXHIGHTSFO-26JUL10-B64.5,0.184,0.14500000000000002,0.0
2026-07-10,KSFO,17,KXHIGHTSFO-26JUL10-B66.5,0.4575,0.35,1.0
2026-07-10,KSFO,17,KXHIGHTSFO-26JUL10-B70.5,0.0355,0.08499999999999999,0.0
2026-07-10,KSFO,17,KXHIGHTSFO-26JUL10-T71,0.0045,0.005,0.0
2026-07-10,KSFO,17,KXHIGHTSFO-26JUL10-B68.5,0.28,0.46499999999999997,0.0
2026-07-10,KSFO,17,KXHIGHTSFO-26JUL10-T64,0.0385,0.005,0.0
2026-07-10,KSFO,19,KXHIGHTSFO-26JUL10-B64.5,0.293,0.14,0.0
2026-07-10,KSFO,19,KXHIGHTSFO-26JUL10-B66.5,0.382,0.485,1.0
2026-07-10,KSFO,19,KXHIGHTSFO-26JUL10-B70.5,0.029,0.11,0.0
2026-07-10,KSFO,19,KXHIGHTSFO-26JUL10-T71,0.006,0.005,0.0
2026-07-10,KSFO,19,KXHIGHTSFO-26JUL10-B68.5,0.2405,0.18,0.0
2026-07-10,KSFO,19,KXHIGHTSFO-26JUL10-T64,0.0495,0.005,0.0
2026-07-11,KSFO,15,KXHIGHTSFO-26JUL11-T76,0.006,0.005,0.0
2026-07-11,KSFO,15,KXHIGHTSFO-26JUL11-B75.5,0.0295,0.035,0.0
2026-07-11,KSFO,15,KXHIGHTSFO-26JUL11-B73.5,0.1575,0.09,0.0
2026-07-11,KSFO,15,KXHIGHTSFO-26JUL11-B69.5,0.2995,0.375,0.0
2026-07-11,KSFO,15,KXHIGHTSFO-26JUL11-T69,0.1775,0.16499999999999998,1.0
2026-07-11,KSFO,15,KXHIGHTSFO-26JUL11-B71.5,0.33,0.42500000000000004,0.0
2026-07-11,KSFO,17,KXHIGHTSFO-26JUL11-B75.5,0.0265,0.035,0.0
2026-07-11,KSFO,17,KXHIGHTSFO-26JUL11-B73.5,0.129,0.075,0.0
2026-07-11,KSFO,17,KXHIGHTSFO-26JUL11-B69.5,0.3,0.315,0.0
2026-07-11,KSFO,17,KXHIGHTSFO-26JUL11-T69,0.256,0.21,1.0
2026-07-11,KSFO,17,KXHIGHTSFO-26JUL11-B71.5,0.2795,0.42500000000000004,0.0
2026-07-11,KSFO,19,KXHIGHTSFO-26JUL11-T76,0.0015,0.005,0.0
2026-07-11,KSFO,19,KXHIGHTSFO-26JUL11-B75.5,0.012,0.005,0.0
2026-07-11,KSFO,19,KXHIGHTSFO-26JUL11-B73.5,0.088,0.025,0.0
2026-07-11,KSFO,19,KXHIGHTSFO-26JUL11-B69.5,0.2085,0.365,0.0
2026-07-11,KSFO,19,KXHIGHTSFO-26JUL11-T69,0.5,0.585,1.0
2026-07-11,KSFO,19,KXHIGHTSFO-26JUL11-B71.5,0.19,0.1,0.0
2026-07-12,KSFO,15,KXHIGHTSFO-26JUL12-T79,0.0715,0.05500000000000001,0.0
2026-07-12,KSFO,15,KXHIGHTSFO-26JUL12-B74.5,0.192,0.41500000000000004,0.0
2026-07-12,KSFO,15,KXHIGHTSFO-26JUL12-B78.5,0.1805,0.08499999999999999,0.0
2026-07-12,KSFO,15,KXHIGHTSFO-26JUL12-T72,0.206,0.12,0.0
2026-07-12,KSFO,15,KXHIGHTSFO-26JUL12-B72.5,0.0875,0.14500000000000002,0.0
2026-07-12,KSFO,15,KXHIGHTSFO-26JUL12-B76.5,0.2625,0.26,1.0
2026-07-12,KSFO,17,KXHIGHTSFO-26JUL12-T79,0.074,0.04,0.0
2026-07-12,KSFO,17,KXHIGHTSFO-26JUL12-B74.5,0.1815,0.28500000000000003,0.0
2026-07-12,KSFO,17,KXHIGHTSFO-26JUL12-B78.5,0.192,0.09,0.0
2026-07-12,KSFO,17,KXHIGHTSFO-26JUL12-T72,0.1975,0.105,0.0
2026-07-12,KSFO,17,KXHIGHTSFO-26JUL12-B72.5,0.095,0.29000000000000004,0.0
2026-07-12,KSFO,17,KXHIGHTSFO-26JUL12-B76.5,0.26,0.195,1.0
2026-07-12,KSFO,19,KXHIGHTSFO-26JUL12-T79,0.045,0.035,0.0
2026-07-12,KSFO,19,KXHIGHTSFO-26JUL12-B74.5,0.176,0.47,0.0
2026-07-12,KSFO,19,KXHIGHTSFO-26JUL12-B78.5,0.142,0.1,0.0
2026-07-12,KSFO,19,KXHIGHTSFO-26JUL12-T72,0.22,0.175,0.0
2026-07-12,KSFO,19,KXHIGHTSFO-26JUL12-B72.5,0.2325,0.15,0.0
2026-07-12,KSFO,19,KXHIGHTSFO-26JUL12-B76.5,0.1845,0.16499999999999998,1.0
2026-07-13,KSFO,15,KXHIGHTSFO-26JUL13-B78.5,0.261,0.37,1.0
2026-07-13,KSFO,15,KXHIGHTSFO-26JUL13-T83,0.0805,0.03,0.0
2026-07-13,KSFO,15,KXHIGHTSFO-26JUL13-B80.5,0.227,0.155,0.0
2026-07-13,KSFO,15,KXHIGHTSFO-26JUL13-B82.5,0.1825,0.060000000000000005,0.0
2026-07-13,KSFO,15,KXHIGHTSFO-26JUL13-B76.5,0.1765,0.16999999999999998,0.0
2026-07-13,KSFO,15,KXHIGHTSFO-26JUL13-T76,0.0725,0.22499999999999998,0.0
2026-07-13,KSFO,17,KXHIGHTSFO-26JUL13-B78.5,0.203,0.27,1.0
2026-07-13,KSFO,17,KXHIGHTSFO-26JUL13-T83,0.076,0.035,0.0
2026-07-13,KSFO,17,KXHIGHTSFO-26JUL13-B80.5,0.1845,0.21500000000000002,0.0
2026-07-13,KSFO,17,KXHIGHTSFO-26JUL13-B82.5,0.111,0.10500000000000001,0.0
2026-07-13,KSFO,17,KXHIGHTSFO-26JUL13-B76.5,0.1805,0.12,0.0
2026-07-13,KSFO,17,KXHIGHTSFO-26JUL13-T76,0.245,0.31,0.0
2026-07-13,KSFO,19,KXHIGHTSFO-26JUL13-B78.5,0.1695,0.295,1.0
2026-07-13,KSFO,19,KXHIGHTSFO-26JUL13-T83,0.041,0.015,0.0
2026-07-13,KSFO,19,KXHIGHTSFO-26JUL13-B80.5,0.1215,0.135,0.0
2026-07-13,KSFO,19,KXHIGHTSFO-26JUL13-B82.5,0.0755,0.02,0.0
2026-07-13,KSFO,19,KXHIGHTSFO-26JUL13-B76.5,0.3015,0.375,0.0
2026-07-13,KSFO,19,KXHIGHTSFO-26JUL13-T76,0.291,0.15000000000000002,0.0
2026-07-14,KSFO,15,KXHIGHTSFO-26JUL14-B78.5,0.162,0.24,0.0
2026-07-14,KSFO,15,KXHIGHTSFO-26JUL14-B74.5,0.084,0.035,0.0
2026-07-14,KSFO,15,KXHIGHTSFO-26JUL14-B76.5,0.0915,0.10500000000000001,0.0
2026-07-14,KSFO,15,KXHIGHTSFO-26JUL14-T74,0.023,0.02,0.0
2026-07-14,KSFO,15,KXHIGHTSFO-26JUL14-B80.5,0.1895,0.31,0.0
2026-07-14,KSFO,15,KXHIGHTSFO-26JUL14-T81,0.45,0.32999999999999996,1.0
2026-07-14,KSFO,17,KXHIGHTSFO-26JUL14-B78.5,0.1335,0.14500000000000002,0.0
2026-07-14,KSFO,17,KXHIGHTSFO-26JUL14-B74.5,0.1085,0.015,0.0
2026-07-14,KSFO,17,KXHIGHTSFO-26JUL14-B76.5,0.1475,0.05,0.0
2026-07-14,KSFO,17,KXHIGHTSFO-26JUL14-T74,0.0305,0.015,0.0
2026-07-14,KSFO,17,KXHIGHTSFO-26JUL14-B80.5,0.1335,0.37,0.0
2026-07-14,KSFO,17,KXHIGHTSFO-26JUL14-T81,0.4465,0.41,1.0
2026-07-14,KSFO,19,KXHIGHTSFO-26JUL14-B78.5,0.0995,0.145,0.0
2026-07-14,KSFO,19,KXHIGHTSFO-26JUL14-B74.5,0.0,0.005,0.0
2026-07-14,KSFO,19,KXHIGHTSFO-26JUL14-B76.5,0.0,0.03,0.0
2026-07-14,KSFO,19,KXHIGHTSFO-26JUL14-T74,0.0,0.005,0.0
2026-07-14,KSFO,19,KXHIGHTSFO-26JUL14-B80.5,0.407,0.48,0.0
2026-07-14,KSFO,19,KXHIGHTSFO-26JUL14-T81,0.4935,0.29000000000000004,1.0
2026-07-15,KSFO,15,KXHIGHTSFO-26JUL15-T78,0.1225,0.035,0.0
2026-07-15,KSFO,15,KXHIGHTSFO-26JUL15-B75.5,0.3145,0.375,0.0
2026-07-15,KSFO,15,KXHIGHTSFO-26JUL15-B71.5,0.104,0.155,0.0
2026-07-15,KSFO,15,KXHIGHTSFO-26JUL15-B77.5,0.185,0.055,0.0
2026-07-15,KSFO,15,KXHIGHTSFO-26JUL15-B73.5,0.252,0.29500000000000004,1.0
2026-07-15,KSFO,15,KXHIGHTSFO-26JUL15-T71,0.022,0.08,0.0
2026-07-15,KSFO,17,KXHIGHTSFO-26JUL15-T78,0.0965,0.05500000000000001,0.0
2026-07-15,KSFO,17,KXHIGHTSFO-26JUL15-B75.5,0.304,0.4,0.0
2026-07-15,KSFO,17,KXHIGHTSFO-26JUL15-B71.5,0.1075,0.135,0.0
2026-07-15,KSFO,17,KXHIGHTSFO-26JUL15-B77.5,0.2195,0.11499999999999999,0.0
2026-07-15,KSFO,17,KXHIGHTSFO-26JUL15-B73.5,0.257,0.31,1.0
2026-07-15,KSFO,17,KXHIGHTSFO-26JUL15-T71,0.0155,0.035,0.0
2026-07-15,KSFO,19,KXHIGHTSFO-26JUL15-T78,0.0425,0.05,0.0
2026-07-15,KSFO,19,KXHIGHTSFO-26JUL15-B75.5,0.212,0.35,0.0
2026-07-15,KSFO,19,KXHIGHTSFO-26JUL15-B71.5,0.334,0.10500000000000001,0.0
2026-07-15,KSFO,19,KXHIGHTSFO-26JUL15-B77.5,0.0875,0.055,0.0
2026-07-15,KSFO,19,KXHIGHTSFO-26JUL15-B73.5,0.267,0.42,1.0
2026-07-15,KSFO,19,KXHIGHTSFO-26JUL15-T71,0.057,0.05,0.0
2026-07-16,KSFO,15,KXHIGHTSFO-26JUL16-T66,0.004,0.060000000000000005,0.0
2026-07-16,KSFO,15,KXHIGHTSFO-26JUL16-B72.5,0.16,0.135,0.0
2026-07-16,KSFO,15,KXHIGHTSFO-26JUL16-B66.5,0.0925,0.10500000000000001,0.0
2026-07-16,KSFO,15,KXHIGHTSFO-26JUL16-T73,0.082,0.05,0.0
2026-07-16,KSFO,15,KXHIGHTSFO-26JUL16-B70.5,0.332,0.325,0.0
2026-07-16,KSFO,15,KXHIGHTSFO-26JUL16-B68.5,0.3295,0.355,1.0
2026-07-16,KSFO,17,KXHIGHTSFO-26JUL16-T66,0.0,0.025,0.0
2026-07-16,KSFO,17,KXHIGHTSFO-26JUL16-B72.5,0.152,0.095,0.0
2026-07-16,KSFO,17,KXHIGHTSFO-26JUL16-B66.5,0.088,0.07,0.0
2026-07-16,KSFO,17,KXHIGHTSFO-26JUL16-T73,0.074,0.015,0.0
2026-07-16,KSFO,17,KXHIGHTSFO-26JUL16-B70.5,0.3715,0.36,0.0
2026-07-16,KSFO,17,KXHIGHTSFO-26JUL16-B68.5,0.3145,0.43000000000000005,1.0
2026-07-16,KSFO,19,KXHIGHTSFO-26JUL16-T66,0.0,0.005,0.0
2026-07-16,KSFO,19,KXHIGHTSFO-26JUL16-B72.5,0.1825,0.19,0.0
2026-07-16,KSFO,19,KXHIGHTSFO-26JUL16-B66.5,0.0,0.005,0.0
2026-07-16,KSFO,19,KXHIGHTSFO-26JUL16-T73,0.0685,0.035,0.0
2026-07-16,KSFO,19,KXHIGHTSFO-26JUL16-B70.5,0.4405,0.515,0.0
2026-07-16,KSFO,19,KXHIGHTSFO-26JUL16-B68.5,0.3085,0.215,1.0
2026-07-17,KSFO,15,KXHIGHTSFO-26JUL17-T64,0.001,0.035,0.0
2026-07-17,KSFO,15,KXHIGHTSFO-26JUL17-T71,0.0205,0.02,0.0
2026-07-17,KSFO,15,KXHIGHTSFO-26JUL17-B66.5,0.422,0.47,0.0
2026-07-17,KSFO,15,KXHIGHTSFO-26JUL17-B70.5,0.0655,0.045,0.0
2026-07-17,KSFO,15,KXHIGHTSFO-26JUL17-B68.5,0.3985,0.315,1.0
2026-07-17,KSFO,15,KXHIGHTSFO-26JUL17-B64.5,0.0925,0.165,0.0
2026-07-17,KSFO,17,KXHIGHTSFO-26JUL17-T64,0.001,0.02,0.0
2026-07-17,KSFO,17,KXHIGHTSFO-26JUL17-T71,0.03,0.005,0.0
2026-07-17,KSFO,17,KXHIGHTSFO-26JUL17-B66.5,0.436,0.48,0.0
2026-07-17,KSFO,17,KXHIGHTSFO-26JUL17-B70.5,0.085,0.025,0.0
2026-07-17,KSFO,17,KXHIGHTSFO-26JUL17-B68.5,0.369,0.315,1.0
2026-07-17,KSFO,17,KXHIGHTSFO-26JUL17-B64.5,0.079,0.195,0.0
2026-07-17,KSFO,19,KXHIGHTSFO-26JUL17-T64,0.0,0.005,0.0
2026-07-17,KSFO,19,KXHIGHTSFO-26JUL17-T71,0.0285,0.005,0.0
2026-07-17,KSFO,19,KXHIGHTSFO-26JUL17-B66.5,0.469,0.5800000000000001,0.0
2026-07-17,KSFO,19,KXHIGHTSFO-26JUL17-B70.5,0.108,0.055,0.0
2026-07-17,KSFO,19,KXHIGHTSFO-26JUL17-B68.5,0.3945,0.175,1.0
2026-07-17,KSFO,19,KXHIGHTSFO-26JUL17-B64.5,0.0,0.165,0.0
2026-07-18,KSFO,15,KXHIGHTSFO-26JUL18-B67.5,0.1055,0.38,0.0
2026-07-18,KSFO,15,KXHIGHTSFO-26JUL18-B69.5,0.391,0.36,0.0
2026-07-18,KSFO,15,KXHIGHTSFO-26JUL18-T72,0.13,0.025,0.0
2026-07-18,KSFO,15,KXHIGHTSFO-26JUL18-B71.5,0.35,0.095,1.0
2026-07-18,KSFO,15,KXHIGHTSFO-26JUL18-T65,0.0,0.045,0.0
2026-07-18,KSFO,15,KXHIGHTSFO-26JUL18-B65.5,0.0235,0.13,0.0
2026-07-18,KSFO,17,KXHIGHTSFO-26JUL18-B67.5,0.073,0.165,0.0
2026-07-18,KSFO,17,KXHIGHTSFO-26JUL18-B69.5,0.366,0.66,0.0
2026-07-18,KSFO,17,KXHIGHTSFO-26JUL18-T72,0.1505,0.015,0.0
2026-07-18,KSFO,17,KXHIGHTSFO-26JUL18-B71.5,0.406,0.125,1.0
2026-07-18,KSFO,17,KXHIGHTSFO-26JUL18-T65,0.0,0.035,0.0
2026-07-18,KSFO,17,KXHIGHTSFO-26JUL18-B65.5,0.0045,0.055,0.0
2026-07-18,KSFO,19,KXHIGHTSFO-26JUL18-B67.5,0.0,0.005,0.0
2026-07-18,KSFO,19,KXHIGHTSFO-26JUL18-B69.5,0.305,0.385,0.0
2026-07-18,KSFO,19,KXHIGHTSFO-26JUL18-T72,0.232,0.175,0.0
2026-07-18,KSFO,19,KXHIGHTSFO-26JUL18-B71.5,0.463,0.435,1.0
2026-07-18,KSFO,19,KXHIGHTSFO-26JUL18-T65,0.0,0.005,0.0
2026-07-18,KSFO,19,KXHIGHTSFO-26JUL18-B65.5,0.0,0.005,0.0
2026-07-19,KSFO,15,KXHIGHTSFO-26JUL19-B71.5,0.3055,0.135,0.0
2026-07-19,KSFO,15,KXHIGHTSFO-26JUL19-T74,0.006,0.02,0.0
2026-07-19,KSFO,15,KXHIGHTSFO-26JUL19-B73.5,0.0655,0.04,0.0
2026-07-19,KSFO,15,KXHIGHTSFO-26JUL19-B69.5,0.41,0.44,0.0
2026-07-19,KSFO,15,KXHIGHTSFO-26JUL19-B67.5,0.1645,0.305,0.0
2026-07-19,KSFO,15,KXHIGHTSFO-26JUL19-T67,0.0485,0.11,1.0
2026-07-19,KSFO,17,KXHIGHTSFO-26JUL19-B71.5,0.2905,0.055,0.0
2026-07-19,KSFO,17,KXHIGHTSFO-26JUL19-T74,0.009,0.015,0.0
2026-07-19,KSFO,17,KXHIGHTSFO-26JUL19-B73.5,0.053,0.025,0.0
2026-07-19,KSFO,17,KXHIGHTSFO-26JUL19-B69.5,0.4315,0.345,0.0
2026-07-19,KSFO,17,KXHIGHTSFO-26JUL19-B67.5,0.1745,0.365,0.0
2026-07-19,KSFO,17,KXHIGHTSFO-26JUL19-T67,0.0415,0.18,1.0
2026-07-19,KSFO,19,KXHIGHTSFO-26JUL19-B71.5,0.187,0.045,0.0
2026-07-19,KSFO,19,KXHIGHTSFO-26JUL19-T74,0.0,0.015,0.0
2026-07-19,KSFO,19,KXHIGHTSFO-26JUL19-B73.5,0.0275,0.025,0.0
2026-07-19,KSFO,19,KXHIGHTSFO-26JUL19-B69.5,0.348,0.26,0.0
2026-07-19,KSFO,19,KXHIGHTSFO-26JUL19-B67.5,0.2605,0.435,0.0
2026-07-19,KSFO,19,KXHIGHTSFO-26JUL19-T67,0.177,0.175,1.0
2026-07-20,KSFO,15,KXHIGHTSFO-26JUL20-B75.5,0.17,0.04,0.0
2026-07-20,KSFO,15,KXHIGHTSFO-26JUL20-B73.5,0.4405,0.155,0.0
2026-07-20,KSFO,15,KXHIGHTSFO-26JUL20-B69.5,0.065,0.37,0.0
2026-07-20,KSFO,15,KXHIGHTSFO-26JUL20-B71.5,0.2885,0.22999999999999998,1.0
2026-07-20,KSFO,15,KXHIGHTSFO-26JUL20-T76,0.0305,0.015,0.0
2026-07-20,KSFO,15,KXHIGHTSFO-26JUL20-T69,0.0055,0.275,0.0
2026-07-20,KSFO,17,KXHIGHTSFO-26JUL20-B75.5,0.143,0.025,0.0
2026-07-20,KSFO,17,KXHIGHTSFO-26JUL20-B73.5,0.407,0.125,0.0
2026-07-20,KSFO,17,KXHIGHTSFO-26JUL20-B69.5,0.089,0.325,0.0
2026-07-20,KSFO,17,KXHIGHTSFO-26JUL20-B71.5,0.2785,0.33999999999999997,1.0
2026-07-20,KSFO,17,KXHIGHTSFO-26JUL20-T76,0.01,0.015,0.0
2026-07-20,KSFO,17,KXHIGHTSFO-26JUL20-T69,0.0725,0.10500000000000001,0.0
2026-07-20,KSFO,19,KXHIGHTSFO-26JUL20-B75.5,0.0955,0.015,0.0
2026-07-20,KSFO,19,KXHIGHTSFO-26JUL20-B73.5,0.285,0.025,0.0
2026-07-20,KSFO,19,KXHIGHTSFO-26JUL20-B69.5,0.1325,0.265,0.0
2026-07-20,KSFO,19,KXHIGHTSFO-26JUL20-B71.5,0.217,0.15000000000000002,1.0
2026-07-20,KSFO,19,KXHIGHTSFO-26JUL20-T76,0.0055,0.005,0.0
2026-07-20,KSFO,19,KXHIGHTSFO-26JUL20-T69,0.2645,0.505,0.0
2026-07-21,KSFO,15,KXHIGHTSFO-26JUL21-B79.5,0.1375,0.06,0.0
2026-07-21,KSFO,15,KXHIGHTSFO-26JUL21-T82,0.6355,0.775,1.0
2026-07-21,KSFO,15,KXHIGHTSFO-26JUL21-T75,0.0005,0.005,0.0
2026-07-21,KSFO,15,KXHIGHTSFO-26JUL21-B77.5,0.1115,0.065,0.0
2026-07-21,KSFO,15,KXHIGHTSFO-26JUL21-B81.5,0.0765,0.135,0.0
2026-07-21,KSFO,15,KXHIGHTSFO-26JUL21-B75.5,0.0385,0.025,0.0
2026-07-21,KSFO,17,KXHIGHTSFO-26JUL21-B79.5,0.0895,0.095,0.0
2026-07-21,KSFO,17,KXHIGHTSFO-26JUL21-T82,0.572,0.61,1.0
2026-07-21,KSFO,17,KXHIGHTSFO-26JUL21-T75,0.0765,0.01,0.0
2026-07-21,KSFO,17,KXHIGHTSFO-26JUL21-B77.5,0.102,0.055,0.0
2026-07-21,KSFO,17,KXHIGHTSFO-26JUL21-B81.5,0.0455,0.19,0.0
2026-07-21,KSFO,17,KXHIGHTSFO-26JUL21-B75.5,0.1145,0.035,0.0
2026-07-21,KSFO,19,KXHIGHTSFO-26JUL21-B79.5,0.328,0.095,0.0
2026-07-21,KSFO,19,KXHIGHTSFO-26JUL21-T82,0.413,0.765,1.0
2026-07-21,KSFO,19,KXHIGHTSFO-26JUL21-T75,0.0,0.005,0.0
2026-07-21,KSFO,19,KXHIGHTSFO-26JUL21-B77.5,0.0655,0.015,0.0
2026-07-21,KSFO,19,KXHIGHTSFO-26JUL21-B81.5,0.1935,0.115,0.0
2026-07-21,KSFO,19,KXHIGHTSFO-26JUL21-B75.5,0.0,0.005,0.0
2026-07-22,KSFO,15,KXHIGHTSFO-26JUL22-B76.5,0.1355,0.055,0.0
2026-07-22,KSFO,15,KXHIGHTSFO-26JUL22-B74.5,0.309,0.295,1.0
2026-07-22,KSFO,15,KXHIGHTSFO-26JUL22-T74,0.391,0.655,0.0
2026-07-22,KSFO,15,KXHIGHTSFO-26JUL22-T81,0.0595,0.015,0.0
2026-07-22,KSFO,15,KXHIGHTSFO-26JUL22-B78.5,0.05,0.025,0.0
2026-07-22,KSFO,15,KXHIGHTSFO-26JUL22-B80.5,0.055,0.015,0.0
2026-07-22,KSFO,17,KXHIGHTSFO-26JUL22-B76.5,0.1425,0.07500000000000001,0.0
2026-07-22,KSFO,17,KXHIGHTSFO-26JUL22-B74.5,0.3615,0.245,1.0
2026-07-22,KSFO,17,KXHIGHTSFO-26JUL22-T74,0.4125,0.645,0.0
2026-07-22,KSFO,17,KXHIGHTSFO-26JUL22-T81,0.0145,0.015,0.0
2026-07-22,KSFO,17,KXHIGHTSFO-26JUL22-B78.5,0.053,0.025,0.0
2026-07-22,KSFO,17,KXHIGHTSFO-26JUL22-B80.5,0.016,0.015,0.0
2026-07-22,KSFO,19,KXHIGHTSFO-26JUL22-B76.5,0.1675,0.135,0.0
2026-07-22,KSFO,19,KXHIGHTSFO-26JUL22-B74.5,0.419,0.43,1.0
2026-07-22,KSFO,19,KXHIGHTSFO-26JUL22-T74,0.352,0.37,0.0
2026-07-22,KSFO,19,KXHIGHTSFO-26JUL22-T81,0.006,0.015,0.0
2026-07-22,KSFO,19,KXHIGHTSFO-26JUL22-B78.5,0.0515,0.025,0.0
2026-07-22,KSFO,19,KXHIGHTSFO-26JUL22-B80.5,0.004,0.015,0.0
2026-07-23,KSFO,15,KXHIGHTSFO-26JUL23-T74,0.0115,0.015,0.0
2026-07-23,KSFO,15,KXHIGHTSFO-26JUL23-B69.5,0.5585,0.52,1.0
2026-07-23,KSFO,15,KXHIGHTSFO-26JUL23-B67.5,0.159,0.10500000000000001,0.0
2026-07-23,KSFO,15,KXHIGHTSFO-26JUL23-T67,0.009,0.035,0.0
2026-07-23,KSFO,15,KXHIGHTSFO-26JUL23-B71.5,0.2435,0.305,0.0
2026-07-23,KSFO,15,KXHIGHTSFO-26JUL23-B73.5,0.0185,0.055,0.0
2026-07-23,KSFO,17,KXHIGHTSFO-26JUL23-T74,0.004,0.015,0.0
2026-07-23,KSFO,17,KXHIGHTSFO-26JUL23-B69.5,0.5505,0.515,1.0
2026-07-23,KSFO,17,KXHIGHTSFO-26JUL23-B67.5,0.1885,0.175,0.0
2026-07-23,KSFO,17,KXHIGHTSFO-26JUL23-T67,0.024,0.045,0.0
2026-07-23,KSFO,17,KXHIGHTSFO-26JUL23-B71.5,0.223,0.20500000000000002,0.0
2026-07-23,KSFO,17,KXHIGHTSFO-26JUL23-B73.5,0.01,0.04,0.0
2026-07-23,KSFO,19,KXHIGHTSFO-26JUL23-T74,0.007,0.015,0.0
2026-07-23,KSFO,19,KXHIGHTSFO-26JUL23-B69.5,0.551,0.505,1.0
2026-07-23,KSFO,19,KXHIGHTSFO-26JUL23-B67.5,0.156,0.255,0.0
2026-07-23,KSFO,19,KXHIGHTSFO-26JUL23-T67,0.0,0.045,0.0
2026-07-23,KSFO,19,KXHIGHTSFO-26JUL23-B71.5,0.2495,0.18,0.0
2026-07-23,KSFO,19,KXHIGHTSFO-26JUL23-B73.5,0.0365,0.025,0.0
2026-07-24,KSFO,15,KXHIGHTSFO-26JUL24-T67,0.0005,0.015,0.0
2026-07-24,KSFO,15,KXHIGHTSFO-26JUL24-B71.5,0.475,0.265,1.0
2026-07-24,KSFO,15,KXHIGHTSFO-26JUL24-B73.5,0.1205,0.08499999999999999,0.0
2026-07-24,KSFO,15,KXHIGHTSFO-26JUL24-B69.5,0.3285,0.545,0.0
2026-07-24,KSFO,15,KXHIGHTSFO-26JUL24-B67.5,0.0355,0.11499999999999999,0.0
2026-07-24,KSFO,15,KXHIGHTSFO-26JUL24-T74,0.04,0.025,0.0
2026-07-24,KSFO,17,KXHIGHTSFO-26JUL24-T67,0.0,0.015,0.0
2026-07-24,KSFO,17,KXHIGHTSFO-26JUL24-B71.5,0.4795,0.265,1.0
2026-07-24,KSFO,17,KXHIGHTSFO-26JUL24-B73.5,0.1275,0.035,0.0
2026-07-24,KSFO,17,KXHIGHTSFO-26JUL24-B69.5,0.3235,0.58,0.0
2026-07-24,KSFO,17,KXHIGHTSFO-26JUL24-B67.5,0.031,0.08499999999999999,0.0
2026-07-24,KSFO,17,KXHIGHTSFO-26JUL24-T74,0.0385,0.015,0.0
2026-07-24,KSFO,19,KXHIGHTSFO-26JUL24-T67,0.0,0.005,0.0
2026-07-24,KSFO,19,KXHIGHTSFO-26JUL24-B71.5,0.4575,0.365,1.0
2026-07-24,KSFO,19,KXHIGHTSFO-26JUL24-B73.5,0.116,0.045,0.0
2026-07-24,KSFO,19,KXHIGHTSFO-26JUL24-B69.5,0.368,0.515,0.0
2026-07-24,KSFO,19,KXHIGHTSFO-26JUL24-B67.5,0.0485,0.07500000000000001,0.0
2026-07-24,KSFO,19,KXHIGHTSFO-26JUL24-T74,0.01,0.025,0.0
2026-07-25,KSFO,15,KXHIGHTSFO-26JUL25-T68,0.0035,0.02,0.0
2026-07-25,KSFO,15,KXHIGHTSFO-26JUL25-B68.5,0.0565,0.095,0.0
2026-07-25,KSFO,15,KXHIGHTSFO-26JUL25-T75,0.057,0.015,0.0
2026-07-25,KSFO,15,KXHIGHTSFO-26JUL25-B70.5,0.3445,0.385,1.0
2026-07-25,KSFO,15,KXHIGHTSFO-26JUL25-B72.5,0.3985,0.45499999999999996,0.0
2026-07-25,KSFO,15,KXHIGHTSFO-26JUL25-B74.5,0.14,0.085,0.0
2026-07-25,KSFO,17,KXHIGHTSFO-26JUL25-T68,0.0035,0.005,0.0
2026-07-25,KSFO,17,KXHIGHTSFO-26JUL25-B68.5,0.062,0.05,0.0
2026-07-25,KSFO,17,KXHIGHTSFO-26JUL25-T75,0.026,0.015,0.0
2026-07-25,KSFO,17,KXHIGHTSFO-26JUL25-B70.5,0.3535,0.275,1.0
2026-07-25,KSFO,17,KXHIGHTSFO-26JUL25-B72.5,0.434,0.62,0.0
2026-07-25,KSFO,17,KXHIGHTSFO-26JUL25-B74.5,0.121,0.08,0.0
2026-07-25,KSFO,19,KXHIGHTSFO-26JUL25-T68,0.0,0.005,0.0
2026-07-25,KSFO,19,KXHIGHTSFO-26JUL25-B68.5,0.0,0.03,0.0
2026-07-25,KSFO,19,KXHIGHTSFO-26JUL25-T75,0.023,0.04,0.0
2026-07-25,KSFO,19,KXHIGHTSFO-26JUL25-B70.5,0.4325,0.265,1.0
2026-07-25,KSFO,19,KXHIGHTSFO-26JUL25-B72.5,0.409,0.5900000000000001,0.0
2026-07-25,KSFO,19,KXHIGHTSFO-26JUL25-B74.5,0.1355,0.15000000000000002,0.0
2026-07-26,KSFO,15,KXHIGHTSFO-26JUL26-T74,0.0125,0.015,0.0
2026-07-26,KSFO,15,KXHIGHTSFO-26JUL26-T67,0.007,0.02,0.0
2026-07-26,KSFO,15,KXHIGHTSFO-26JUL26-B71.5,0.307,0.415,0.0
2026-07-26,KSFO,15,KXHIGHTSFO-26JUL26-B67.5,0.103,0.07500000000000001,0.0
2026-07-26,KSFO,15,KXHIGHTSFO-26JUL26-B73.5,0.026,0.065,0.0
2026-07-26,KSFO,15,KXHIGHTSFO-26JUL26-B69.5,0.5445,0.395,1.0
2026-07-26,KSFO,17,KXHIGHTSFO-26JUL26-T74,0.003,0.02,0.0
2026-07-26,KSFO,17,KXHIGHTSFO-26JUL26-T67,0.03,0.07,0.0
2026-07-26,KSFO,17,KXHIGHTSFO-26JUL26-B71.5,0.272,0.28500000000000003,0.0
2026-07-26,KSFO,17,KXHIGHTSFO-26JUL26-B67.5,0.1135,0.135,0.0
2026-07-26,KSFO,17,KXHIGHTSFO-26JUL26-B73.5,0.0115,0.045,0.0
2026-07-26,KSFO,17,KXHIGHTSFO-26JUL26-B69.5,0.57,0.45499999999999996,1.0
2026-07-26,KSFO,19,KXHIGHTSFO-26JUL26-T74,0.0025,0.005,0.0
2026-07-26,KSFO,19,KXHIGHTSFO-26JUL26-T67,0.0025,0.07500000000000001,0.0
2026-07-26,KSFO,19,KXHIGHTSFO-26JUL26-B71.5,0.214,0.15000000000000002,0.0
2026-07-26,KSFO,19,KXHIGHTSFO-26JUL26-B67.5,0.1655,0.385,0.0
2026-07-26,KSFO,19,KXHIGHTSFO-26JUL26-B73.5,0.0005,0.03,0.0
2026-07-26,KSFO,19,KXHIGHTSFO-26JUL26-B69.5,0.615,0.315,1.0
2026-07-27,KSFO,15,KXHIGHTSFO-26JUL27-B70.5,0.5005,0.425,1.0
2026-07-27,KSFO,15,KXHIGHTSFO-26JUL27-T68,0.05,0.08499999999999999,0.0
2026-07-27,KSFO,15,KXHIGHTSFO-26JUL27-B68.5,0.3515,0.265,0.0
2026-07-27,KSFO,15,KXHIGHTSFO-26JUL27-B74.5,0.005,0.065,0.0
2026-07-27,KSFO,15,KXHIGHTSFO-26JUL27-T75,0.0015,0.025,0.0
2026-07-27,KSFO,15,KXHIGHTSFO-26JUL27-B72.5,0.0915,0.195,0.0
2026-07-27,KSFO,17,KXHIGHTSFO-26JUL27-B70.5,0.5265,0.395,1.0
2026-07-27,KSFO,17,KXHIGHTSFO-26JUL27-T68,0.0195,0.07500000000000001,0.0
2026-07-27,KSFO,17,KXHIGHTSFO-26JUL27-B68.5,0.3645,0.425,0.0
2026-07-27,KSFO,17,KXHIGHTSFO-26JUL27-B74.5,0.0055,0.025,0.0
2026-07-27,KSFO,17,KXHIGHTSFO-26JUL27-T75,0.008,0.005,0.0
2026-07-27,KSFO,17,KXHIGHTSFO-26JUL27-B72.5,0.076,0.055,0.0
2026-07-27,KSFO,19,KXHIGHTSFO-26JUL27-B70.5,0.552,0.51,1.0
2026-07-27,KSFO,19,KXHIGHTSFO-26JUL27-T68,0.01,0.07500000000000001,0.0
2026-07-27,KSFO,19,KXHIGHTSFO-26JUL27-B68.5,0.3745,0.28500000000000003,0.0
2026-07-27,KSFO,19,KXHIGHTSFO-26JUL27-B74.5,0.0,0.035,0.0
2026-07-27,KSFO,19,KXHIGHTSFO-26JUL27-T75,0.004,0.005,0.0
2026-07-27,KSFO,19,KXHIGHTSFO-26JUL27-B72.5,0.0595,0.08499999999999999,0.0
2026-07-28,KSFO,15,KXHIGHTSFO-26JUL28-B71.5,0.551,0.58,1.0
2026-07-28,KSFO,15,KXHIGHTSFO-26JUL28-T78,0.0065,0.01,0.0
2026-07-28,KSFO,15,KXHIGHTSFO-26JUL28-T71,0.299,0.335,0.0
2026-07-28,KSFO,15,KXHIGHTSFO-26JUL28-B77.5,0.0,0.01,0.0
2026-07-28,KSFO,15,KXHIGHTSFO-26JUL28-B75.5,0.009,0.025,0.0
2026-07-28,KSFO,15,KXHIGHTSFO-26JUL28-B73.5,0.1345,0.07,0.0
2026-07-28,KSFO,17,KXHIGHTSFO-26JUL28-B71.5,0.5805,0.565,1.0
2026-07-28,KSFO,17,KXHIGHTSFO-26JUL28-T78,0.004,0.005,0.0
2026-07-28,KSFO,17,KXHIGHTSFO-26JUL28-T71,0.28,0.375,0.0
2026-07-28,KSFO,17,KXHIGHTSFO-26JUL28-B77.5,0.0,0.015,0.0
2026-07-28,KSFO,17,KXHIGHTSFO-26JUL28-B75.5,0.006,0.015,0.0
2026-07-28,KSFO,17,KXHIGHTSFO-26JUL28-B73.5,0.1295,0.025,0.0
2026-07-28,KSFO,19,KXHIGHTSFO-26JUL28-B71.5,0.6075,0.495,1.0
2026-07-28,KSFO,19,KXHIGHTSFO-26JUL28-T78,0.0045,0.005,0.0
2026-07-28,KSFO,19,KXHIGHTSFO-26JUL28-T71,0.302,0.46499999999999997,0.0
2026-07-28,KSFO,19,KXHIGHTSFO-26JUL28-B77.5,0.0,0.005,0.0
2026-07-28,KSFO,19,KXHIGHTSFO-26JUL28-B75.5,0.0,0.005,0.0
2026-07-28,KSFO,19,KXHIGHTSFO-26JUL28-B73.5,0.086,0.045,0.0
2026-07-29,KSFO,15,KXHIGHTSFO-26JUL29-B69.5,0.6105,0.395,1.0
2026-07-29,KSFO,15,KXHIGHTSFO-26JUL29-T69,0.0815,0.195,0.0
2026-07-29,KSFO,15,KXHIGHTSFO-26JUL29-B73.5,0.022,0.055,0.0
2026-07-29,KSFO,15,KXHIGHTSFO-26JUL29-B75.5,0.004,0.025,0.0
2026-07-29,KSFO,15,KXHIGHTSFO-26JUL29-T76,0.0025,0.015,0.0
2026-07-29,KSFO,15,KXHIGHTSFO-26JUL29-B71.5,0.2795,0.365,0.0
2026-07-29,KSFO,17,KXHIGHTSFO-26JUL29-B69.5,0.6345,0.485,1.0
2026-07-29,KSFO,17,KXHIGHTSFO-26JUL29-T69,0.086,0.155,0.0
2026-07-29,KSFO,17,KXHIGHTSFO-26JUL29-B73.5,0.0075,0.045,0.0
2026-07-29,KSFO,17,KXHIGHTSFO-26JUL29-B75.5,0.004,0.015,0.0
2026-07-29,KSFO,17,KXHIGHTSFO-26JUL29-T76,0.0025,0.015,0.0
2026-07-29,KSFO,17,KXHIGHTSFO-26JUL29-B71.5,0.2655,0.235,0.0
2026-07-29,KSFO,19,KXHIGHTSFO-26JUL29-B69.5,0.703,0.505,1.0
2026-07-29,KSFO,19,KXHIGHTSFO-26JUL29-T69,0.038,0.05500000000000001,0.0
2026-07-29,KSFO,19,KXHIGHTSFO-26JUL29-B73.5,0.0085,0.04,0.0
2026-07-29,KSFO,19,KXHIGHTSFO-26JUL29-B75.5,0.0,0.005,0.0
2026-07-29,KSFO,19,KXHIGHTSFO-26JUL29-T76,0.0025,0.005,0.0
2026-07-29,KSFO,19,KXHIGHTSFO-26JUL29-B71.5,0.248,0.42000000000000004,0.0
2026-07-30,KSFO,15,KXHIGHTSFO-26JUL30-B69.5,0.1225,0.2,0.0
2026-07-30,KSFO,15,KXHIGHTSFO-26JUL30-B71.5,0.4045,0.615,0.0
2026-07-30,KSFO,15,KXHIGHTSFO-26JUL30-B73.5,0.3625,0.13,1.0
2026-07-30,KSFO,15,KXHIGHTSFO-26JUL30-T69,0.0105,0.03,0.0
2026-07-30,KSFO,15,KXHIGHTSFO-26JUL30-B75.5,0.0725,0.025,0.0
2026-07-30,KSFO,15,KXHIGHTSFO-26JUL30-T76,0.0275,0.025,0.0
2026-07-30,KSFO,17,KXHIGHTSFO-26JUL30-B69.5,0.0735,0.225,0.0
2026-07-30,KSFO,17,KXHIGHTSFO-26JUL30-B71.5,0.427,0.605,0.0
2026-07-30,KSFO,17,KXHIGHTSFO-26JUL30-B73.5,0.3695,0.14500000000000002,1.0
2026-07-30,KSFO,17,KXHIGHTSFO-26JUL30-T69,0.0035,0.025,0.0
2026-07-30,KSFO,17,KXHIGHTSFO-26JUL30-B75.5,0.094,0.015,0.0
2026-07-30,KSFO,17,KXHIGHTSFO-26JUL30-T76,0.0325,0.025,0.0
2026-07-30,KSFO,19,KXHIGHTSFO-26JUL30-B69.5,0.044,0.005,0.0
2026-07-30,KSFO,19,KXHIGHTSFO-26JUL30-B71.5,0.4765,0.545,0.0
2026-07-30,KSFO,19,KXHIGHTSFO-26JUL30-B73.5,0.4035,0.425,1.0
2026-07-30,KSFO,19,KXHIGHTSFO-26JUL30-T69,0.0,0.005,0.0
2026-07-30,KSFO,19,KXHIGHTSFO-26JUL30-B75.5,0.0665,0.045,0.0
2026-07-30,KSFO,19,KXHIGHTSFO-26JUL30-T76,0.0095,0.015,0.0
2026-07-31,KSFO,15,KXHIGHTSFO-26JUL31-T71,0.078,0.14500000000000002,0.0
2026-07-31,KSFO,15,KXHIGHTSFO-26JUL31-B73.5,0.448,0.315,0.0
2026-07-31,KSFO,15,KXHIGHTSFO-26JUL31-T78,0.006,0.01,0.0
2026-07-31,KSFO,15,KXHIGHTSFO-26JUL31-B77.5,0.024,0.015,0.0
2026-07-31,KSFO,15,KXHIGHTSFO-26JUL31-B71.5,0.2815,0.425,1.0
2026-07-31,KSFO,15,KXHIGHTSFO-26JUL31-B75.5,0.1625,0.08499999999999999,0.0
2026-07-31,KSFO,17,KXHIGHTSFO-26JUL31-T71,0.038,0.165,0.0
2026-07-31,KSFO,17,KXHIGHTSFO-26JUL31-B73.5,0.472,0.4,0.0
2026-07-31,KSFO,17,KXHIGHTSFO-26JUL31-T78,0.0075,0.01,0.0
2026-07-31,KSFO,17,KXHIGHTSFO-26JUL31-B77.5,0.0195,0.025,0.0
2026-07-31,KSFO,17,KXHIGHTSFO-26JUL31-B71.5,0.2915,0.32,1.0
2026-07-31,KSFO,17,KXHIGHTSFO-26JUL31-B75.5,0.1715,0.125,0.0
2026-07-31,KSFO,19,KXHIGHTSFO-26JUL31-T71,0.0,0.005,0.0
2026-07-31,KSFO,19,KXHIGHTSFO-26JUL31-B73.5,0.582,0.6799999999999999,0.0
2026-07-31,KSFO,19,KXHIGHTSFO-26JUL31-T78,0.0065,0.015,0.0
2026-07-31,KSFO,19,KXHIGHTSFO-26JUL31-B77.5,0.0205,0.035,0.0
2026-07-31,KSFO,19,KXHIGHTSFO-26JUL31-B71.5,0.1925,0.060000000000000005,1.0
2026-07-31,KSFO,19,KXHIGHTSFO-26JUL31-B75.5,0.1985,0.215,0.0
2026-08-01,KSFO,15,KXHIGHTSFO-26AUG01-T73,0.131,0.08499999999999999,0.0
2026-08-01,KSFO,15,KXHIGHTSFO-26AUG01-B73.5,0.2245,0.195,1.0
2026-08-01,KSFO,15,KXHIGHTSFO-26AUG01-T80,0.0135,0.015,0.0
2026-08-01,KSFO,15,KXHIGHTSFO-26AUG01-B77.5,0.205,0.195,0.0
2026-08-01,KSFO,15,KXHIGHTSFO-26AUG01-B79.5,0.0315,0.055,0.0
2026-08-01,KSFO,15,KXHIGHTSFO-26AUG01-B75.5,0.3945,0.435,0.0
2026-08-01,KSFO,17,KXHIGHTSFO-26AUG01-T73,0.0225,0.07500000000000001,0.0
2026-08-01,KSFO,17,KXHIGHTSFO-26AUG01-B73.5,0.191,0.165,1.0
2026-08-01,KSFO,17,KXHIGHTSFO-26AUG01-T80,0.011,0.03,0.0
2026-08-01,KSFO,17,KXHIGHTSFO-26AUG01-B77.5,0.2725,0.19,0.0
2026-08-01,KSFO,17,KXHIGHTSFO-26AUG01-B79.5,0.0445,0.04,0.0
2026-08-01,KSFO,17,KXHIGHTSFO-26AUG01-B75.5,0.4585,0.5,0.0
2026-08-01,KSFO,19,KXHIGHTSFO-26AUG01-T73,0.007,0.005,0.0
2026-08-01,KSFO,19,KXHIGHTSFO-26AUG01-B73.5,0.212,0.28500000000000003,1.0
2026-08-01,KSFO,19,KXHIGHTSFO-26AUG01-T80,0.0105,0.01,0.0
2026-08-01,KSFO,19,KXHIGHTSFO-26AUG01-B77.5,0.222,0.11499999999999999,0.0
2026-08-01,KSFO,19,KXHIGHTSFO-26AUG01-B79.5,0.0155,0.025,0.0
2026-08-01,KSFO,19,KXHIGHTSFO-26AUG01-B75.5,0.533,0.585,0.0
2026-08-02,KSFO,15,KXHIGHTSFO-26AUG02-B80.5,0.2235,0.175,1.0
2026-08-02,KSFO,15,KXHIGHTSFO-26AUG02-B74.5,0.097,0.08499999999999999,0.0
2026-08-02,KSFO,15,KXHIGHTSFO-26AUG02-B76.5,0.191,0.175,0.0
2026-08-02,KSFO,15,KXHIGHTSFO-26AUG02-T81,0.05,0.065,0.0
2026-08-02,KSFO,15,KXHIGHTSFO-26AUG02-T74,0.089,0.055,0.0
2026-08-02,KSFO,15,KXHIGHTSFO-26AUG02-B78.5,0.3495,0.45999999999999996,0.0
2026-08-02,KSFO,17,KXHIGHTSFO-26AUG02-B80.5,0.2065,0.08499999999999999,1.0
2026-08-02,KSFO,17,KXHIGHTSFO-26AUG02-B74.5,0.106,0.29000000000000004,0.0
2026-08-02,KSFO,17,KXHIGHTSFO-26AUG02-B76.5,0.2085,0.255,0.0
2026-08-02,KSFO,17,KXHIGHTSFO-26AUG02-T81,0.033,0.055,0.0
2026-08-02,KSFO,17,KXHIGHTSFO-26AUG02-T74,0.073,0.08499999999999999,0.0
2026-08-02,KSFO,17,KXHIGHTSFO-26AUG02-B78.5,0.373,0.20500000000000002,0.0
2026-08-02,KSFO,19,KXHIGHTSFO-26AUG02-B80.5,0.2055,0.095,1.0
2026-08-02,KSFO,19,KXHIGHTSFO-26AUG02-B74.5,0.006,0.265,0.0
2026-08-02,KSFO,19,KXHIGHTSFO-26AUG02-B76.5,0.318,0.245,0.0
2026-08-02,KSFO,19,KXHIGHTSFO-26AUG02-T81,0.0245,0.07500000000000001,0.0
2026-08-02,KSFO,19,KXHIGHTSFO-26AUG02-T74,0.0,0.11,0.0
2026-08-02,KSFO,19,KXHIGHTSFO-26AUG02-B78.5,0.446,0.18,0.0
2026-08-03,KSFO,15,KXHIGHTSFO-26AUG03-B78.5,0.218,0.21000000000000002,1.0
2026-08-03,KSFO,15,KXHIGHTSFO-26AUG03-T76,0.237,0.07500000000000001,0.0
2026-08-03,KSFO,15,KXHIGHTSFO-26AUG03-T83,0.0395,0.135,0.0
2026-08-03,KSFO,15,KXHIGHTSFO-26AUG03-B80.5,0.2565,0.215,0.0
2026-08-03,KSFO,15,KXHIGHTSFO-26AUG03-B82.5,0.1205,0.155,0.0
2026-08-03,KSFO,15,KXHIGHTSFO-26AUG03-B76.5,0.1285,0.165,0.0
2026-08-03,KSFO,17,KXHIGHTSFO-26AUG03-B78.5,0.2405,0.315,1.0
2026-08-03,KSFO,17,KXHIGHTSFO-26AUG03-T76,0.2135,0.055,0.0
2026-08-03,KSFO,17,KXHIGHTSFO-26AUG03-T83,0.0385,0.10500000000000001,0.0
2026-08-03,KSFO,17,KXHIGHTSFO-26AUG03-B80.5,0.2615,0.245,0.0
2026-08-03,KSFO,17,KXHIGHTSFO-26AUG03-B82.5,0.118,0.165,0.0
2026-08-03,KSFO,17,KXHIGHTSFO-26AUG03-B76.5,0.128,0.14500000000000002,0.0
2026-08-03,KSFO,19,KXHIGHTSFO-26AUG03-B78.5,0.204,0.395,1.0
2026-08-03,KSFO,19,KXHIGHTSFO-26AUG03-T76,0.344,0.07500000000000001,0.0
2026-08-03,KSFO,19,KXHIGHTSFO-26AUG03-T83,0.0105,0.07,0.0
2026-08-03,KSFO,19,KXHIGHTSFO-26AUG03-B80.5,0.171,0.215,0.0
2026-08-03,KSFO,19,KXHIGHTSFO-26AUG03-B82.5,0.0455,0.125,0.0
2026-08-03,KSFO,19,KXHIGHTSFO-26AUG03-B76.5,0.225,0.10500000000000001,0.0
2026-08-04,KSFO,15,KXHIGHTSFO-26AUG04-T76,0.435,0.525,1.0
2026-08-04,KSFO,15,KXHIGHTSFO-26AUG04-T83,0.0085,0.005,0.0
2026-08-04,KSFO,15,KXHIGHTSFO-26AUG04-B82.5,0.0,0.025,0.0
2026-08-04,KSFO,15,KXHIGHTSFO-26AUG04-B78.5,0.159,0.14500000000000002,0.0
2026-08-04,KSFO,15,KXHIGHTSFO-26AUG04-B80.5,0.0105,0.035,0.0
2026-08-04,KSFO,15,KXHIGHTSFO-26AUG04-B76.5,0.387,0.3,0.0
2026-08-04,KSFO,17,KXHIGHTSFO-26AUG04-T76,0.4295,0.505,1.0
2026-08-04,KSFO,17,KXHIGHTSFO-26AUG04-T83,0.0075,0.005,0.0
2026-08-04,KSFO,17,KXHIGHTSFO-26AUG04-B82.5,0.0,0.015,0.0
2026-08-04,KSFO,17,KXHIGHTSFO-26AUG04-B78.5,0.1385,0.155,0.0
2026-08-04,KSFO,17,KXHIGHTSFO-26AUG04-B80.5,0.009,0.025,0.0
2026-08-04,KSFO,17,KXHIGHTSFO-26AUG04-B76.5,0.4155,0.355,0.0
2026-08-04,KSFO,19,KXHIGHTSFO-26AUG04-T76,0.6125,0.575,1.0
2026-08-04,KSFO,19,KXHIGHTSFO-26AUG04-B82.5,0.0025,0.015,0.0
2026-08-04,KSFO,19,KXHIGHTSFO-26AUG04-B78.5,0.057,0.10500000000000001,0.0
2026-08-04,KSFO,19,KXHIGHTSFO-26AUG04-B80.5,0.005,0.025,0.0
2026-08-04,KSFO,19,KXHIGHTSFO-26AUG04-B76.5,0.323,0.28500000000000003,0.0
2026-08-05,KSFO,15,KXHIGHTSFO-26AUG05-B80.5,0.0,0.005,0.0
2026-08-05,KSFO,15,KXHIGHTSFO-26AUG05-T81,0.0055,0.005,0.0
2026-08-05,KSFO,15,KXHIGHTSFO-26AUG05-B74.5,0.4155,0.28500000000000003,0.0
2026-08-05,KSFO,15,KXHIGHTSFO-26AUG05-B78.5,0.009,0.005,0.0
2026-08-05,KSFO,15,KXHIGHTSFO-26AUG05-B76.5,0.066,0.065,0.0
2026-08-05,KSFO,15,KXHIGHTSFO-26AUG05-T74,0.504,0.615,1.0
2026-08-05,KSFO,17,KXHIGHTSFO-26AUG05-B80.5,0.0,0.005,0.0
2026-08-05,KSFO,17,KXHIGHTSFO-26AUG05-T81,0.005,0.005,0.0
2026-08-05,KSFO,17,KXHIGHTSFO-26AUG05-B74.5,0.4245,0.155,0.0
2026-08-05,KSFO,17,KXHIGHTSFO-26AUG05-B78.5,0.0005,0.005,0.0
2026-08-05,KSFO,17,KXHIGHTSFO-26AUG05-B76.5,0.06,0.05500000000000001,0.0
2026-08-05,KSFO,17,KXHIGHTSFO-26AUG05-T74,0.51,0.795,1.0
2026-08-05,KSFO,19,KXHIGHTSFO-26AUG05-B80.5,0.0025,0.005,0.0
2026-08-05,KSFO,19,KXHIGHTSFO-26AUG05-T81,0.0,0.005,0.0
2026-08-05,KSFO,19,KXHIGHTSFO-26AUG05-B74.5,0.374,0.155,0.0
2026-08-05,KSFO,19,KXHIGHTSFO-26AUG05-B78.5,0.0,0.01,0.0
2026-08-05,KSFO,19,KXHIGHTSFO-26AUG05-B76.5,0.018,0.015,0.0
2026-08-05,KSFO,19,KXHIGHTSFO-26AUG05-T74,0.6055,0.86,1.0
2026-08-06,KSFO,15,KXHIGHTSFO-26AUG06-T72,0.348,0.625,0.0
2026-08-06,KSFO,15,KXHIGHTSFO-26AUG06-T79,0.006,0.005,0.0
2026-08-06,KSFO,15,KXHIGHTSFO-26AUG06-B76.5,0.0165,0.015,0.0
2026-08-06,KSFO,15,KXHIGHTSFO-26AUG06-B72.5,0.4595,0.295,1.0
2026-08-06,KSFO,15,KXHIGHTSFO-26AUG06-B74.5,0.17,0.065,0.0
2026-08-06,KSFO,17,KXHIGHTSFO-26AUG06-T72,0.3245,0.435,0.0
2026-08-06,KSFO,17,KXHIGHTSFO-26AUG06-B76.5,0.0185,0.035,0.0
2026-08-06,KSFO,17,KXHIGHTSFO-26AUG06-B72.5,0.495,0.375,1.0
2026-08-06,KSFO,17,KXHIGHTSFO-26AUG06-B74.5,0.1575,0.135,0.0
2026-08-06,KSFO,19,KXHIGHTSFO-26AUG06-T72,0.3645,0.655,0.0
2026-08-06,KSFO,19,KXHIGHTSFO-26AUG06-B78.5,0.0,0.005,0.0
2026-08-06,KSFO,19,KXHIGHTSFO-26AUG06-T79,0.0065,0.005,0.0
2026-08-06,KSFO,19,KXHIGHTSFO-26AUG06-B76.5,0.0015,0.01,0.0
2026-08-06,KSFO,19,KXHIGHTSFO-26AUG06-B72.5,0.514,0.325,1.0
2026-08-06,KSFO,19,KXHIGHTSFO-26AUG06-B74.5,0.1135,0.015,0.0
2026-08-07,KSFO,15,KXHIGHTSFO-26AUG07-B79.5,0.0035,0.01,0.0
2026-08-07,KSFO,15,KXHIGHTSFO-26AUG07-B75.5,0.0065,0.025,0.0
2026-08-07,KSFO,15,KXHIGHTSFO-26AUG07-T80,0.0025,0.005,0.0
2026-08-07,KSFO,15,KXHIGHTSFO-26AUG07-B73.5,0.1335,0.265,0.0
2026-08-07,KSFO,15,KXHIGHTSFO-26AUG07-B77.5,0.0,0.015,0.0
2026-08-07,KSFO,15,KXHIGHTSFO-26AUG07-T73,0.854,0.695,1.0
2026-08-07,KSFO,17,KXHIGHTSFO-26AUG07-B79.5,0.0,0.005,0.0
2026-08-07,KSFO,17,KXHIGHTSFO-26AUG07-B75.5,0.0065,0.025,0.0
2026-08-07,KSFO,17,KXHIGHTSFO-26AUG07-T80,0.0035,0.005,0.0
2026-08-07,KSFO,17,KXHIGHTSFO-26AUG07-B73.5,0.139,0.1,0.0
2026-08-07,KSFO,17,KXHIGHTSFO-26AUG07-B77.5,0.0,0.005,0.0
2026-08-07,KSFO,17,KXHIGHTSFO-26AUG07-T73,0.851,0.875,1.0
2026-08-07,KSFO,19,KXHIGHTSFO-26AUG07-B79.5,0.0,0.005,0.0
2026-08-07,KSFO,19,KXHIGHTSFO-26AUG07-B75.5,0.0005,0.005,0.0
2026-08-07,KSFO,19,KXHIGHTSFO-26AUG07-T80,0.0,0.005,0.0
2026-08-07,KSFO,19,KXHIGHTSFO-26AUG07-B73.5,0.0735,0.05500000000000001,0.0
2026-08-07,KSFO,19,KXHIGHTSFO-26AUG07-B77.5,0.007,0.005,0.0
2026-08-07,KSFO,19,KXHIGHTSFO-26AUG07-T73,0.919,0.925,1.0
2026-08-08,KSFO,15,KXHIGHTSFO-26AUG08-B76.5,0.008,0.02,0.0
2026-08-08,KSFO,15,KXHIGHTSFO-26AUG08-B80.5,0.0005,0.005,0.0
2026-08-08,KSFO,15,KXHIGHTSFO-26AUG08-B74.5,0.056,0.060000000000000005,0.0
2026-08-08,KSFO,15,KXHIGHTSFO-26AUG08-B78.5,0.0,0.01,0.0
2026-08-08,KSFO,15,KXHIGHTSFO-26AUG08-T81,0.004,0.005,0.0
2026-08-08,KSFO,15,KXHIGHTSFO-26AUG08-T74,0.9315,0.905,1.0
2026-08-08,KSFO,17,KXHIGHTSFO-26AUG08-B76.5,0.0075,0.005,0.0
2026-08-08,KSFO,17,KXHIGHTSFO-26AUG08-B80.5,0.0,0.005,0.0
2026-08-08,KSFO,17,KXHIGHTSFO-26AUG08-B74.5,0.0505,0.035,0.0
2026-08-08,KSFO,17,KXHIGHTSFO-26AUG08-B78.5,0.0,0.005,0.0
2026-08-08,KSFO,17,KXHIGHTSFO-26AUG08-T81,0.006,0.005,0.0
2026-08-08,KSFO,17,KXHIGHTSFO-26AUG08-T74,0.936,0.955,1.0
2026-08-08,KSFO,19,KXHIGHTSFO-26AUG08-B76.5,0.005,0.005,0.0
2026-08-08,KSFO,19,KXHIGHTSFO-26AUG08-B80.5,0.0,0.005,0.0
2026-08-08,KSFO,19,KXHIGHTSFO-26AUG08-B74.5,0.0095,0.035,0.0
2026-08-08,KSFO,19,KXHIGHTSFO-26AUG08-B78.5,0.0,0.005,0.0
2026-08-08,KSFO,19,KXHIGHTSFO-26AUG08-T81,0.0,0.005,0.0
2026-08-08,KSFO,19,KXHIGHTSFO-26AUG08-T74,0.9855,0.965,1.0
2026-08-09,KSFO,15,KXHIGHTSFO-26AUG09-B82.5,0.0035,0.015,0.0
2026-08-09,KSFO,15,KXHIGHTSFO-26AUG09-B78.5,0.098,0.10500000000000001,0.0
2026-08-09,KSFO,15,KXHIGHTSFO-26AUG09-B76.5,0.258,0.165,0.0
2026-08-09,KSFO,15,KXHIGHTSFO-26AUG09-T83,0.004,0.015,0.0
2026-08-09,KSFO,15,KXHIGHTSFO-26AUG09-T76,0.6235,0.665,1.0
2026-08-09,KSFO,15,KXHIGHTSFO-26AUG09-B80.5,0.013,0.055,0.0
2026-08-09,KSFO,17,KXHIGHTSFO-26AUG09-B82.5,0.0005,0.005,0.0
2026-08-09,KSFO,17,KXHIGHTSFO-26AUG09-B78.5,0.0985,0.025,0.0
2026-08-09,KSFO,17,KXHIGHTSFO-26AUG09-B76.5,0.2615,0.11499999999999999,0.0
2026-08-09,KSFO,17,KXHIGHTSFO-26AUG09-T83,0.0085,0.005,0.0
2026-08-09,KSFO,17,KXHIGHTSFO-26AUG09-T76,0.618,0.875,1.0
2026-08-09,KSFO,17,KXHIGHTSFO-26AUG09-B80.5,0.013,0.015,0.0
2026-08-09,KSFO,19,KXHIGHTSFO-26AUG09-B82.5,0.003,0.005,0.0
2026-08-09,KSFO,19,KXHIGHTSFO-26AUG09-B78.5,0.0285,0.035,0.0
2026-08-09,KSFO,19,KXHIGHTSFO-26AUG09-B76.5,0.193,0.07,0.0
2026-08-09,KSFO,19,KXHIGHTSFO-26AUG09-T83,0.0,0.005,0.0
2026-08-09,KSFO,19,KXHIGHTSFO-26AUG09-T76,0.7715,0.895,1.0
2026-08-09,KSFO,19,KXHIGHTSFO-26AUG09-B80.5,0.004,0.005,0.0
2026-08-10,KSFO,15,KXHIGHTSFO-26AUG10-B78.5,0.0155,0.005,0.0
2026-08-10,KSFO,15,KXHIGHTSFO-26AUG10-B76.5,0.1105,0.015,0.0
2026-08-10,KSFO,15,KXHIGHTSFO-26AUG10-B72.5,0.3975,0.195,1.0
2026-08-10,KSFO,15,KXHIGHTSFO-26AUG10-B74.5,0.3285,0.065,0.0
2026-08-10,KSFO,15,KXHIGHTSFO-26AUG10-T79,0.006,0.005,0.0
2026-08-10,KSFO,15,KXHIGHTSFO-26AUG10-T72,0.142,0.6950000000000001,0.0
2026-08-10,KSFO,17,KXHIGHTSFO-26AUG10-B78.5,0.016,0.005,0.0
2026-08-10,KSFO,17,KXHIGHTSFO-26AUG10-B76.5,0.089,0.005,0.0
2026-08-10,KSFO,17,KXHIGHTSFO-26AUG10-B72.5,0.3665,0.315,1.0
2026-08-10,KSFO,17,KXHIGHTSFO-26AUG10-B74.5,0.357,0.035,0.0
2026-08-10,KSFO,17,KXHIGHTSFO-26AUG10-T79,0.005,0.005,0.0
2026-08-10,KSFO,17,KXHIGHTSFO-26AUG10-T72,0.1665,0.67,0.0
2026-08-10,KSFO,19,KXHIGHTSFO-26AUG10-B78.5,0.001,0.005,0.0
2026-08-10,KSFO,19,KXHIGHTSFO-26AUG10-B76.5,0.0845,0.025,0.0
2026-08-10,KSFO,19,KXHIGHTSFO-26AUG10-B72.5,0.4575,0.755,1.0
2026-08-10,KSFO,19,KXHIGHTSFO-26AUG10-B74.5,0.395,0.04,0.0
2026-08-10,KSFO,19,KXHIGHTSFO-26AUG10-T79,0.007,0.005,0.0
2026-08-10,KSFO,19,KXHIGHTSFO-26AUG10-T72,0.055,0.155,0.0
2026-08-11,KSFO,15,KXHIGHTSFO-26AUG11-B74.5,0.288,0.175,0.0
2026-08-11,KSFO,15,KXHIGHTSFO-26AUG11-T72,0.206,0.435,0.0
2026-08-11,KSFO,15,KXHIGHTSFO-26AUG11-B72.5,0.385,0.345,0.0
2026-08-11,KSFO,15,KXHIGHTSFO-26AUG11-B76.5,0.0965,0.025,1.0
2026-08-11,KSFO,15,KXHIGHTSFO-26AUG11-T79,0.0075,0.005,0.0
2026-08-11,KSFO,15,KXHIGHTSFO-26AUG11-B78.5,0.017,0.015,0.0
2026-08-11,KSFO,17,KXHIGHTSFO-26AUG11-B74.5,0.2795,0.18,0.0
2026-08-11,KSFO,17,KXHIGHTSFO-26AUG11-T72,0.2505,0.46499999999999997,0.0
2026-08-11,KSFO,17,KXHIGHTSFO-26AUG11-B72.5,0.354,0.315,0.0
2026-08-11,KSFO,17,KXHIGHTSFO-26AUG11-B76.5,0.1015,0.015,1.0
2026-08-11,KSFO,17,KXHIGHTSFO-26AUG11-T79,0.0035,0.005,0.0
2026-08-11,KSFO,17,KXHIGHTSFO-26AUG11-B78.5,0.011,0.005,0.0
2026-08-11,KSFO,19,KXHIGHTSFO-26AUG11-B74.5,0.279,0.185,0.0
2026-08-11,KSFO,19,KXHIGHTSFO-26AUG11-T72,0.137,0.435,0.0
2026-08-11,KSFO,19,KXHIGHTSFO-26AUG11-B72.5,0.533,0.375,0.0
2026-08-11,KSFO,19,KXHIGHTSFO-26AUG11-B76.5,0.0445,0.015,1.0
2026-08-11,KSFO,19,KXHIGHTSFO-26AUG11-T79,0.006,0.005,0.0
2026-08-11,KSFO,19,KXHIGHTSFO-26AUG11-B78.5,0.0005,0.01,0.0
2026-08-12,KSFO,15,KXHIGHTSFO-26AUG12-B70.5,0.196,0.16999999999999998,0.0
2026-08-12,KSFO,15,KXHIGHTSFO-26AUG12-B72.5,0.402,0.405,0.0
2026-08-12,KSFO,15,KXHIGHTSFO-26AUG12-T70,0.051,0.09,0.0
2026-08-12,KSFO,15,KXHIGHTSFO-26AUG12-T77,0.022,0.015,0.0
2026-08-12,KSFO,15,KXHIGHTSFO-26AUG12-B74.5,0.2675,0.245,1.0
2026-08-12,KSFO,15,KXHIGHTSFO-26AUG12-B76.5,0.0615,0.07500000000000001,0.0
2026-08-12,KSFO,17,KXHIGHTSFO-26AUG12-B70.5,0.206,0.25,0.0
2026-08-12,KSFO,17,KXHIGHTSFO-26AUG12-B72.5,0.395,0.435,0.0
2026-08-12,KSFO,17,KXHIGHTSFO-26AUG12-T70,0.035,0.065,0.0
2026-08-12,KSFO,17,KXHIGHTSFO-26AUG12-T77,0.028,0.025,0.0
2026-08-12,KSFO,17,KXHIGHTSFO-26AUG12-B74.5,0.259,0.175,1.0
2026-08-12,KSFO,17,KXHIGHTSFO-26AUG12-B76.5,0.077,0.060000000000000005,0.0
2026-08-12,KSFO,19,KXHIGHTSFO-26AUG12-B70.5,0.313,0.225,0.0
2026-08-12,KSFO,19,KXHIGHTSFO-26AUG12-B72.5,0.421,0.43,0.0
2026-08-12,KSFO,19,KXHIGHTSFO-26AUG12-T70,0.0175,0.07,0.0
2026-08-12,KSFO,19,KXHIGHTSFO-26AUG12-T77,0.008,0.02,0.0
2026-08-12,KSFO,19,KXHIGHTSFO-26AUG12-B74.5,0.2205,0.185,1.0
2026-08-12,KSFO,19,KXHIGHTSFO-26AUG12-B76.5,0.02,0.065,0.0
2026-08-13,KSFO,15,KXHIGHTSFO-26AUG13-T64,0.0,0.005,0.0
2026-08-13,KSFO,15,KXHIGHTSFO-26AUG13-B64.5,0.0045,0.025,0.0
2026-08-13,KSFO,15,KXHIGHTSFO-26AUG13-B68.5,0.3445,0.22,0.0
2026-08-13,KSFO,15,KXHIGHTSFO-26AUG13-B66.5,0.078,0.045,0.0
2026-08-13,KSFO,15,KXHIGHTSFO-26AUG13-T71,0.245,0.26,0.0
2026-08-13,KSFO,15,KXHIGHTSFO-26AUG13-B70.5,0.328,0.485,1.0
2026-08-13,KSFO,17,KXHIGHTSFO-26AUG13-T64,0.0,0.005,0.0
2026-08-13,KSFO,17,KXHIGHTSFO-26AUG13-B64.5,0.0,0.005,0.0
2026-08-13,KSFO,17,KXHIGHTSFO-26AUG13-B68.5,0.426,0.135,0.0
2026-08-13,KSFO,17,KXHIGHTSFO-26AUG13-B66.5,0.0,0.005,0.0
2026-08-13,KSFO,17,KXHIGHTSFO-26AUG13-T71,0.248,0.28500000000000003,0.0
2026-08-13,KSFO,17,KXHIGHTSFO-26AUG13-B70.5,0.326,0.55,1.0
2026-08-13,KSFO,19,KXHIGHTSFO-26AUG13-T64,0.0,0.005,0.0
2026-08-13,KSFO,19,KXHIGHTSFO-26AUG13-B64.5,0.0,0.005,0.0
2026-08-13,KSFO,19,KXHIGHTSFO-26AUG13-B68.5,0.3985,0.05500000000000001,0.0
2026-08-13,KSFO,19,KXHIGHTSFO-26AUG13-B66.5,0.0,0.005,0.0
2026-08-13,KSFO,19,KXHIGHTSFO-26AUG13-T71,0.171,0.25,0.0
2026-08-13,KSFO,19,KXHIGHTSFO-26AUG13-B70.5,0.4305,0.69,1.0
2026-08-14,KSFO,15,KXHIGHTSFO-26AUG14-B67.5,0.2105,0.155,0.0
2026-08-14,KSFO,15,KXHIGHTSFO-26AUG14-T72,0.0475,0.035,0.0
2026-08-14,KSFO,15,KXHIGHTSFO-26AUG14-T65,0.0,0.025,0.0
2026-08-14,KSFO,15,KXHIGHTSFO-26AUG14-B71.5,0.1725,0.245,0.0
2026-08-14,KSFO,15,KXHIGHTSFO-26AUG14-B69.5,0.5625,0.505,1.0
2026-08-14,KSFO,15,KXHIGHTSFO-26AUG14-B65.5,0.007,0.04,0.0
2026-08-14,KSFO,17,KXHIGHTSFO-26AUG14-B67.5,0.2475,0.22,0.0
2026-08-14,KSFO,17,KXHIGHTSFO-26AUG14-T72,0.0235,0.025,0.0
2026-08-14,KSFO,17,KXHIGHTSFO-26AUG14-T65,0.0,0.005,0.0
2026-08-14,KSFO,17,KXHIGHTSFO-26AUG14-B71.5,0.1705,0.175,0.0
2026-08-14,KSFO,17,KXHIGHTSFO-26AUG14-B69.5,0.5495,0.535,1.0
2026-08-14,KSFO,17,KXHIGHTSFO-26AUG14-B65.5,0.009,0.025,0.0
2026-08-14,KSFO,19,KXHIGHTSFO-26AUG14-B67.5,0.287,0.28,0.0
2026-08-14,KSFO,19,KXHIGHTSFO-26AUG14-T72,0.0035,0.025,0.0
2026-08-14,KSFO,19,KXHIGHTSFO-26AUG14-T65,0.0,0.005,0.0
2026-08-14,KSFO,19,KXHIGHTSFO-26AUG14-B71.5,0.1075,0.065,0.0
2026-08-14,KSFO,19,KXHIGHTSFO-26AUG14-B69.5,0.5965,0.495,1.0
2026-08-14,KSFO,19,KXHIGHTSFO-26AUG14-B65.5,0.0055,0.07500000000000001,0.0
2026-08-15,KSFO,15,KXHIGHTSFO-26AUG15-B70.5,0.2605,0.385,0.0
2026-08-15,KSFO,15,KXHIGHTSFO-26AUG15-B66.5,0.1405,0.11,0.0
2026-08-15,KSFO,15,KXHIGHTSFO-26AUG15-B68.5,0.538,0.415,1.0
2026-08-15,KSFO,15,KXHIGHTSFO-26AUG15-T66,0.011,0.025,0.0
2026-08-15,KSFO,15,KXHIGHTSFO-26AUG15-B72.5,0.037,0.095,0.0
2026-08-15,KSFO,15,KXHIGHTSFO-26AUG15-T73,0.013,0.025,0.0
2026-08-15,KSFO,17,KXHIGHTSFO-26AUG15-B70.5,0.2745,0.32999999999999996,0.0
2026-08-15,KSFO,17,KXHIGHTSFO-26AUG15-B66.5,0.153,0.095,0.0
2026-08-15,KSFO,17,KXHIGHTSFO-26AUG15-B68.5,0.5175,0.445,1.0
2026-08-15,KSFO,17,KXHIGHTSFO-26AUG15-T66,0.003,0.02,0.0
2026-08-15,KSFO,17,KXHIGHTSFO-26AUG15-B72.5,0.0335,0.05500000000000001,0.0
2026-08-15,KSFO,17,KXHIGHTSFO-26AUG15-T73,0.0185,0.02,0.0
2026-08-15,KSFO,19,KXHIGHTSFO-26AUG15-B70.5,0.239,0.28500000000000003,0.0
2026-08-15,KSFO,19,KXHIGHTSFO-26AUG15-B66.5,0.1345,0.12,0.0
2026-08-15,KSFO,19,KXHIGHTSFO-26AUG15-B68.5,0.6135,0.47,1.0
2026-08-15,KSFO,19,KXHIGHTSFO-26AUG15-T66,0.0,0.01,0.0
2026-08-15,KSFO,19,KXHIGHTSFO-26AUG15-B72.5,0.0075,0.065,0.0
2026-08-15,KSFO,19,KXHIGHTSFO-26AUG15-T73,0.0055,0.025,0.0
2026-08-16,KSFO,15,KXHIGHTSFO-26AUG16-B71.5,0.3775,0.5,0.0
2026-08-16,KSFO,15,KXHIGHTSFO-26AUG16-B67.5,0.063,0.060000000000000005,0.0
2026-08-16,KSFO,15,KXHIGHTSFO-26AUG16-T74,0.0595,0.03,0.0
2026-08-16,KSFO,15,KXHIGHTSFO-26AUG16-T67,0.0225,0.005,0.0
2026-08-16,KSFO,15,KXHIGHTSFO-26AUG16-B73.5,0.2775,0.14500000000000002,0.0
2026-08-16,KSFO,15,KXHIGHTSFO-26AUG16-B69.5,0.2,0.28500000000000003,1.0
2026-08-16,KSFO,17,KXHIGHTSFO-26AUG16-B71.5,0.4115,0.495,0.0
2026-08-16,KSFO,17,KXHIGHTSFO-26AUG16-B67.5,0.026,0.03,0.0
2026-08-16,KSFO,17,KXHIGHTSFO-26AUG16-T74,0.075,0.025,0.0
2026-08-16,KSFO,17,KXHIGHTSFO-26AUG16-T67,0.0,0.005,0.0
2026-08-16,KSFO,17,KXHIGHTSFO-26AUG16-B73.5,0.2915,0.095,0.0
2026-08-16,KSFO,17,KXHIGHTSFO-26AUG16-B69.5,0.196,0.33999999999999997,1.0
2026-08-16,KSFO,19,KXHIGHTSFO-26AUG16-B71.5,0.4685,0.45999999999999996,0.0
2026-08-16,KSFO,19,KXHIGHTSFO-26AUG16-B67.5,0.005,0.045,0.0
2026-08-16,KSFO,19,KXHIGHTSFO-26AUG16-T74,0.0305,0.04,0.0
2026-08-16,KSFO,19,KXHIGHTSFO-26AUG16-T67,0.0,0.005,0.0
2026-08-16,KSFO,19,KXHIGHTSFO-26AUG16-B73.5,0.267,0.22,0.0
2026-08-16,KSFO,19,KXHIGHTSFO-26AUG16-B69.5,0.229,0.265,1.0
2026-08-17,KSFO,15,KXHIGHTSFO-26AUG17-T67,0.0005,0.005,0.0
2026-08-17,KSFO,15,KXHIGHTSFO-26AUG17-B69.5,0.3245,0.415,0.0
2026-08-17,KSFO,15,KXHIGHTSFO-26AUG17-T74,0.043,0.025,0.0
2026-08-17,KSFO,15,KXHIGHTSFO-26AUG17-B67.5,0.038,0.08499999999999999,0.0
2026-08-17,KSFO,15,KXHIGHTSFO-26AUG17-B71.5,0.4675,0.385,1.0
2026-08-17,KSFO,15,KXHIGHTSFO-26AUG17-B73.5,0.1265,0.125,0.0
2026-08-17,KSFO,17,KXHIGHTSFO-26AUG17-T67,0.0015,0.005,0.0
2026-08-17,KSFO,17,KXHIGHTSFO-26AUG17-B69.5,0.306,0.455,0.0
2026-08-17,KSFO,17,KXHIGHTSFO-26AUG17-T74,0.051,0.015,0.0
2026-08-17,KSFO,17,KXHIGHTSFO-26AUG17-B67.5,0.041,0.07,0.0
2026-08-17,KSFO,17,KXHIGHTSFO-26AUG17-B71.5,0.4415,0.4,1.0
2026-08-17,KSFO,17,KXHIGHTSFO-26AUG17-B73.5,0.159,0.08499999999999999,0.0
2026-08-17,KSFO,19,KXHIGHTSFO-26AUG17-T67,0.0,0.005,0.0
2026-08-17,KSFO,19,KXHIGHTSFO-26AUG17-B69.5,0.265,0.275,0.0
2026-08-17,KSFO,19,KXHIGHTSFO-26AUG17-T74,0.026,0.015,0.0
2026-08-17,KSFO,19,KXHIGHTSFO-26AUG17-B67.5,0.0,0.01,0.0
2026-08-17,KSFO,19,KXHIGHTSFO-26AUG17-B71.5,0.541,0.56,1.0
2026-08-17,KSFO,19,KXHIGHTSFO-26AUG17-B73.5,0.168,0.075,0.0
2026-08-18,KSFO,15,KXHIGHTSFO-26AUG18-B74.5,0.051,0.03,0.0
2026-08-18,KSFO,15,KXHIGHTSFO-26AUG18-B68.5,0.2555,0.33,0.0
2026-08-18,KSFO,15,KXHIGHTSFO-26AUG18-B72.5,0.224,0.165,0.0
2026-08-18,KSFO,15,KXHIGHTSFO-26AUG18-T68,0.0945,0.105,0.0
2026-08-18,KSFO,15,KXHIGHTSFO-26AUG18-B70.5,0.3695,0.385,1.0
2026-08-18,KSFO,15,KXHIGHTSFO-26AUG18-T75,0.0055,0.015,0.0
2026-08-18,KSFO,17,KXHIGHTSFO-26AUG18-B74.5,0.0465,0.025,0.0
2026-08-18,KSFO,17,KXHIGHTSFO-26AUG18-B68.5,0.233,0.42,0.0
2026-08-18,KSFO,17,KXHIGHTSFO-26AUG18-B72.5,0.2085,0.095,0.0
2026-08-18,KSFO,17,KXHIGHTSFO-26AUG18-T68,0.1335,0.07500000000000001,0.0
2026-08-18,KSFO,17,KXHIGHTSFO-26AUG18-B70.5,0.372,0.385,1.0
2026-08-18,KSFO,17,KXHIGHTSFO-26AUG18-T75,0.0065,0.015,0.0
2026-08-18,KSFO,19,KXHIGHTSFO-26AUG18-B74.5,0.0135,0.015,0.0
2026-08-18,KSFO,19,KXHIGHTSFO-26AUG18-B68.5,0.292,0.41500000000000004,0.0
2026-08-18,KSFO,19,KXHIGHTSFO-26AUG18-B72.5,0.223,0.07,0.0
2026-08-18,KSFO,19,KXHIGHTSFO-26AUG18-T68,0.0085,0.10500000000000001,0.0
2026-08-18,KSFO,19,KXHIGHTSFO-26AUG18-B70.5,0.4555,0.395,1.0
2026-08-18,KSFO,19,KXHIGHTSFO-26AUG18-T75,0.0075,0.015,0.0
2026-08-19,KSFO,15,KXHIGHTSFO-26AUG19-B71.5,0.3645,0.49,0.0
2026-08-19,KSFO,15,KXHIGHTSFO-26AUG19-T69,0.104,0.135,1.0
2026-08-19,KSFO,15,KXHIGHTSFO-26AUG19-B73.5,0.1805,0.11499999999999999,0.0
2026-08-19,KSFO,15,KXHIGHTSFO-26AUG19-B75.5,0.0385,0.035,0.0
2026-08-19,KSFO,15,KXHIGHTSFO-26AUG19-T76,0.0095,0.025,0.0
2026-08-19,KSFO,15,KXHIGHTSFO-26AUG19-B69.5,0.303,0.22,0.0
2026-08-19,KSFO,17,KXHIGHTSFO-26AUG19-B71.5,0.37,0.505,0.0
2026-08-19,KSFO,17,KXHIGHTSFO-26AUG19-T69,0.0705,0.08499999999999999,1.0
2026-08-19,KSFO,17,KXHIGHTSFO-26AUG19-B73.5,0.1865,0.12,0.0
2026-08-19,KSFO,17,KXHIGHTSFO-26AUG19-B75.5,0.045,0.035,0.0
2026-08-19,KSFO,17,KXHIGHTSFO-26AUG19-T76,0.0125,0.03,0.0
2026-08-19,KSFO,17,KXHIGHTSFO-26AUG19-B69.5,0.3155,0.185,0.0
2026-08-19,KSFO,19,KXHIGHTSFO-26AUG19-B71.5,0.3525,0.515,0.0
2026-08-19,KSFO,19,KXHIGHTSFO-26AUG19-T69,0.074,0.09,1.0
2026-08-19,KSFO,19,KXHIGHTSFO-26AUG19-B73.5,0.0955,0.14500000000000002,0.0
2026-08-19,KSFO,19,KXHIGHTSFO-26AUG19-B75.5,0.006,0.02,0.0
2026-08-19,KSFO,19,KXHIGHTSFO-26AUG19-T76,0.0075,0.015,0.0
2026-08-19,KSFO,19,KXHIGHTSFO-26AUG19-B69.5,0.4645,0.21000000000000002,0.0
2026-08-20,KSFO,15,KXHIGHTSFO-26AUG20-T67,0.0265,0.28500000000000003,0.0
2026-08-20,KSFO,15,KXHIGHTSFO-26AUG20-T74,0.0115,0.005,0.0
2026-08-20,KSFO,15,KXHIGHTSFO-26AUG20-B73.5,0.0265,0.03,0.0
2026-08-20,KSFO,15,KXHIGHTSFO-26AUG20-B69.5,0.5055,0.185,1.0
2026-08-20,KSFO,15,KXHIGHTSFO-26AUG20-B71.5,0.1235,0.035,0.0
2026-08-20,KSFO,15,KXHIGHTSFO-26AUG20-B67.5,0.3065,0.435,0.0
2026-08-20,KSFO,17,KXHIGHTSFO-26AUG20-T67,0.02,0.11,0.0
2026-08-20,KSFO,17,KXHIGHTSFO-26AUG20-T74,0.0135,0.005,0.0
2026-08-20,KSFO,17,KXHIGHTSFO-26AUG20-B73.5,0.019,0.015,0.0
2026-08-20,KSFO,17,KXHIGHTSFO-26AUG20-B69.5,0.5155,0.28,1.0
2026-08-20,KSFO,17,KXHIGHTSFO-26AUG20-B71.5,0.104,0.055,0.0
2026-08-20,KSFO,17,KXHIGHTSFO-26AUG20-B67.5,0.328,0.49,0.0
2026-08-20,KSFO,19,KXHIGHTSFO-26AUG20-T67,0.012,0.08,0.0
2026-08-20,KSFO,19,KXHIGHTSFO-26AUG20-T74,0.0045,0.005,0.0
2026-08-20,KSFO,19,KXHIGHTSFO-26AUG20-B73.5,0.0,0.025,0.0
2026-08-20,KSFO,19,KXHIGHTSFO-26AUG20-B69.5,0.5075,0.29500000000000004,1.0
2026-08-20,KSFO,19,KXHIGHTSFO-26AUG20-B71.5,0.088,0.03,0.0
2026-08-20,KSFO,19,KXHIGHTSFO-26AUG20-B67.5,0.388,0.52,0.0
2026-08-21,KSFO,15,KXHIGHTSFO-26AUG21-T73,0.0085,0.015,0.0
2026-08-21,KSFO,15,KXHIGHTSFO-26AUG21-T66,0.0305,0.035,0.0
2026-08-21,KSFO,15,KXHIGHTSFO-26AUG21-B70.5,0.2265,0.155,0.0
2026-08-21,KSFO,15,KXHIGHTSFO-26AUG21-B66.5,0.1965,0.21000000000000002,0.0
2026-08-21,KSFO,15,KXHIGHTSFO-26AUG21-B72.5,0.0215,0.025,0.0
2026-08-21,KSFO,15,KXHIGHTSFO-26AUG21-B68.5,0.5165,0.555,1.0
2026-08-21,KSFO,17,KXHIGHTSFO-26AUG21-T73,0.0205,0.015,0.0
2026-08-21,KSFO,17,KXHIGHTSFO-26AUG21-T66,0.008,0.035,0.0
2026-08-21,KSFO,17,KXHIGHTSFO-26AUG21-B70.5,0.235,0.14,0.0
2026-08-21,KSFO,17,KXHIGHTSFO-26AUG21-B66.5,0.197,0.19,0.0
2026-08-21,KSFO,17,KXHIGHTSFO-26AUG21-B72.5,0.032,0.02,0.0
2026-08-21,KSFO,17,KXHIGHTSFO-26AUG21-B68.5,0.5075,0.605,1.0
2026-08-21,KSFO,19,KXHIGHTSFO-26AUG21-T73,0.006,0.005,0.0
2026-08-21,KSFO,19,KXHIGHTSFO-26AUG21-T66,0.0,0.005,0.0
2026-08-21,KSFO,19,KXHIGHTSFO-26AUG21-B70.5,0.279,0.16,0.0
2026-08-21,KSFO,19,KXHIGHTSFO-26AUG21-B66.5,0.131,0.10500000000000001,0.0
2026-08-21,KSFO,19,KXHIGHTSFO-26AUG21-B72.5,0.0345,0.035,0.0
2026-08-21,KSFO,19,KXHIGHTSFO-26AUG21-B68.5,0.5495,0.675,1.0
2026-08-22,KSFO,15,KXHIGHTSFO-26AUG22-B73.5,0.0935,0.18,0.0
2026-08-22,KSFO,15,KXHIGHTSFO-26AUG22-T74,0.0195,0.045,0.0
2026-08-22,KSFO,15,KXHIGHTSFO-26AUG22-B71.5,0.335,0.52,0.0
2026-08-22,KSFO,15,KXHIGHTSFO-26AUG22-B69.5,0.3995,0.225,1.0
2026-08-22,KSFO,15,KXHIGHTSFO-26AUG22-T67,0.0225,0.015,0.0
2026-08-22,KSFO,15,KXHIGHTSFO-26AUG22-B67.5,0.13,0.035,0.0
2026-08-22,KSFO,17,KXHIGHTSFO-26AUG22-B73.5,0.1045,0.11499999999999999,0.0
2026-08-22,KSFO,17,KXHIGHTSFO-26AUG22-T74,0.0225,0.015,0.0
2026-08-22,KSFO,17,KXHIGHTSFO-26AUG22-B71.5,0.3395,0.5,0.0
2026-08-22,KSFO,17,KXHIGHTSFO-26AUG22-B69.5,0.3985,0.265,1.0
2026-08-22,KSFO,17,KXHIGHTSFO-26AUG22-T67,0.0095,0.025,0.0
2026-08-22,KSFO,17,KXHIGHTSFO-26AUG22-B67.5,0.1255,0.055,0.0
2026-08-22,KSFO,19,KXHIGHTSFO-26AUG22-B73.5,0.036,0.07500000000000001,0.0
2026-08-22,KSFO,19,KXHIGHTSFO-26AUG22-T74,0.0055,0.015,0.0
2026-08-22,KSFO,19,KXHIGHTSFO-26AUG22-B71.5,0.3025,0.41000000000000003,0.0
2026-08-22,KSFO,19,KXHIGHTSFO-26AUG22-B69.5,0.426,0.37,1.0
2026-08-22,KSFO,19,KXHIGHTSFO-26AUG22-T67,0.002,0.025,0.0
2026-08-22,KSFO,19,KXHIGHTSFO-26AUG22-B67.5,0.228,0.14500000000000002,0.0
2026-08-23,KSFO,15,KXHIGHTSFO-26AUG23-T76,0.2385,0.29000000000000004,1.0
2026-08-23,KSFO,15,KXHIGHTSFO-26AUG23-B71.5,0.213,0.11499999999999999,0.0
2026-08-23,KSFO,15,KXHIGHTSFO-26AUG23-T69,0.0075,0.02,0.0
2026-08-23,KSFO,15,KXHIGHTSFO-26AUG23-B73.5,0.2435,0.28500000000000003,0.0
2026-08-23,KSFO,15,KXHIGHTSFO-26AUG23-B75.5,0.2375,0.25,0.0
2026-08-23,KSFO,15,KXHIGHTSFO-26AUG23-B69.5,0.06,0.035,0.0
2026-08-23,KSFO,17,KXHIGHTSFO-26AUG23-T76,0.2555,0.28500000000000003,1.0
2026-08-23,KSFO,17,KXHIGHTSFO-26AUG23-B71.5,0.1855,0.10500000000000001,0.0
2026-08-23,KSFO,17,KXHIGHTSFO-26AUG23-T69,0.0005,0.02,0.0
2026-08-23,KSFO,17,KXHIGHTSFO-26AUG23-B73.5,0.2635,0.215,0.0
2026-08-23,KSFO,17,KXHIGHTSFO-26AUG23-B75.5,0.2535,0.315,0.0
2026-08-23,KSFO,17,KXHIGHTSFO-26AUG23-B69.5,0.0415,0.045,0.0
2026-08-23,KSFO,19,KXHIGHTSFO-26AUG23-T76,0.7475,0.27,1.0
2026-08-23,KSFO,19,KXHIGHTSFO-26AUG23-B71.5,0.0,0.115,0.0
2026-08-23,KSFO,19,KXHIGHTSFO-26AUG23-T69,0.0,0.005,0.0
2026-08-23,KSFO,19,KXHIGHTSFO-26AUG23-B73.5,0.0,0.235,0.0
2026-08-23,KSFO,19,KXHIGHTSFO-26AUG23-B75.5,0.2525,0.315,0.0
2026-08-23,KSFO,19,KXHIGHTSFO-26AUG23-B69.5,0.0,0.04,0.0
2026-08-24,KSFO,15,KXHIGHTSFO-26AUG24-T69,0.0075,0.1,0.0
2026-08-24,KSFO,15,KXHIGHTSFO-26AUG24-B69.5,0.0705,0.11,0.0
2026-08-24,KSFO,15,KXHIGHTSFO-26AUG24-B73.5,0.4075,0.32,1.0
2026-08-24,KSFO,15,KXHIGHTSFO-26AUG24-B75.5,0.1555,0.045,0.0
2026-08-24,KSFO,15,KXHIGHTSFO-26AUG24-T76,0.062,0.015,0.0
2026-08-24,KSFO,15,KXHIGHTSFO-26AUG24-B71.5,0.297,0.41000000000000003,0.0
2026-08-24,KSFO,17,KXHIGHTSFO-26AUG24-T69,0.007,0.05,0.0
2026-08-24,KSFO,17,KXHIGHTSFO-26AUG24-B69.5,0.06,0.1,0.0
2026-08-24,KSFO,17,KXHIGHTSFO-26AUG24-B73.5,0.421,0.38,1.0
2026-08-24,KSFO,17,KXHIGHTSFO-26AUG24-B75.5,0.17,0.09,0.0
2026-08-24,KSFO,17,KXHIGHTSFO-26AUG24-T76,0.067,0.02,0.0
2026-08-24,KSFO,17,KXHIGHTSFO-26AUG24-B71.5,0.275,0.355,0.0
2026-08-24,KSFO,19,KXHIGHTSFO-26AUG24-T69,0.0,0.005,0.0
2026-08-24,KSFO,19,KXHIGHTSFO-26AUG24-B69.5,0.0335,0.06,0.0
2026-08-24,KSFO,19,KXHIGHTSFO-26AUG24-B73.5,0.501,0.45999999999999996,1.0
2026-08-24,KSFO,19,KXHIGHTSFO-26AUG24-B75.5,0.1435,0.16,0.0
2026-08-24,KSFO,19,KXHIGHTSFO-26AUG24-T76,0.013,0.115,0.0
2026-08-24,KSFO,19,KXHIGHTSFO-26AUG24-B71.5,0.309,0.15500000000000003,0.0
2026-07-01,KDEN,15,KXHIGHDEN-26JUL01-T93,0.0045,0.015,0.0
2026-07-01,KDEN,15,KXHIGHDEN-26JUL01-B88.5,0.4555,0.375,1.0
2026-07-01,KDEN,15,KXHIGHDEN-26JUL01-B90.5,0.467,0.44,0.0
2026-07-01,KDEN,15,KXHIGHDEN-26JUL01-B92.5,0.026,0.09,0.0
2026-07-01,KDEN,15,KXHIGHDEN-26JUL01-B86.5,0.027,0.07,0.0
2026-07-01,KDEN,15,KXHIGHDEN-26JUL01-T86,0.02,0.025,0.0
2026-07-01,KDEN,17,KXHIGHDEN-26JUL01-T93,0.0115,0.01,0.0
2026-07-01,KDEN,17,KXHIGHDEN-26JUL01-B88.5,0.435,0.38,1.0
2026-07-01,KDEN,17,KXHIGHDEN-26JUL01-B90.5,0.47,0.45499999999999996,0.0
2026-07-01,KDEN,17,KXHIGHDEN-26JUL01-B92.5,0.039,0.065,0.0
2026-07-01,KDEN,17,KXHIGHDEN-26JUL01-B86.5,0.037,0.025,0.0
2026-07-01,KDEN,17,KXHIGHDEN-26JUL01-T86,0.0075,0.01,0.0
2026-07-01,KDEN,19,KXHIGHDEN-26JUL01-T93,0.028,0.01,0.0
2026-07-01,KDEN,19,KXHIGHDEN-26JUL01-B88.5,0.4465,0.4,1.0
2026-07-01,KDEN,19,KXHIGHDEN-26JUL01-B90.5,0.475,0.475,0.0
2026-07-01,KDEN,19,KXHIGHDEN-26JUL01-B92.5,0.0505,0.060000000000000005,0.0
2026-07-01,KDEN,19,KXHIGHDEN-26JUL01-B86.5,0.0,0.07500000000000001,0.0
2026-07-01,KDEN,19,KXHIGHDEN-26JUL01-T86,0.0,0.025,0.0
2026-07-02,KDEN,15,KXHIGHDEN-26JUL02-T89,0.5835,0.065,0.0
2026-07-02,KDEN,15,KXHIGHDEN-26JUL02-B93.5,0.0,0.11499999999999999,0.0
2026-07-02,KDEN,15,KXHIGHDEN-26JUL02-B95.5,0.0,0.015,0.0
2026-07-02,KDEN,15,KXHIGHDEN-26JUL02-T96,0.0,0.005,0.0
2026-07-02,KDEN,15,KXHIGHDEN-26JUL02-B89.5,0.416,0.555,1.0
2026-07-02,KDEN,15,KXHIGHDEN-26JUL02-B91.5,0.0005,0.305,0.0
2026-07-02,KDEN,17,KXHIGHDEN-26JUL02-T89,0.5825,0.14500000000000002,0.0
2026-07-02,KDEN,17,KXHIGHDEN-26JUL02-B93.5,0.0,0.025,0.0
2026-07-02,KDEN,17,KXHIGHDEN-26JUL02-B95.5,0.0,0.01,0.0
2026-07-02,KDEN,17,KXHIGHDEN-26JUL02-B89.5,0.4175,0.5800000000000001,1.0
2026-07-02,KDEN,17,KXHIGHDEN-26JUL02-B91.5,0.0,0.245,0.0
2026-07-02,KDEN,19,KXHIGHDEN-26JUL02-T89,0.585,0.245,0.0
2026-07-02,KDEN,19,KXHIGHDEN-26JUL02-B93.5,0.0015,0.035,0.0
2026-07-02,KDEN,19,KXHIGHDEN-26JUL02-B95.5,0.0015,0.005,0.0
2026-07-02,KDEN,19,KXHIGHDEN-26JUL02-T96,0.0005,0.005,0.0
2026-07-02,KDEN,19,KXHIGHDEN-26JUL02-B89.5,0.405,0.54,1.0
2026-07-02,KDEN,19,KXHIGHDEN-26JUL02-B91.5,0.0065,0.22499999999999998,0.0
2026-07-03,KDEN,15,KXHIGHDEN-26JUL03-B90.5,0.5335,0.395,1.0
2026-07-03,KDEN,15,KXHIGHDEN-26JUL03-B94.5,0.0015,0.10500000000000001,0.0
2026-07-03,KDEN,15,KXHIGHDEN-26JUL03-B88.5,0.404,0.07500000000000001,0.0
2026-07-03,KDEN,15,KXHIGHDEN-26JUL03-T95,0.0005,0.015,0.0
2026-07-03,KDEN,15,KXHIGHDEN-26JUL03-T88,0.031,0.01,0.0
2026-07-03,KDEN,15,KXHIGHDEN-26JUL03-B92.5,0.0295,0.425,0.0
2026-07-03,KDEN,17,KXHIGHDEN-26JUL03-B90.5,0.518,0.485,1.0
2026-07-03,KDEN,17,KXHIGHDEN-26JUL03-B94.5,0.001,0.05500000000000001,0.0
2026-07-03,KDEN,17,KXHIGHDEN-26JUL03-B88.5,0.4,0.165,0.0
2026-07-03,KDEN,17,KXHIGHDEN-26JUL03-T88,0.054,0.015,0.0
2026-07-03,KDEN,17,KXHIGHDEN-26JUL03-B92.5,0.0265,0.305,0.0
2026-07-03,KDEN,19,KXHIGHDEN-26JUL03-B90.5,0.5045,0.545,1.0
2026-07-03,KDEN,19,KXHIGHDEN-26JUL03-B94.5,0.014,0.035,0.0
2026-07-03,KDEN,19,KXHIGHDEN-26JUL03-B88.5,0.409,0.12,0.0
2026-07-03,KDEN,19,KXHIGHDEN-26JUL03-T95,0.0035,0.015,0.0
2026-07-03,KDEN,19,KXHIGHDEN-26JUL03-T88,0.02,0.03,0.0
2026-07-03,KDEN,19,KXHIGHDEN-26JUL03-B92.5,0.049,0.235,0.0
2026-07-04,KDEN,15,KXHIGHDEN-26JUL04-B89.5,0.244,0.505,0.0
2026-07-04,KDEN,15,KXHIGHDEN-26JUL04-B85.5,0.003,0.035,0.0
2026-07-04,KDEN,15,KXHIGHDEN-26JUL04-B87.5,0.0005,0.085,0.0
2026-07-04,KDEN,15,KXHIGHDEN-26JUL04-T92,0.068,0.025,0.0
2026-07-04,KDEN,15,KXHIGHDEN-26JUL04-B91.5,0.684,0.255,1.0
2026-07-04,KDEN,15,KXHIGHDEN-26JUL04-T85,0.0005,0.03,0.0
2026-07-04,KDEN,17,KXHIGHDEN-26JUL04-B89.5,0.2275,0.49,0.0
2026-07-04,KDEN,17,KXHIGHDEN-26JUL04-B87.5,0.009,0.07500000000000001,0.0
2026-07-04,KDEN,17,KXHIGHDEN-26JUL04-T92,0.069,0.03,0.0
2026-07-04,KDEN,17,KXHIGHDEN-26JUL04-B91.5,0.694,0.355,1.0
2026-07-04,KDEN,17,KXHIGHDEN-26JUL04-T85,0.0,0.02,0.0
2026-07-04,KDEN,19,KXHIGHDEN-26JUL04-B89.5,0.252,0.475,0.0
2026-07-04,KDEN,19,KXHIGHDEN-26JUL04-B85.5,0.0,0.11,0.0
2026-07-04,KDEN,19,KXHIGHDEN-26JUL04-B87.5,0.0085,0.27,0.0
2026-07-04,KDEN,19,KXHIGHDEN-26JUL04-T92,0.0725,0.03,0.0
2026-07-04,KDEN,19,KXHIGHDEN-26JUL04-B91.5,0.667,0.155,1.0
2026-07-04,KDEN,19,KXHIGHDEN-26JUL04-T85,0.0,0.01,0.0
2026-07-05,KDEN,15,KXHIGHDEN-26JUL05-B89.5,0.0025,0.025,0.0
2026-07-05,KDEN,15,KXHIGHDEN-26JUL05-B87.5,0.0025,0.005,0.0
2026-07-05,KDEN,15,KXHIGHDEN-26JUL05-B93.5,0.074,0.48,0.0
2026-07-05,KDEN,15,KXHIGHDEN-26JUL05-B91.5,0.005,0.07500000000000001,0.0
2026-07-05,KDEN,15,KXHIGHDEN-26JUL05-T94,0.9155,0.435,1.0
2026-07-05,KDEN,17,KXHIGHDEN-26JUL05-B89.5,0.001,0.02,0.0
2026-07-05,KDEN,17,KXHIGHDEN-26JUL05-B87.5,0.0,0.005,0.0
2026-07-05,KDEN,17,KXHIGHDEN-26JUL05-B93.5,0.087,0.485,0.0
2026-07-05,KDEN,17,KXHIGHDEN-26JUL05-T87,0.0,0.005,0.0
2026-07-05,KDEN,17,KXHIGHDEN-26JUL05-B91.5,0.004,0.035,0.0
2026-07-05,KDEN,17,KXHIGHDEN-26JUL05-T94,0.908,0.515,1.0
2026-07-05,KDEN,19,KXHIGHDEN-26JUL05-B89.5,0.0,0.005,0.0
2026-07-05,KDEN,19,KXHIGHDEN-26JUL05-B87.5,0.0,0.005,0.0
2026-07-05,KDEN,19,KXHIGHDEN-26JUL05-B93.5,0.1075,0.475,0.0
2026-07-05,KDEN,19,KXHIGHDEN-26JUL05-T87,0.0,0.005,0.0
2026-07-05,KDEN,19,KXHIGHDEN-26JUL05-B91.5,0.008,0.015,0.0
2026-07-05,KDEN,19,KXHIGHDEN-26JUL05-T94,0.8845,0.54,1.0
2026-07-06,KDEN,15,KXHIGHDEN-26JUL06-T92,0.005,0.005,0.0
2026-07-06,KDEN,15,KXHIGHDEN-26JUL06-T99,0.0365,0.015,0.0
2026-07-06,KDEN,15,KXHIGHDEN-26JUL06-B94.5,0.1,0.24,0.0
2026-07-06,KDEN,15,KXHIGHDEN-26JUL06-B92.5,0.006,0.02,0.0
2026-07-06,KDEN,15,KXHIGHDEN-26JUL06-B96.5,0.514,0.5449999999999999,1.0
2026-07-06,KDEN,15,KXHIGHDEN-26JUL06-B98.5,0.3385,0.16,0.0
2026-07-06,KDEN,17,KXHIGHDEN-26JUL06-T99,0.072,0.015,0.0
2026-07-06,KDEN,17,KXHIGHDEN-26JUL06-B94.5,0.0695,0.235,0.0
2026-07-06,KDEN,17,KXHIGHDEN-26JUL06-B92.5,0.0025,0.04,0.0
2026-07-06,KDEN,17,KXHIGHDEN-26JUL06-B96.5,0.5315,0.58,1.0
2026-07-06,KDEN,17,KXHIGHDEN-26JUL06-B98.5,0.3245,0.060000000000000005,0.0
2026-07-06,KDEN,19,KXHIGHDEN-26JUL06-T92,0.0,0.005,0.0
2026-07-06,KDEN,19,KXHIGHDEN-26JUL06-T99,0.147,0.025,0.0
2026-07-06,KDEN,19,KXHIGHDEN-26JUL06-B94.5,0.0,0.03,0.0
2026-07-06,KDEN,19,KXHIGHDEN-26JUL06-B92.5,0.0,0.005,0.0
2026-07-06,KDEN,19,KXHIGHDEN-26JUL06-B96.5,0.5035,0.73,1.0
2026-07-06,KDEN,19,KXHIGHDEN-26JUL06-B98.5,0.3495,0.15,0.0
2026-07-07,KDEN,15,KXHIGHDEN-26JUL07-T89,0.015,0.005,0.0
2026-07-07,KDEN,15,KXHIGHDEN-26JUL07-B91.5,0.01,0.025,0.0
2026-07-07,KDEN,15,KXHIGHDEN-26JUL07-B93.5,0.033,0.175,0.0
2026-07-07,KDEN,15,KXHIGHDEN-26JUL07-B95.5,0.208,0.475,0.0
2026-07-07,KDEN,15,KXHIGHDEN-26JUL07-B89.5,0.013,0.015,0.0
2026-07-07,KDEN,15,KXHIGHDEN-26JUL07-T96,0.721,0.355,1.0
2026-07-07,KDEN,17,KXHIGHDEN-26JUL07-B91.5,0.0,0.035,0.0
2026-07-07,KDEN,17,KXHIGHDEN-26JUL07-B93.5,0.0145,0.15000000000000002,0.0
2026-07-07,KDEN,17,KXHIGHDEN-26JUL07-B95.5,0.2125,0.485,0.0
2026-07-07,KDEN,17,KXHIGHDEN-26JUL07-T96,0.773,0.36,1.0
2026-07-07,KDEN,19,KXHIGHDEN-26JUL07-T89,0.0,0.005,0.0
2026-07-07,KDEN,19,KXHIGHDEN-26JUL07-B91.5,0.0,0.005,0.0
2026-07-07,KDEN,19,KXHIGHDEN-26JUL07-B93.5,0.0,0.005,0.0
2026-07-07,KDEN,19,KXHIGHDEN-26JUL07-B95.5,0.163,0.345,0.0
2026-07-07,KDEN,19,KXHIGHDEN-26JUL07-B89.5,0.0,0.005,0.0
2026-07-07,KDEN,19,KXHIGHDEN-26JUL07-T96,0.837,0.62,1.0
2026-07-08,KDEN,15,KXHIGHDEN-26JUL08-T93,0.525,0.325,1.0
2026-07-08,KDEN,15,KXHIGHDEN-26JUL08-T86,0.002,0.005,0.0
2026-07-08,KDEN,15,KXHIGHDEN-26JUL08-B90.5,0.035,0.225,0.0
2026-07-08,KDEN,15,KXHIGHDEN-26JUL08-B88.5,0.004,0.025,0.0
2026-07-08,KDEN,15,KXHIGHDEN-26JUL08-B86.5,0.0005,0.015,0.0
2026-07-08,KDEN,15,KXHIGHDEN-26JUL08-B92.5,0.4335,0.425,0.0
2026-07-08,KDEN,17,KXHIGHDEN-26JUL08-T93,0.542,0.325,1.0
2026-07-08,KDEN,17,KXHIGHDEN-26JUL08-T86,0.0,0.005,0.0
2026-07-08,KDEN,17,KXHIGHDEN-26JUL08-B90.5,0.028,0.21500000000000002,0.0
2026-07-08,KDEN,17,KXHIGHDEN-26JUL08-B88.5,0.0,0.03,0.0
2026-07-08,KDEN,17,KXHIGHDEN-26JUL08-B86.5,0.0,0.005,0.0
2026-07-08,KDEN,17,KXHIGHDEN-26JUL08-B92.5,0.43,0.455,0.0
2026-07-08,KDEN,19,KXHIGHDEN-26JUL08-T93,0.54,0.47,1.0
2026-07-08,KDEN,19,KXHIGHDEN-26JUL08-T86,0.0,0.005,0.0
2026-07-08,KDEN,19,KXHIGHDEN-26JUL08-B90.5,0.0,0.005,0.0
2026-07-08,KDEN,19,KXHIGHDEN-26JUL08-B88.5,0.0,0.005,0.0
2026-07-08,KDEN,19,KXHIGHDEN-26JUL08-B86.5,0.0,0.005,0.0
2026-07-08,KDEN,19,KXHIGHDEN-26JUL08-B92.5,0.46,0.53,0.0
2026-07-09,KDEN,15,KXHIGHDEN-26JUL09-B90.5,0.417,0.4,1.0
2026-07-09,KDEN,15,KXHIGHDEN-26JUL09-B86.5,0.0525,0.10500000000000001,0.0
2026-07-09,KDEN,15,KXHIGHDEN-26JUL09-B84.5,0.0135,0.035,0.0
2026-07-09,KDEN,15,KXHIGHDEN-26JUL09-T91,0.253,0.24,0.0
2026-07-09,KDEN,15,KXHIGHDEN-26JUL09-T84,0.0245,0.025,0.0
2026-07-09,KDEN,15,KXHIGHDEN-26JUL09-B88.5,0.2395,0.245,0.0
2026-07-09,KDEN,17,KXHIGHDEN-26JUL09-B90.5,0.428,0.41500000000000004,1.0
2026-07-09,KDEN,17,KXHIGHDEN-26JUL09-B86.5,0.0505,0.085,0.0
2026-07-09,KDEN,17,KXHIGHDEN-26JUL09-B84.5,0.004,0.025,0.0
2026-07-09,KDEN,17,KXHIGHDEN-26JUL09-T91,0.269,0.185,0.0
2026-07-09,KDEN,17,KXHIGHDEN-26JUL09-T84,0.0,0.015,0.0
2026-07-09,KDEN,17,KXHIGHDEN-26JUL09-B88.5,0.2485,0.315,0.0
2026-07-09,KDEN,19,KXHIGHDEN-26JUL09-B90.5,0.5235,0.385,1.0
2026-07-09,KDEN,19,KXHIGHDEN-26JUL09-B86.5,0.0,0.08,0.0
2026-07-09,KDEN,19,KXHIGHDEN-26JUL09-B84.5,0.0,0.005,0.0
2026-07-09,KDEN,19,KXHIGHDEN-26JUL09-T91,0.4765,0.060000000000000005,0.0
2026-07-09,KDEN,19,KXHIGHDEN-26JUL09-T84,0.0,0.005,0.0
2026-07-09,KDEN,19,KXHIGHDEN-26JUL09-B88.5,0.0,0.435,0.0
2026-07-10,KDEN,15,KXHIGHDEN-26JUL10-B86.5,0.012,0.035,0.0
2026-07-10,KDEN,15,KXHIGHDEN-26JUL10-B84.5,0.006,0.005,0.0
2026-07-10,KDEN,15,KXHIGHDEN-26JUL10-B90.5,0.5995,0.52,0.0
2026-07-10,KDEN,15,KXHIGHDEN-26JUL10-T84,0.005,0.005,0.0
2026-07-10,KDEN,15,KXHIGHDEN-26JUL10-B88.5,0.331,0.3,1.0
2026-07-10,KDEN,15,KXHIGHDEN-26JUL10-T91,0.0465,0.20500000000000002,0.0
2026-07-10,KDEN,17,KXHIGHDEN-26JUL10-B86.5,0.0135,0.045,0.0
2026-07-10,KDEN,17,KXHIGHDEN-26JUL10-B84.5,0.002,0.005,0.0
2026-07-10,KDEN,17,KXHIGHDEN-26JUL10-B90.5,0.582,0.53,0.0
2026-07-10,KDEN,17,KXHIGHDEN-26JUL10-B88.5,0.3455,0.245,1.0
2026-07-10,KDEN,17,KXHIGHDEN-26JUL10-T91,0.057,0.16,0.0
2026-07-10,KDEN,19,KXHIGHDEN-26JUL10-B86.5,0.0,0.015,0.0
2026-07-10,KDEN,19,KXHIGHDEN-26JUL10-B84.5,0.0,0.005,0.0
2026-07-10,KDEN,19,KXHIGHDEN-26JUL10-B90.5,0.5775,0.59,0.0
2026-07-10,KDEN,19,KXHIGHDEN-26JUL10-T84,0.0,0.005,0.0
2026-07-10,KDEN,19,KXHIGHDEN-26JUL10-B88.5,0.3255,0.24000000000000002,1.0
2026-07-10,KDEN,19,KXHIGHDEN-26JUL10-T91,0.097,0.18,0.0
2026-07-11,KDEN,15,KXHIGHDEN-26JUL11-B95.5,0.5775,0.485,0.0
2026-07-11,KDEN,15,KXHIGHDEN-26JUL11-B93.5,0.234,0.165,1.0
2026-07-11,KDEN,15,KXHIGHDEN-26JUL11-B97.5,0.1455,0.355,0.0
2026-07-11,KDEN,15,KXHIGHDEN-26JUL11-B91.5,0.0145,0.015,0.0
2026-07-11,KDEN,15,KXHIGHDEN-26JUL11-T91,0.026,0.005,0.0
2026-07-11,KDEN,15,KXHIGHDEN-26JUL11-T98,0.0025,0.035,0.0
2026-07-11,KDEN,17,KXHIGHDEN-26JUL11-B95.5,0.58,0.485,0.0
2026-07-11,KDEN,17,KXHIGHDEN-26JUL11-B93.5,0.2255,0.125,1.0
2026-07-11,KDEN,17,KXHIGHDEN-26JUL11-B97.5,0.1275,0.355,0.0
2026-07-11,KDEN,17,KXHIGHDEN-26JUL11-B91.5,0.0255,0.015,0.0
2026-07-11,KDEN,17,KXHIGHDEN-26JUL11-T91,0.037,0.005,0.0
2026-07-11,KDEN,17,KXHIGHDEN-26JUL11-T98,0.0045,0.025,0.0
2026-07-11,KDEN,19,KXHIGHDEN-26JUL11-B95.5,0.576,0.56,0.0
2026-07-11,KDEN,19,KXHIGHDEN-26JUL11-B93.5,0.243,0.225,1.0
2026-07-11,KDEN,19,KXHIGHDEN-26JUL11-B97.5,0.141,0.215,0.0
2026-07-11,KDEN,19,KXHIGHDEN-26JUL11-B91.5,0.019,0.015,0.0
2026-07-11,KDEN,19,KXHIGHDEN-26JUL11-T91,0.0,0.01,0.0
2026-07-11,KDEN,19,KXHIGHDEN-26JUL11-T98,0.021,0.03,0.0
2026-07-12,KDEN,15,KXHIGHDEN-26JUL12-T92,0.007,0.015,0.0
2026-07-12,KDEN,15,KXHIGHDEN-26JUL12-B98.5,0.111,0.035,0.0
2026-07-12,KDEN,15,KXHIGHDEN-26JUL12-B94.5,0.256,0.515,1.0
2026-07-12,KDEN,15,KXHIGHDEN-26JUL12-B92.5,0.0155,0.115,0.0
2026-07-12,KDEN,15,KXHIGHDEN-26JUL12-T99,0.0115,0.015,0.0
2026-07-12,KDEN,15,KXHIGHDEN-26JUL12-B96.5,0.599,0.365,0.0
2026-07-12,KDEN,17,KXHIGHDEN-26JUL12-T92,0.0,0.015,0.0
2026-07-12,KDEN,17,KXHIGHDEN-26JUL12-B98.5,0.1145,0.025,0.0
2026-07-12,KDEN,17,KXHIGHDEN-26JUL12-B94.5,0.2535,0.58,1.0
2026-07-12,KDEN,17,KXHIGHDEN-26JUL12-B92.5,0.009,0.055,0.0
2026-07-12,KDEN,17,KXHIGHDEN-26JUL12-T99,0.04,0.015,0.0
2026-07-12,KDEN,17,KXHIGHDEN-26JUL12-B96.5,0.583,0.355,0.0
2026-07-12,KDEN,19,KXHIGHDEN-26JUL12-T92,0.0,0.005,0.0
2026-07-12,KDEN,19,KXHIGHDEN-26JUL12-B98.5,0.112,0.055,0.0
2026-07-12,KDEN,19,KXHIGHDEN-26JUL12-B94.5,0.2695,0.55,1.0
2026-07-12,KDEN,19,KXHIGHDEN-26JUL12-B92.5,0.025,0.07500000000000001,0.0
2026-07-12,KDEN,19,KXHIGHDEN-26JUL12-T99,0.0165,0.015,0.0
2026-07-12,KDEN,19,KXHIGHDEN-26JUL12-B96.5,0.577,0.38,0.0
2026-07-13,KDEN,15,KXHIGHDEN-26JUL13-B99.5,0.057,0.060000000000000005,0.0
2026-07-13,KDEN,15,KXHIGHDEN-26JUL13-T100,0.026,0.015,0.0
2026-07-13,KDEN,15,KXHIGHDEN-26JUL13-T93,0.006,0.005,0.0
2026-07-13,KDEN,15,KXHIGHDEN-26JUL13-B95.5,0.3455,0.33499999999999996,0.0
2026-07-13,KDEN,15,KXHIGHDEN-26JUL13-B97.5,0.5555,0.56,1.0
2026-07-13,KDEN,15,KXHIGHDEN-26JUL13-B93.5,0.01,0.025,0.0
2026-07-13,KDEN,17,KXHIGHDEN-26JUL13-B99.5,0.064,0.04,0.0
2026-07-13,KDEN,17,KXHIGHDEN-26JUL13-T100,0.0305,0.015,0.0
2026-07-13,KDEN,17,KXHIGHDEN-26JUL13-B95.5,0.337,0.355,0.0
2026-07-13,KDEN,17,KXHIGHDEN-26JUL13-B97.5,0.5565,0.585,1.0
2026-07-13,KDEN,17,KXHIGHDEN-26JUL13-B93.5,0.012,0.035,0.0
2026-07-13,KDEN,19,KXHIGHDEN-26JUL13-B99.5,0.079,0.05,0.0
2026-07-13,KDEN,19,KXHIGHDEN-26JUL13-T100,0.016,0.015,0.0
2026-07-13,KDEN,19,KXHIGHDEN-26JUL13-T93,0.0,0.005,0.0
2026-07-13,KDEN,19,KXHIGHDEN-26JUL13-B95.5,0.365,0.33499999999999996,0.0
2026-07-13,KDEN,19,KXHIGHDEN-26JUL13-B97.5,0.5105,0.63,1.0
2026-07-13,KDEN,19,KXHIGHDEN-26JUL13-B93.5,0.0295,0.015,0.0
2026-07-14,KDEN,15,KXHIGHDEN-26JUL14-B99.5,0.0055,0.005,0.0
2026-07-14,KDEN,15,KXHIGHDEN-26JUL14-B93.5,0.272,0.475,0.0
2026-07-14,KDEN,15,KXHIGHDEN-26JUL14-T93,0.0525,0.05500000000000001,0.0
2026-07-14,KDEN,15,KXHIGHDEN-26JUL14-B95.5,0.516,0.395,1.0
2026-07-14,KDEN,15,KXHIGHDEN-26JUL14-B97.5,0.152,0.125,0.0
2026-07-14,KDEN,17,KXHIGHDEN-26JUL14-B99.5,0.0125,0.005,0.0
2026-07-14,KDEN,17,KXHIGHDEN-26JUL14-T100,0.007,0.005,0.0
2026-07-14,KDEN,17,KXHIGHDEN-26JUL14-B93.5,0.276,0.47,0.0
2026-07-14,KDEN,17,KXHIGHDEN-26JUL14-T93,0.0655,0.05500000000000001,0.0
2026-07-14,KDEN,17,KXHIGHDEN-26JUL14-B95.5,0.5,0.42000000000000004,1.0
2026-07-14,KDEN,17,KXHIGHDEN-26JUL14-B97.5,0.139,0.055,0.0
2026-07-14,KDEN,19,KXHIGHDEN-26JUL14-B99.5,0.0235,0.005,0.0
2026-07-14,KDEN,19,KXHIGHDEN-26JUL14-T100,0.007,0.005,0.0
2026-07-14,KDEN,19,KXHIGHDEN-26JUL14-B93.5,0.297,0.495,0.0
2026-07-14,KDEN,19,KXHIGHDEN-26JUL14-T93,0.0375,0.045,0.0
2026-07-14,KDEN,19,KXHIGHDEN-26JUL14-B95.5,0.4815,0.405,1.0
2026-07-14,KDEN,19,KXHIGHDEN-26JUL14-B97.5,0.1535,0.025,0.0
2026-07-15,KDEN,15,KXHIGHDEN-26JUL15-B95.5,0.4275,0.215,0.0
2026-07-15,KDEN,15,KXHIGHDEN-26JUL15-T96,0.021,0.005,0.0
2026-07-15,KDEN,15,KXHIGHDEN-26JUL15-T89,0.0175,0.005,0.0
2026-07-15,KDEN,15,KXHIGHDEN-26JUL15-B93.5,0.4865,0.525,1.0
2026-07-15,KDEN,15,KXHIGHDEN-26JUL15-B89.5,0.0085,0.02,0.0
2026-07-15,KDEN,15,KXHIGHDEN-26JUL15-B91.5,0.039,0.235,0.0
2026-07-15,KDEN,17,KXHIGHDEN-26JUL15-B95.5,0.416,0.175,0.0
2026-07-15,KDEN,17,KXHIGHDEN-26JUL15-T96,0.0375,0.01,0.0
2026-07-15,KDEN,17,KXHIGHDEN-26JUL15-T89,0.0,0.005,0.0
2026-07-15,KDEN,17,KXHIGHDEN-26JUL15-B93.5,0.505,0.535,1.0
2026-07-15,KDEN,17,KXHIGHDEN-26JUL15-B89.5,0.001,0.015,0.0
2026-07-15,KDEN,17,KXHIGHDEN-26JUL15-B91.5,0.0405,0.305,0.0
2026-07-15,KDEN,19,KXHIGHDEN-26JUL15-B95.5,0.3905,0.19,0.0
2026-07-15,KDEN,19,KXHIGHDEN-26JUL15-T96,0.03,0.015,0.0
2026-07-15,KDEN,19,KXHIGHDEN-26JUL15-T89,0.0,0.005,0.0
2026-07-15,KDEN,19,KXHIGHDEN-26JUL15-B93.5,0.487,0.5349999999999999,1.0
2026-07-15,KDEN,19,KXHIGHDEN-26JUL15-B89.5,0.0155,0.03,0.0
2026-07-15,KDEN,19,KXHIGHDEN-26JUL15-B91.5,0.077,0.185,0.0
2026-07-16,KDEN,15,KXHIGHDEN-26JUL16-T89,0.0075,0.015,0.0
2026-07-16,KDEN,15,KXHIGHDEN-26JUL16-B93.5,0.667,0.495,1.0
2026-07-16,KDEN,15,KXHIGHDEN-26JUL16-T96,0.002,0.005,0.0
2026-07-16,KDEN,15,KXHIGHDEN-26JUL16-B89.5,0.006,0.045,0.0
2026-07-16,KDEN,15,KXHIGHDEN-26JUL16-B95.5,0.0275,0.060000000000000005,0.0
2026-07-16,KDEN,15,KXHIGHDEN-26JUL16-B91.5,0.29,0.445,0.0
2026-07-16,KDEN,17,KXHIGHDEN-26JUL16-T89,0.0075,0.015,0.0
2026-07-16,KDEN,17,KXHIGHDEN-26JUL16-B93.5,0.6635,0.405,1.0
2026-07-16,KDEN,17,KXHIGHDEN-26JUL16-T96,0.0045,0.005,0.0
2026-07-16,KDEN,17,KXHIGHDEN-26JUL16-B89.5,0.011,0.08,0.0
2026-07-16,KDEN,17,KXHIGHDEN-26JUL16-B95.5,0.026,0.045,0.0
2026-07-16,KDEN,17,KXHIGHDEN-26JUL16-B91.5,0.2875,0.485,0.0
2026-07-16,KDEN,19,KXHIGHDEN-26JUL16-T89,0.007,0.025,0.0
2026-07-16,KDEN,19,KXHIGHDEN-26JUL16-B93.5,0.6055,0.21000000000000002,1.0
2026-07-16,KDEN,19,KXHIGHDEN-26JUL16-T96,0.0015,0.005,0.0
2026-07-16,KDEN,19,KXHIGHDEN-26JUL16-B89.5,0.036,0.05,0.0
2026-07-16,KDEN,19,KXHIGHDEN-26JUL16-B95.5,0.027,0.035,0.0
2026-07-16,KDEN,19,KXHIGHDEN-26JUL16-B91.5,0.323,0.61,0.0
2026-07-17,KDEN,15,KXHIGHDEN-26JUL17-B94.5,0.2275,0.355,0.0
2026-07-17,KDEN,15,KXHIGHDEN-26JUL17-T97,0.0045,0.005,0.0
2026-07-17,KDEN,15,KXHIGHDEN-26JUL17-B96.5,0.003,0.045,0.0
2026-07-17,KDEN,15,KXHIGHDEN-26JUL17-T90,0.0035,0.015,0.0
2026-07-17,KDEN,15,KXHIGHDEN-26JUL17-B90.5,0.0315,0.11499999999999999,0.0
2026-07-17,KDEN,15,KXHIGHDEN-26JUL17-B92.5,0.73,0.485,1.0
2026-07-17,KDEN,17,KXHIGHDEN-26JUL17-B94.5,0.2305,0.33999999999999997,0.0
2026-07-17,KDEN,17,KXHIGHDEN-26JUL17-B96.5,0.0075,0.035,0.0
2026-07-17,KDEN,17,KXHIGHDEN-26JUL17-T90,0.001,0.015,0.0
2026-07-17,KDEN,17,KXHIGHDEN-26JUL17-B90.5,0.035,0.095,0.0
2026-07-17,KDEN,17,KXHIGHDEN-26JUL17-B92.5,0.7165,0.53,1.0
2026-07-17,KDEN,19,KXHIGHDEN-26JUL17-B94.5,0.24,0.32,0.0
2026-07-17,KDEN,19,KXHIGHDEN-26JUL17-B96.5,0.0145,0.025,0.0
2026-07-17,KDEN,19,KXHIGHDEN-26JUL17-T90,0.0,0.015,0.0
2026-07-17,KDEN,19,KXHIGHDEN-26JUL17-B90.5,0.049,0.13,0.0
2026-07-17,KDEN,19,KXHIGHDEN-26JUL17-B92.5,0.6935,0.545,1.0
2026-07-18,KDEN,15,KXHIGHDEN-26JUL18-B91.5,0.05,0.155,0.0
2026-07-18,KDEN,15,KXHIGHDEN-26JUL18-B93.5,0.601,0.585,1.0
2026-07-18,KDEN,15,KXHIGHDEN-26JUL18-B95.5,0.3185,0.27,0.0
2026-07-18,KDEN,15,KXHIGHDEN-26JUL18-T91,0.0205,0.015,0.0
2026-07-18,KDEN,15,KXHIGHDEN-26JUL18-B97.5,0.0085,0.015,0.0
2026-07-18,KDEN,15,KXHIGHDEN-26JUL18-T98,0.0015,0.005,0.0
2026-07-18,KDEN,17,KXHIGHDEN-26JUL18-B91.5,0.052,0.12,0.0
2026-07-18,KDEN,17,KXHIGHDEN-26JUL18-B93.5,0.59,0.655,1.0
2026-07-18,KDEN,17,KXHIGHDEN-26JUL18-B95.5,0.3185,0.20500000000000002,0.0
2026-07-18,KDEN,17,KXHIGHDEN-26JUL18-T91,0.0285,0.015,0.0
2026-07-18,KDEN,17,KXHIGHDEN-26JUL18-B97.5,0.01,0.015,0.0
2026-07-18,KDEN,17,KXHIGHDEN-26JUL18-T98,0.001,0.005,0.0
2026-07-18,KDEN,19,KXHIGHDEN-26JUL18-B91.5,0.085,0.07500000000000001,0.0
2026-07-18,KDEN,19,KXHIGHDEN-26JUL18-B93.5,0.5635,0.675,1.0
2026-07-18,KDEN,19,KXHIGHDEN-26JUL18-B95.5,0.3215,0.20500000000000002,0.0
2026-07-18,KDEN,19,KXHIGHDEN-26JUL18-T91,0.0085,0.015,0.0
2026-07-18,KDEN,19,KXHIGHDEN-26JUL18-B97.5,0.018,0.02,0.0
2026-07-18,KDEN,19,KXHIGHDEN-26JUL18-T98,0.0035,0.005,0.0
2026-07-19,KDEN,15,KXHIGHDEN-26JUL19-T100,0.0155,0.025,0.0
2026-07-19,KDEN,15,KXHIGHDEN-26JUL19-B93.5,0.005,0.03,0.0
2026-07-19,KDEN,15,KXHIGHDEN-26JUL19-B95.5,0.025,0.035,0.0
2026-07-19,KDEN,15,KXHIGHDEN-26JUL19-T93,0.0045,0.005,0.0
2026-07-19,KDEN,15,KXHIGHDEN-26JUL19-B99.5,0.4135,0.28500000000000003,0.0
2026-07-19,KDEN,15,KXHIGHDEN-26JUL19-B97.5,0.5365,0.62,1.0
2026-07-19,KDEN,17,KXHIGHDEN-26JUL19-T100,0.031,0.015,0.0
2026-07-19,KDEN,17,KXHIGHDEN-26JUL19-B93.5,0.0,0.02,0.0
2026-07-19,KDEN,17,KXHIGHDEN-26JUL19-B95.5,0.0225,0.045,0.0
2026-07-19,KDEN,17,KXHIGHDEN-26JUL19-T93,0.0,0.005,0.0
2026-07-19,KDEN,17,KXHIGHDEN-26JUL19-B99.5,0.4135,0.395,0.0
2026-07-19,KDEN,17,KXHIGHDEN-26JUL19-B97.5,0.533,0.56,1.0
2026-07-19,KDEN,19,KXHIGHDEN-26JUL19-T100,0.0275,0.015,0.0
2026-07-19,KDEN,19,KXHIGHDEN-26JUL19-B93.5,0.0,0.015,0.0
2026-07-19,KDEN,19,KXHIGHDEN-26JUL19-B95.5,0.05,0.03,0.0
2026-07-19,KDEN,19,KXHIGHDEN-26JUL19-T93,0.0,0.005,0.0
2026-07-19,KDEN,19,KXHIGHDEN-26JUL19-B99.5,0.398,0.385,0.0
2026-07-19,KDEN,19,KXHIGHDEN-26JUL19-B97.5,0.5245,0.56,1.0
2026-07-20,KDEN,15,KXHIGHDEN-26JUL20-B101.5,0.24,0.325,0.0
2026-07-20,KDEN,15,KXHIGHDEN-26JUL20-T102,0.0195,0.005,0.0
2026-07-20,KDEN,15,KXHIGHDEN-26JUL20-B99.5,0.698,0.635,1.0
2026-07-20,KDEN,15,KXHIGHDEN-26JUL20-T95,0.002,0.005,0.0
2026-07-20,KDEN,15,KXHIGHDEN-26JUL20-B95.5,0.0005,0.005,0.0
2026-07-20,KDEN,15,KXHIGHDEN-26JUL20-B97.5,0.04,0.07500000000000001,0.0
2026-07-20,KDEN,17,KXHIGHDEN-26JUL20-B101.5,0.227,0.295,0.0
2026-07-20,KDEN,17,KXHIGHDEN-26JUL20-T102,0.0235,0.005,0.0
2026-07-20,KDEN,17,KXHIGHDEN-26JUL20-B99.5,0.7095,0.675,1.0
2026-07-20,KDEN,17,KXHIGHDEN-26JUL20-T95,0.0,0.005,0.0
2026-07-20,KDEN,17,KXHIGHDEN-26JUL20-B95.5,0.0,0.005,0.0
2026-07-20,KDEN,17,KXHIGHDEN-26JUL20-B97.5,0.04,0.065,0.0
2026-07-20,KDEN,19,KXHIGHDEN-26JUL20-B101.5,0.241,0.265,0.0
2026-07-20,KDEN,19,KXHIGHDEN-26JUL20-T102,0.03,0.015,0.0
2026-07-20,KDEN,19,KXHIGHDEN-26JUL20-B99.5,0.6835,0.705,1.0
2026-07-20,KDEN,19,KXHIGHDEN-26JUL20-T95,0.0,0.005,0.0
2026-07-20,KDEN,19,KXHIGHDEN-26JUL20-B95.5,0.0,0.005,0.0
2026-07-20,KDEN,19,KXHIGHDEN-26JUL20-B97.5,0.0455,0.015,0.0
2026-07-21,KDEN,15,KXHIGHDEN-26JUL21-B91.5,0.006,0.07500000000000001,0.0
2026-07-21,KDEN,15,KXHIGHDEN-26JUL21-T89,0.004,0.005,0.0
2026-07-21,KDEN,15,KXHIGHDEN-26JUL21-T96,0.093,0.125,0.0
2026-07-21,KDEN,15,KXHIGHDEN-26JUL21-B89.5,0.0005,0.02,0.0
2026-07-21,KDEN,15,KXHIGHDEN-26JUL21-B93.5,0.1815,0.38,0.0
2026-07-21,KDEN,15,KXHIGHDEN-26JUL21-B95.5,0.715,0.46499999999999997,1.0
2026-07-21,KDEN,17,KXHIGHDEN-26JUL21-B91.5,0.0065,0.08499999999999999,0.0
2026-07-21,KDEN,17,KXHIGHDEN-26JUL21-T89,0.0235,0.005,0.0
2026-07-21,KDEN,17,KXHIGHDEN-26JUL21-T96,0.0655,0.055,0.0
2026-07-21,KDEN,17,KXHIGHDEN-26JUL21-B89.5,0.0135,0.015,0.0
2026-07-21,KDEN,17,KXHIGHDEN-26JUL21-B93.5,0.165,0.455,0.0
2026-07-21,KDEN,17,KXHIGHDEN-26JUL21-B95.5,0.726,0.445,1.0
2026-07-21,KDEN,19,KXHIGHDEN-26JUL21-B91.5,0.025,0.075,0.0
2026-07-21,KDEN,19,KXHIGHDEN-26JUL21-T89,0.0305,0.005,0.0
2026-07-21,KDEN,19,KXHIGHDEN-26JUL21-T96,0.06,0.025,0.0
2026-07-21,KDEN,19,KXHIGHDEN-26JUL21-B89.5,0.055,0.02,0.0
2026-07-21,KDEN,19,KXHIGHDEN-26JUL21-B93.5,0.171,0.38,0.0
2026-07-21,KDEN,19,KXHIGHDEN-26JUL21-B95.5,0.6585,0.495,1.0
2026-07-22,KDEN,15,KXHIGHDEN-26JUL22-T95,0.1165,0.565,0.0
2026-07-22,KDEN,15,KXHIGHDEN-26JUL22-B90.5,0.0045,0.015,0.0
2026-07-22,KDEN,15,KXHIGHDEN-26JUL22-B88.5,0.0015,0.015,0.0
2026-07-22,KDEN,15,KXHIGHDEN-26JUL22-T88,0.0015,0.005,0.0
2026-07-22,KDEN,15,KXHIGHDEN-26JUL22-B94.5,0.626,0.38,1.0
2026-07-22,KDEN,15,KXHIGHDEN-26JUL22-B92.5,0.25,0.065,0.0
2026-07-22,KDEN,17,KXHIGHDEN-26JUL22-T95,0.1075,0.65,0.0
2026-07-22,KDEN,17,KXHIGHDEN-26JUL22-B90.5,0.009,0.005,0.0
2026-07-22,KDEN,17,KXHIGHDEN-26JUL22-B88.5,0.0,0.015,0.0
2026-07-22,KDEN,17,KXHIGHDEN-26JUL22-T88,0.0,0.005,0.0
2026-07-22,KDEN,17,KXHIGHDEN-26JUL22-B94.5,0.6235,0.31,1.0
2026-07-22,KDEN,17,KXHIGHDEN-26JUL22-B92.5,0.26,0.025,0.0
2026-07-22,KDEN,19,KXHIGHDEN-26JUL22-T95,0.1375,0.475,0.0
2026-07-22,KDEN,19,KXHIGHDEN-26JUL22-B90.5,0.0,0.005,0.0
2026-07-22,KDEN,19,KXHIGHDEN-26JUL22-B88.5,0.0,0.005,0.0
2026-07-22,KDEN,19,KXHIGHDEN-26JUL22-T88,0.0,0.005,0.0
2026-07-22,KDEN,19,KXHIGHDEN-26JUL22-B94.5,0.6165,0.495,1.0
2026-07-22,KDEN,19,KXHIGHDEN-26JUL22-B92.5,0.246,0.025,0.0
2026-07-23,KDEN,15,KXHIGHDEN-26JUL23-B86.5,0.6155,0.305,0.0
2026-07-23,KDEN,15,KXHIGHDEN-26JUL23-B82.5,0.0035,0.015,0.0
2026-07-23,KDEN,15,KXHIGHDEN-26JUL23-B84.5,0.052,0.045,0.0
2026-07-23,KDEN,15,KXHIGHDEN-26JUL23-B88.5,0.287,0.37,1.0
2026-07-23,KDEN,15,KXHIGHDEN-26JUL23-T82,0.0,0.015,0.0
2026-07-23,KDEN,15,KXHIGHDEN-26JUL23-T89,0.042,0.195,0.0
2026-07-23,KDEN,17,KXHIGHDEN-26JUL23-B86.5,0.5825,0.46499999999999997,0.0
2026-07-23,KDEN,17,KXHIGHDEN-26JUL23-B82.5,0.001,0.025,0.0
2026-07-23,KDEN,17,KXHIGHDEN-26JUL23-B84.5,0.0785,0.055,0.0
2026-07-23,KDEN,17,KXHIGHDEN-26JUL23-B88.5,0.3,0.345,1.0
2026-07-23,KDEN,17,KXHIGHDEN-26JUL23-T82,0.0,0.015,0.0
2026-07-23,KDEN,17,KXHIGHDEN-26JUL23-T89,0.038,0.055,0.0
2026-07-23,KDEN,19,KXHIGHDEN-26JUL23-B86.5,0.578,0.6,0.0
2026-07-23,KDEN,19,KXHIGHDEN-26JUL23-B82.5,0.0,0.005,0.0
2026-07-23,KDEN,19,KXHIGHDEN-26JUL23-B84.5,0.0905,0.2,0.0
2026-07-23,KDEN,19,KXHIGHDEN-26JUL23-B88.5,0.31,0.16999999999999998,1.0
2026-07-23,KDEN,19,KXHIGHDEN-26JUL23-T82,0.0,0.005,0.0
2026-07-23,KDEN,19,KXHIGHDEN-26JUL23-T89,0.0215,0.025,0.0
2026-07-24,KDEN,15,KXHIGHDEN-26JUL24-B89.5,0.002,0.005,0.0
2026-07-24,KDEN,15,KXHIGHDEN-26JUL24-T96,0.4655,0.665,0.0
2026-07-24,KDEN,15,KXHIGHDEN-26JUL24-B95.5,0.502,0.32,1.0
2026-07-24,KDEN,15,KXHIGHDEN-26JUL24-B93.5,0.026,0.025,0.0
2026-07-24,KDEN,15,KXHIGHDEN-26JUL24-B91.5,0.003,0.015,0.0
2026-07-24,KDEN,15,KXHIGHDEN-26JUL24-T89,0.0015,0.005,0.0
2026-07-24,KDEN,17,KXHIGHDEN-26JUL24-B89.5,0.0,0.005,0.0
2026-07-24,KDEN,17,KXHIGHDEN-26JUL24-T96,0.452,0.695,0.0
2026-07-24,KDEN,17,KXHIGHDEN-26JUL24-B95.5,0.4965,0.305,1.0
2026-07-24,KDEN,17,KXHIGHDEN-26JUL24-B93.5,0.0465,0.015,0.0
2026-07-24,KDEN,17,KXHIGHDEN-26JUL24-B91.5,0.005,0.005,0.0
2026-07-24,KDEN,17,KXHIGHDEN-26JUL24-T89,0.0,0.005,0.0
2026-07-24,KDEN,19,KXHIGHDEN-26JUL24-B89.5,0.0,0.005,0.0
2026-07-24,KDEN,19,KXHIGHDEN-26JUL24-T96,0.4575,0.665,0.0
2026-07-24,KDEN,19,KXHIGHDEN-26JUL24-B95.5,0.4945,0.325,1.0
2026-07-24,KDEN,19,KXHIGHDEN-26JUL24-B93.5,0.048,0.015,0.0
2026-07-24,KDEN,19,KXHIGHDEN-26JUL24-B91.5,0.0,0.005,0.0
2026-07-24,KDEN,19,KXHIGHDEN-26JUL24-T89,0.0,0.005,0.0
2026-07-25,KDEN,15,KXHIGHDEN-26JUL25-B100.5,0.7655,0.485,1.0
2026-07-25,KDEN,15,KXHIGHDEN-26JUL25-B96.5,0.0035,0.025,0.0
2026-07-25,KDEN,15,KXHIGHDEN-26JUL25-B94.5,0.0,0.015,0.0
2026-07-25,KDEN,15,KXHIGHDEN-26JUL25-B98.5,0.12,0.345,0.0
2026-07-25,KDEN,15,KXHIGHDEN-26JUL25-T101,0.1085,0.14500000000000002,0.0
2026-07-25,KDEN,17,KXHIGHDEN-26JUL25-B100.5,0.766,0.66,1.0
2026-07-25,KDEN,17,KXHIGHDEN-26JUL25-T94,0.0,0.005,0.0
2026-07-25,KDEN,17,KXHIGHDEN-26JUL25-B96.5,0.003,0.03,0.0
2026-07-25,KDEN,17,KXHIGHDEN-26JUL25-B94.5,0.0,0.025,0.0
2026-07-25,KDEN,17,KXHIGHDEN-26JUL25-B98.5,0.1285,0.16999999999999998,0.0
2026-07-25,KDEN,17,KXHIGHDEN-26JUL25-T101,0.1025,0.185,0.0
2026-07-25,KDEN,19,KXHIGHDEN-26JUL25-B100.5,0.7515,0.585,1.0
2026-07-25,KDEN,19,KXHIGHDEN-26JUL25-T94,0.0,0.005,0.0
2026-07-25,KDEN,19,KXHIGHDEN-26JUL25-B96.5,0.0,0.005,0.0
2026-07-25,KDEN,19,KXHIGHDEN-26JUL25-B94.5,0.0,0.005,0.0
2026-07-25,KDEN,19,KXHIGHDEN-26JUL25-B98.5,0.1075,0.245,0.0
2026-07-25,KDEN,19,KXHIGHDEN-26JUL25-T101,0.141,0.2,0.0
2026-07-26,KDEN,15,KXHIGHDEN-26JUL26-B96.5,0.0,0.015,0.0
2026-07-26,KDEN,15,KXHIGHDEN-26JUL26-B98.5,0.0125,0.025,0.0
2026-07-26,KDEN,15,KXHIGHDEN-26JUL26-T103,0.0315,0.07500000000000001,0.0
2026-07-26,KDEN,15,KXHIGHDEN-26JUL26-B102.5,0.6065,0.54,1.0
2026-07-26,KDEN,15,KXHIGHDEN-26JUL26-T96,0.0025,0.005,0.0
2026-07-26,KDEN,15,KXHIGHDEN-26JUL26-B100.5,0.347,0.395,0.0
2026-07-26,KDEN,17,KXHIGHDEN-26JUL26-B96.5,0.0,0.005,0.0
2026-07-26,KDEN,17,KXHIGHDEN-26JUL26-B98.5,0.0085,0.025,0.0
2026-07-26,KDEN,17,KXHIGHDEN-26JUL26-T103,0.0365,0.08499999999999999,0.0
2026-07-26,KDEN,17,KXHIGHDEN-26JUL26-B102.5,0.6155,0.545,1.0
2026-07-26,KDEN,17,KXHIGHDEN-26JUL26-T96,0.0,0.005,0.0
2026-07-26,KDEN,17,KXHIGHDEN-26JUL26-B100.5,0.3395,0.365,0.0
2026-07-26,KDEN,19,KXHIGHDEN-26JUL26-B96.5,0.0,0.005,0.0
2026-07-26,KDEN,19,KXHIGHDEN-26JUL26-B98.5,0.0,0.01,0.0
2026-07-26,KDEN,19,KXHIGHDEN-26JUL26-T103,0.0615,0.08499999999999999,0.0
2026-07-26,KDEN,19,KXHIGHDEN-26JUL26-B102.5,0.6645,0.685,1.0
2026-07-26,KDEN,19,KXHIGHDEN-26JUL26-T96,0.0,0.005,0.0
2026-07-26,KDEN,19,KXHIGHDEN-26JUL26-B100.5,0.274,0.20500000000000002,0.0
2026-07-27,KDEN,15,KXHIGHDEN-26JUL27-B95.5,0.02,0.36,0.0
2026-07-27,KDEN,15,KXHIGHDEN-26JUL27-B93.5,0.0435,0.415,1.0
2026-07-27,KDEN,15,KXHIGHDEN-26JUL27-T93,0.9045,0.195,0.0
2026-07-27,KDEN,15,KXHIGHDEN-26JUL27-B99.5,0.0075,0.015,0.0
2026-07-27,KDEN,15,KXHIGHDEN-26JUL27-T100,0.0095,0.015,0.0
2026-07-27,KDEN,15,KXHIGHDEN-26JUL27-B97.5,0.015,0.060000000000000005,0.0
2026-07-27,KDEN,17,KXHIGHDEN-26JUL27-B95.5,0.0135,0.14500000000000002,0.0
2026-07-27,KDEN,17,KXHIGHDEN-26JUL27-B93.5,0.053,0.495,1.0
2026-07-27,KDEN,17,KXHIGHDEN-26JUL27-T93,0.916,0.355,0.0
2026-07-27,KDEN,17,KXHIGHDEN-26JUL27-B99.5,0.004,0.005,0.0
2026-07-27,KDEN,17,KXHIGHDEN-26JUL27-T100,0.0,0.005,0.0
2026-07-27,KDEN,17,KXHIGHDEN-26JUL27-B97.5,0.0135,0.025,0.0
2026-07-27,KDEN,19,KXHIGHDEN-26JUL27-B95.5,0.013,0.045,0.0
2026-07-27,KDEN,19,KXHIGHDEN-26JUL27-B93.5,0.0605,0.28500000000000003,1.0
2026-07-27,KDEN,19,KXHIGHDEN-26JUL27-T93,0.9225,0.6799999999999999,0.0
2026-07-27,KDEN,19,KXHIGHDEN-26JUL27-B99.5,0.0,0.005,0.0
2026-07-27,KDEN,19,KXHIGHDEN-26JUL27-T100,0.0,0.005,0.0
2026-07-27,KDEN,19,KXHIGHDEN-26JUL27-B97.5,0.004,0.015,0.0
2026-07-28,KDEN,15,KXHIGHDEN-26JUL28-B86.5,0.0,0.015,0.0
2026-07-28,KDEN,15,KXHIGHDEN-26JUL28-T86,0.0,0.005,0.0
2026-07-28,KDEN,15,KXHIGHDEN-26JUL28-B92.5,0.459,0.55,1.0
2026-07-28,KDEN,15,KXHIGHDEN-26JUL28-T93,0.4075,0.275,0.0
2026-07-28,KDEN,15,KXHIGHDEN-26JUL28-B90.5,0.1255,0.12,0.0
2026-07-28,KDEN,15,KXHIGHDEN-26JUL28-B88.5,0.008,0.035,0.0
2026-07-28,KDEN,17,KXHIGHDEN-26JUL28-B86.5,0.0,0.005,0.0
2026-07-28,KDEN,17,KXHIGHDEN-26JUL28-T86,0.0,0.005,0.0
2026-07-28,KDEN,17,KXHIGHDEN-26JUL28-B92.5,0.4525,0.505,1.0
2026-07-28,KDEN,17,KXHIGHDEN-26JUL28-T93,0.3875,0.435,0.0
2026-07-28,KDEN,17,KXHIGHDEN-26JUL28-B90.5,0.1525,0.065,0.0
2026-07-28,KDEN,17,KXHIGHDEN-26JUL28-B88.5,0.0075,0.025,0.0
2026-07-28,KDEN,19,KXHIGHDEN-26JUL28-B86.5,0.0,0.005,0.0
2026-07-28,KDEN,19,KXHIGHDEN-26JUL28-T86,0.0,0.005,0.0
2026-07-28,KDEN,19,KXHIGHDEN-26JUL28-B92.5,0.509,0.545,1.0
2026-07-28,KDEN,19,KXHIGHDEN-26JUL28-T93,0.491,0.44,0.0
2026-07-28,KDEN,19,KXHIGHDEN-26JUL28-B90.5,0.0,0.005,0.0
2026-07-28,KDEN,19,KXHIGHDEN-26JUL28-B88.5,0.0,0.005,0.0
2026-07-29,KDEN,15,KXHIGHDEN-26JUL29-B90.5,0.467,0.135,1.0
2026-07-29,KDEN,15,KXHIGHDEN-26JUL29-T86,0.0,0.005,0.0
2026-07-29,KDEN,15,KXHIGHDEN-26JUL29-B92.5,0.2685,0.485,0.0
2026-07-29,KDEN,15,KXHIGHDEN-26JUL29-B88.5,0.131,0.03,0.0
2026-07-29,KDEN,15,KXHIGHDEN-26JUL29-B86.5,0.003,0.015,0.0
2026-07-29,KDEN,15,KXHIGHDEN-26JUL29-T93,0.1305,0.395,0.0
2026-07-29,KDEN,17,KXHIGHDEN-26JUL29-B90.5,0.472,0.365,1.0
2026-07-29,KDEN,17,KXHIGHDEN-26JUL29-T86,0.0,0.005,0.0
2026-07-29,KDEN,17,KXHIGHDEN-26JUL29-B92.5,0.2955,0.425,0.0
2026-07-29,KDEN,17,KXHIGHDEN-26JUL29-B88.5,0.127,0.025,0.0
2026-07-29,KDEN,17,KXHIGHDEN-26JUL29-B86.5,0.004,0.015,0.0
2026-07-29,KDEN,17,KXHIGHDEN-26JUL29-T93,0.1015,0.20500000000000002,0.0
2026-07-29,KDEN,19,KXHIGHDEN-26JUL29-B90.5,0.5515,0.22499999999999998,1.0
2026-07-29,KDEN,19,KXHIGHDEN-26JUL29-T86,0.0,0.005,0.0
2026-07-29,KDEN,19,KXHIGHDEN-26JUL29-B92.5,0.346,0.615,0.0
2026-07-29,KDEN,19,KXHIGHDEN-26JUL29-B88.5,0.0,0.015,0.0
2026-07-29,KDEN,19,KXHIGHDEN-26JUL29-B86.5,0.0,0.005,0.0
2026-07-29,KDEN,19,KXHIGHDEN-26JUL29-T93,0.1025,0.175,0.0
2026-07-30,KDEN,15,KXHIGHDEN-26JUL30-B95.5,0.3795,0.195,1.0
2026-07-30,KDEN,15,KXHIGHDEN-26JUL30-B89.5,0.002,0.055,0.0
2026-07-30,KDEN,15,KXHIGHDEN-26JUL30-T89,0.0,0.015,0.0
2026-07-30,KDEN,15,KXHIGHDEN-26JUL30-B93.5,0.571,0.42,0.0
2026-07-30,KDEN,15,KXHIGHDEN-26JUL30-B91.5,0.013,0.365,0.0
2026-07-30,KDEN,15,KXHIGHDEN-26JUL30-T96,0.0345,0.015,0.0
2026-07-30,KDEN,17,KXHIGHDEN-26JUL30-B95.5,0.376,0.35,1.0
2026-07-30,KDEN,17,KXHIGHDEN-26JUL30-B89.5,0.0,0.015,0.0
2026-07-30,KDEN,17,KXHIGHDEN-26JUL30-T89,0.0,0.005,0.0
2026-07-30,KDEN,17,KXHIGHDEN-26JUL30-B93.5,0.571,0.495,0.0
2026-07-30,KDEN,17,KXHIGHDEN-26JUL30-B91.5,0.0135,0.18,0.0
2026-07-30,KDEN,17,KXHIGHDEN-26JUL30-T96,0.0395,0.015,0.0
2026-07-30,KDEN,19,KXHIGHDEN-26JUL30-B95.5,0.363,0.395,1.0
2026-07-30,KDEN,19,KXHIGHDEN-26JUL30-B89.5,0.0,0.005,0.0
2026-07-30,KDEN,19,KXHIGHDEN-26JUL30-T89,0.0,0.005,0.0
2026-07-30,KDEN,19,KXHIGHDEN-26JUL30-B93.5,0.5875,0.55,0.0
2026-07-30,KDEN,19,KXHIGHDEN-26JUL30-B91.5,0.034,0.055,0.0
2026-07-30,KDEN,19,KXHIGHDEN-26JUL30-T96,0.0155,0.015,0.0
2026-07-31,KDEN,15,KXHIGHDEN-26JUL31-T92,0.0285,0.065,0.0
2026-07-31,KDEN,15,KXHIGHDEN-26JUL31-B91.5,0.142,0.46499999999999997,0.0
2026-07-31,KDEN,15,KXHIGHDEN-26JUL31-T85,0.0025,0.005,0.0
2026-07-31,KDEN,15,KXHIGHDEN-26JUL31-B87.5,0.173,0.065,0.0
2026-07-31,KDEN,15,KXHIGHDEN-26JUL31-B85.5,0.004,0.025,0.0
2026-07-31,KDEN,15,KXHIGHDEN-26JUL31-B89.5,0.65,0.395,1.0
2026-07-31,KDEN,17,KXHIGHDEN-26JUL31-T92,0.0225,0.045,0.0
2026-07-31,KDEN,17,KXHIGHDEN-26JUL31-B91.5,0.14,0.385,0.0
2026-07-31,KDEN,17,KXHIGHDEN-26JUL31-T85,0.0,0.005,0.0
2026-07-31,KDEN,17,KXHIGHDEN-26JUL31-B87.5,0.1675,0.065,0.0
2026-07-31,KDEN,17,KXHIGHDEN-26JUL31-B85.5,0.0055,0.015,0.0
2026-07-31,KDEN,17,KXHIGHDEN-26JUL31-B89.5,0.6645,0.495,1.0
2026-07-31,KDEN,19,KXHIGHDEN-26JUL31-T92,0.0335,0.05,0.0
2026-07-31,KDEN,19,KXHIGHDEN-26JUL31-B91.5,0.175,0.37,0.0
2026-07-31,KDEN,19,KXHIGHDEN-26JUL31-T85,0.0,0.005,0.0
2026-07-31,KDEN,19,KXHIGHDEN-26JUL31-B87.5,0.1415,0.055,0.0
2026-07-31,KDEN,19,KXHIGHDEN-26JUL31-B85.5,0.0,0.005,0.0
2026-07-31,KDEN,19,KXHIGHDEN-26JUL31-B89.5,0.65,0.535,1.0
2026-08-01,KDEN,15,KXHIGHDEN-26AUG01-T95,0.0185,0.055,0.0
2026-08-01,KDEN,15,KXHIGHDEN-26AUG01-B88.5,0.014,0.015,0.0
2026-08-01,KDEN,15,KXHIGHDEN-26AUG01-B94.5,0.373,0.445,1.0
2026-08-01,KDEN,15,KXHIGHDEN-26AUG01-B90.5,0.0635,0.055,0.0
2026-08-01,KDEN,15,KXHIGHDEN-26AUG01-T88,0.005,0.005,0.0
2026-08-01,KDEN,15,KXHIGHDEN-26AUG01-B92.5,0.526,0.405,0.0
2026-08-01,KDEN,17,KXHIGHDEN-26AUG01-T95,0.043,0.015,0.0
2026-08-01,KDEN,17,KXHIGHDEN-26AUG01-B88.5,0.0065,0.015,0.0
2026-08-01,KDEN,17,KXHIGHDEN-26AUG01-B94.5,0.355,0.46499999999999997,1.0
2026-08-01,KDEN,17,KXHIGHDEN-26AUG01-B90.5,0.081,0.045,0.0
2026-08-01,KDEN,17,KXHIGHDEN-26AUG01-T88,0.0,0.005,0.0
2026-08-01,KDEN,17,KXHIGHDEN-26AUG01-B92.5,0.5145,0.46499999999999997,0.0
2026-08-01,KDEN,19,KXHIGHDEN-26AUG01-T95,0.023,0.03,0.0
2026-08-01,KDEN,19,KXHIGHDEN-26AUG01-B88.5,0.003,0.005,0.0
2026-08-01,KDEN,19,KXHIGHDEN-26AUG01-B94.5,0.3305,0.385,1.0
2026-08-01,KDEN,19,KXHIGHDEN-26AUG01-B90.5,0.092,0.015,0.0
2026-08-01,KDEN,19,KXHIGHDEN-26AUG01-T88,0.0,0.005,0.0
2026-08-01,KDEN,19,KXHIGHDEN-26AUG01-B92.5,0.5515,0.515,0.0
2026-08-02,KDEN,15,KXHIGHDEN-26AUG02-T103,0.022,0.025,0.0
2026-08-02,KDEN,15,KXHIGHDEN-26AUG02-T96,0.001,0.005,0.0
2026-08-02,KDEN,15,KXHIGHDEN-26AUG02-B100.5,0.5935,0.505,0.0
2026-08-02,KDEN,15,KXHIGHDEN-26AUG02-B98.5,0.0285,0.065,0.0
2026-08-02,KDEN,15,KXHIGHDEN-26AUG02-B96.5,0.0015,0.015,0.0
2026-08-02,KDEN,15,KXHIGHDEN-26AUG02-B102.5,0.3535,0.425,1.0
2026-08-02,KDEN,17,KXHIGHDEN-26AUG02-T103,0.0335,0.035,0.0
2026-08-02,KDEN,17,KXHIGHDEN-26AUG02-T96,0.0,0.005,0.0
2026-08-02,KDEN,17,KXHIGHDEN-26AUG02-B100.5,0.6005,0.515,0.0
2026-08-02,KDEN,17,KXHIGHDEN-26AUG02-B98.5,0.021,0.025,0.0
2026-08-02,KDEN,17,KXHIGHDEN-26AUG02-B96.5,0.0,0.015,0.0
2026-08-02,KDEN,17,KXHIGHDEN-26AUG02-B102.5,0.345,0.445,1.0
2026-08-02,KDEN,19,KXHIGHDEN-26AUG02-T103,0.0415,0.10500000000000001,0.0
2026-08-02,KDEN,19,KXHIGHDEN-26AUG02-T96,0.0,0.005,0.0
2026-08-02,KDEN,19,KXHIGHDEN-26AUG02-B100.5,0.567,0.445,0.0
2026-08-02,KDEN,19,KXHIGHDEN-26AUG02-B98.5,0.0,0.03,0.0
2026-08-02,KDEN,19,KXHIGHDEN-26AUG02-B96.5,0.0,0.005,0.0
2026-08-02,KDEN,19,KXHIGHDEN-26AUG02-B102.5,0.3915,0.43,1.0
2026-08-03,KDEN,15,KXHIGHDEN-26AUG03-T95,0.006,0.005,0.0
2026-08-03,KDEN,15,KXHIGHDEN-26AUG03-B97.5,0.0395,0.065,0.0
2026-08-03,KDEN,15,KXHIGHDEN-26AUG03-B99.5,0.3265,0.425,0.0
2026-08-03,KDEN,15,KXHIGHDEN-26AUG03-T102,0.1105,0.045,0.0
2026-08-03,KDEN,15,KXHIGHDEN-26AUG03-B95.5,0.005,0.015,0.0
2026-08-03,KDEN,15,KXHIGHDEN-26AUG03-B101.5,0.5125,0.46499999999999997,1.0
2026-08-03,KDEN,17,KXHIGHDEN-26AUG03-T95,0.0,0.005,0.0
2026-08-03,KDEN,17,KXHIGHDEN-26AUG03-B97.5,0.0255,0.07500000000000001,0.0
2026-08-03,KDEN,17,KXHIGHDEN-26AUG03-B99.5,0.331,0.485,0.0
2026-08-03,KDEN,17,KXHIGHDEN-26AUG03-T102,0.1285,0.025,0.0
2026-08-03,KDEN,17,KXHIGHDEN-26AUG03-B95.5,0.0,0.025,0.0
2026-08-03,KDEN,17,KXHIGHDEN-26AUG03-B101.5,0.515,0.405,1.0
2026-08-03,KDEN,19,KXHIGHDEN-26AUG03-T95,0.0,0.005,0.0
2026-08-03,KDEN,19,KXHIGHDEN-26AUG03-B97.5,0.0095,0.005,0.0
2026-08-03,KDEN,19,KXHIGHDEN-26AUG03-B99.5,0.2965,0.5700000000000001,0.0
2026-08-03,KDEN,19,KXHIGHDEN-26AUG03-T102,0.173,0.065,0.0
2026-08-03,KDEN,19,KXHIGHDEN-26AUG03-B95.5,0.0,0.005,0.0
2026-08-03,KDEN,19,KXHIGHDEN-26AUG03-B101.5,0.521,0.345,1.0
2026-08-04,KDEN,15,KXHIGHDEN-26AUG04-T82,0.001,0.005,0.0
2026-08-04,KDEN,15,KXHIGHDEN-26AUG04-B77.5,0.0565,0.345,0.0
2026-08-04,KDEN,15,KXHIGHDEN-26AUG04-B75.5,0.5935,0.355,0.0
2026-08-04,KDEN,15,KXHIGHDEN-26AUG04-B79.5,0.004,0.14,0.0
2026-08-04,KDEN,15,KXHIGHDEN-26AUG04-B81.5,0.001,0.025,0.0
2026-08-04,KDEN,15,KXHIGHDEN-26AUG04-T75,0.344,0.175,1.0
2026-08-04,KDEN,17,KXHIGHDEN-26AUG04-T82,0.0,0.005,0.0
2026-08-04,KDEN,17,KXHIGHDEN-26AUG04-B77.5,0.028,0.42,0.0
2026-08-04,KDEN,17,KXHIGHDEN-26AUG04-B75.5,0.5705,0.305,0.0
2026-08-04,KDEN,17,KXHIGHDEN-26AUG04-B79.5,0.002,0.11499999999999999,0.0
2026-08-04,KDEN,17,KXHIGHDEN-26AUG04-B81.5,0.0,0.025,0.0
2026-08-04,KDEN,17,KXHIGHDEN-26AUG04-T75,0.3995,0.14500000000000002,1.0
2026-08-04,KDEN,19,KXHIGHDEN-26AUG04-T82,0.0,0.005,0.0
2026-08-04,KDEN,19,KXHIGHDEN-26AUG04-B77.5,0.024,0.07500000000000001,0.0
2026-08-04,KDEN,19,KXHIGHDEN-26AUG04-B75.5,0.527,0.32,0.0
2026-08-04,KDEN,19,KXHIGHDEN-26AUG04-B79.5,0.0055,0.03,0.0
2026-08-04,KDEN,19,KXHIGHDEN-26AUG04-B81.5,0.0,0.015,0.0
2026-08-04,KDEN,19,KXHIGHDEN-26AUG04-T75,0.4435,0.585,1.0
2026-08-05,KDEN,15,KXHIGHDEN-26AUG05-B89.5,0.0,0.025,0.0
2026-08-05,KDEN,15,KXHIGHDEN-26AUG05-T90,0.0,0.015,0.0
2026-08-05,KDEN,15,KXHIGHDEN-26AUG05-B87.5,0.0015,0.165,0.0
2026-08-05,KDEN,15,KXHIGHDEN-26AUG05-T83,0.0885,0.14500000000000002,0.0
2026-08-05,KDEN,15,KXHIGHDEN-26AUG05-B83.5,0.6375,0.335,1.0
2026-08-05,KDEN,15,KXHIGHDEN-26AUG05-B85.5,0.2725,0.365,0.0
2026-08-05,KDEN,17,KXHIGHDEN-26AUG05-B89.5,0.0,0.015,0.0
2026-08-05,KDEN,17,KXHIGHDEN-26AUG05-T90,0.0,0.005,0.0
2026-08-05,KDEN,17,KXHIGHDEN-26AUG05-B87.5,0.0015,0.035,0.0
2026-08-05,KDEN,17,KXHIGHDEN-26AUG05-T83,0.1025,0.295,0.0
2026-08-05,KDEN,17,KXHIGHDEN-26AUG05-B83.5,0.635,0.46499999999999997,1.0
2026-08-05,KDEN,17,KXHIGHDEN-26AUG05-B85.5,0.261,0.20500000000000002,0.0
2026-08-05,KDEN,19,KXHIGHDEN-26AUG05-B89.5,0.0,0.005,0.0
2026-08-05,KDEN,19,KXHIGHDEN-26AUG05-T90,0.0,0.01,0.0
2026-08-05,KDEN,19,KXHIGHDEN-26AUG05-B87.5,0.0035,0.035,0.0
2026-08-05,KDEN,19,KXHIGHDEN-26AUG05-T83,0.1045,0.425,0.0
2026-08-05,KDEN,19,KXHIGHDEN-26AUG05-B83.5,0.6495,0.385,1.0
2026-08-05,KDEN,19,KXHIGHDEN-26AUG05-B85.5,0.2425,0.08499999999999999,0.0
2026-08-06,KDEN,15,KXHIGHDEN-26AUG06-T92,0.0285,0.015,0.0
2026-08-06,KDEN,15,KXHIGHDEN-26AUG06-B94.5,0.0885,0.32999999999999996,0.0
2026-08-06,KDEN,15,KXHIGHDEN-26AUG06-B98.5,0.113,0.095,0.0
2026-08-06,KDEN,15,KXHIGHDEN-26AUG06-T99,0.002,0.015,0.0
2026-08-06,KDEN,15,KXHIGHDEN-26AUG06-B92.5,0.006,0.035,0.0
2026-08-06,KDEN,15,KXHIGHDEN-26AUG06-B96.5,0.762,0.545,1.0
2026-08-06,KDEN,17,KXHIGHDEN-26AUG06-T92,0.0015,0.005,0.0
2026-08-06,KDEN,17,KXHIGHDEN-26AUG06-B94.5,0.087,0.325,0.0
2026-08-06,KDEN,17,KXHIGHDEN-26AUG06-B98.5,0.118,0.11,0.0
2026-08-06,KDEN,17,KXHIGHDEN-26AUG06-T99,0.008,0.015,0.0
2026-08-06,KDEN,17,KXHIGHDEN-26AUG06-B92.5,0.0095,0.025,0.0
2026-08-06,KDEN,17,KXHIGHDEN-26AUG06-B96.5,0.776,0.565,1.0
2026-08-06,KDEN,19,KXHIGHDEN-26AUG06-T92,0.0,0.005,0.0
2026-08-06,KDEN,19,KXHIGHDEN-26AUG06-B94.5,0.0975,0.27,0.0
2026-08-06,KDEN,19,KXHIGHDEN-26AUG06-B98.5,0.115,0.07500000000000001,0.0
2026-08-06,KDEN,19,KXHIGHDEN-26AUG06-T99,0.0085,0.045,0.0
2026-08-06,KDEN,19,KXHIGHDEN-26AUG06-B92.5,0.003,0.025,0.0
2026-08-06,KDEN,19,KXHIGHDEN-26AUG06-B96.5,0.776,0.595,1.0
2026-08-07,KDEN,15,KXHIGHDEN-26AUG07-B99.5,0.0005,0.045,0.0
2026-08-07,KDEN,15,KXHIGHDEN-26AUG07-T93,0.0385,0.015,0.0
2026-08-07,KDEN,15,KXHIGHDEN-26AUG07-B93.5,0.0875,0.060000000000000005,0.0
2026-08-07,KDEN,15,KXHIGHDEN-26AUG07-B97.5,0.169,0.44,0.0
2026-08-07,KDEN,15,KXHIGHDEN-26AUG07-T100,0.001,0.005,0.0
2026-08-07,KDEN,15,KXHIGHDEN-26AUG07-B95.5,0.7035,0.455,1.0
2026-08-07,KDEN,17,KXHIGHDEN-26AUG07-B99.5,0.0025,0.015,0.0
2026-08-07,KDEN,17,KXHIGHDEN-26AUG07-T93,0.042,0.015,0.0
2026-08-07,KDEN,17,KXHIGHDEN-26AUG07-B93.5,0.079,0.08,0.0
2026-08-07,KDEN,17,KXHIGHDEN-26AUG07-B97.5,0.158,0.405,0.0
2026-08-07,KDEN,17,KXHIGHDEN-26AUG07-T100,0.001,0.005,0.0
2026-08-07,KDEN,17,KXHIGHDEN-26AUG07-B95.5,0.7175,0.485,1.0
2026-08-07,KDEN,19,KXHIGHDEN-26AUG07-B99.5,0.0025,0.025,0.0
2026-08-07,KDEN,19,KXHIGHDEN-26AUG07-T93,0.031,0.015,0.0
2026-08-07,KDEN,19,KXHIGHDEN-26AUG07-B93.5,0.1165,0.08499999999999999,0.0
2026-08-07,KDEN,19,KXHIGHDEN-26AUG07-B97.5,0.1325,0.385,0.0
2026-08-07,KDEN,19,KXHIGHDEN-26AUG07-T100,0.0,0.005,0.0
2026-08-07,KDEN,19,KXHIGHDEN-26AUG07-B95.5,0.7175,0.475,1.0
2026-08-08,KDEN,15,KXHIGHDEN-26AUG08-B100.5,0.4645,0.495,1.0
2026-08-08,KDEN,15,KXHIGHDEN-26AUG08-T96,0.002,0.015,0.0
2026-08-08,KDEN,15,KXHIGHDEN-26AUG08-B96.5,0.009,0.015,0.0
2026-08-08,KDEN,15,KXHIGHDEN-26AUG08-B98.5,0.492,0.405,0.0
2026-08-08,KDEN,15,KXHIGHDEN-26AUG08-T103,0.013,0.005,0.0
2026-08-08,KDEN,15,KXHIGHDEN-26AUG08-B102.5,0.0195,0.125,0.0
2026-08-08,KDEN,17,KXHIGHDEN-26AUG08-B100.5,0.4845,0.455,1.0
2026-08-08,KDEN,17,KXHIGHDEN-26AUG08-T96,0.0,0.005,0.0
2026-08-08,KDEN,17,KXHIGHDEN-26AUG08-B96.5,0.0065,0.025,0.0
2026-08-08,KDEN,17,KXHIGHDEN-26AUG08-B98.5,0.4665,0.505,0.0
2026-08-08,KDEN,17,KXHIGHDEN-26AUG08-T103,0.0195,0.005,0.0
2026-08-08,KDEN,17,KXHIGHDEN-26AUG08-B102.5,0.023,0.035,0.0
2026-08-08,KDEN,19,KXHIGHDEN-26AUG08-B100.5,0.4825,0.455,1.0
2026-08-08,KDEN,19,KXHIGHDEN-26AUG08-T96,0.0,0.005,0.0
2026-08-08,KDEN,19,KXHIGHDEN-26AUG08-B96.5,0.0,0.03,0.0
2026-08-08,KDEN,19,KXHIGHDEN-26AUG08-B98.5,0.4625,0.475,0.0
2026-08-08,KDEN,19,KXHIGHDEN-26AUG08-T103,0.0125,0.005,0.0
2026-08-08,KDEN,19,KXHIGHDEN-26AUG08-B102.5,0.0425,0.08499999999999999,0.0
2026-08-09,KDEN,15,KXHIGHDEN-26AUG09-B94.5,0.0115,0.035,0.0
2026-08-09,KDEN,15,KXHIGHDEN-26AUG09-B96.5,0.583,0.315,1.0
2026-08-09,KDEN,15,KXHIGHDEN-26AUG09-T101,0.024,0.005,0.0
2026-08-09,KDEN,15,KXHIGHDEN-26AUG09-T94,0.0005,0.005,0.0
2026-08-09,KDEN,15,KXHIGHDEN-26AUG09-B98.5,0.3655,0.565,0.0
2026-08-09,KDEN,15,KXHIGHDEN-26AUG09-B100.5,0.0155,0.095,0.0
2026-08-09,KDEN,17,KXHIGHDEN-26AUG09-B94.5,0.0,0.035,0.0
2026-08-09,KDEN,17,KXHIGHDEN-26AUG09-B96.5,0.559,0.31,1.0
2026-08-09,KDEN,17,KXHIGHDEN-26AUG09-T101,0.0525,0.005,0.0
2026-08-09,KDEN,17,KXHIGHDEN-26AUG09-T94,0.0,0.005,0.0
2026-08-09,KDEN,17,KXHIGHDEN-26AUG09-B98.5,0.375,0.565,0.0
2026-08-09,KDEN,17,KXHIGHDEN-26AUG09-B100.5,0.0135,0.095,0.0
2026-08-09,KDEN,19,KXHIGHDEN-26AUG09-B94.5,0.0,0.005,0.0
2026-08-09,KDEN,19,KXHIGHDEN-26AUG09-B96.5,0.533,0.335,1.0
2026-08-09,KDEN,19,KXHIGHDEN-26AUG09-T101,0.009,0.005,0.0
2026-08-09,KDEN,19,KXHIGHDEN-26AUG09-T94,0.0,0.005,0.0
2026-08-09,KDEN,19,KXHIGHDEN-26AUG09-B98.5,0.417,0.575,0.0
2026-08-09,KDEN,19,KXHIGHDEN-26AUG09-B100.5,0.041,0.1,0.0
2026-08-10,KDEN,15,KXHIGHDEN-26AUG10-B98.5,0.01,0.045,0.0
2026-08-10,KDEN,15,KXHIGHDEN-26AUG10-B96.5,0.0575,0.455,0.0
2026-08-10,KDEN,15,KXHIGHDEN-26AUG10-T92,0.0015,0.005,0.0
2026-08-10,KDEN,15,KXHIGHDEN-26AUG10-B92.5,0.1815,0.07500000000000001,0.0
2026-08-10,KDEN,15,KXHIGHDEN-26AUG10-T99,0.0175,0.015,0.0
2026-08-10,KDEN,15,KXHIGHDEN-26AUG10-B94.5,0.732,0.395,1.0
2026-08-10,KDEN,17,KXHIGHDEN-26AUG10-B98.5,0.0115,0.045,0.0
2026-08-10,KDEN,17,KXHIGHDEN-26AUG10-B96.5,0.0635,0.495,0.0
2026-08-10,KDEN,17,KXHIGHDEN-26AUG10-T92,0.0,0.005,0.0
2026-08-10,KDEN,17,KXHIGHDEN-26AUG10-B92.5,0.1925,0.07500000000000001,0.0
2026-08-10,KDEN,17,KXHIGHDEN-26AUG10-T99,0.0085,0.015,0.0
2026-08-10,KDEN,17,KXHIGHDEN-26AUG10-B94.5,0.724,0.425,1.0
2026-08-10,KDEN,19,KXHIGHDEN-26AUG10-B98.5,0.0175,0.035,0.0
2026-08-10,KDEN,19,KXHIGHDEN-26AUG10-B96.5,0.0965,0.26,0.0
2026-08-10,KDEN,19,KXHIGHDEN-26AUG10-T92,0.0,0.005,0.0
2026-08-10,KDEN,19,KXHIGHDEN-26AUG10-B92.5,0.1245,0.135,0.0
2026-08-10,KDEN,19,KXHIGHDEN-26AUG10-T99,0.004,0.005,0.0
2026-08-10,KDEN,19,KXHIGHDEN-26AUG10-B94.5,0.7575,0.535,1.0
2026-08-11,KDEN,15,KXHIGHDEN-26AUG11-T100,0.0355,0.005,0.0
2026-08-11,KDEN,15,KXHIGHDEN-26AUG11-B93.5,0.016,0.095,0.0
2026-08-11,KDEN,15,KXHIGHDEN-26AUG11-B99.5,0.013,0.035,0.0
2026-08-11,KDEN,15,KXHIGHDEN-26AUG11-B95.5,0.6015,0.475,0.0
2026-08-11,KDEN,15,KXHIGHDEN-26AUG11-T93,0.0,0.015,0.0
2026-08-11,KDEN,15,KXHIGHDEN-26AUG11-B97.5,0.334,0.385,1.0
2026-08-11,KDEN,17,KXHIGHDEN-26AUG11-T100,0.022,0.005,0.0
2026-08-11,KDEN,17,KXHIGHDEN-26AUG11-B93.5,0.016,0.07500000000000001,0.0
2026-08-11,KDEN,17,KXHIGHDEN-26AUG11-B99.5,0.025,0.035,0.0
2026-08-11,KDEN,17,KXHIGHDEN-26AUG11-B95.5,0.5775,0.5,0.0
2026-08-11,KDEN,17,KXHIGHDEN-26AUG11-T93,0.0,0.015,0.0
2026-08-11,KDEN,17,KXHIGHDEN-26AUG11-B97.5,0.3595,0.395,1.0
2026-08-11,KDEN,19,KXHIGHDEN-26AUG11-T100,0.0135,0.005,0.0
2026-08-11,KDEN,19,KXHIGHDEN-26AUG11-B93.5,0.0115,0.065,0.0
2026-08-11,KDEN,19,KXHIGHDEN-26AUG11-B99.5,0.0395,0.025,0.0
2026-08-11,KDEN,19,KXHIGHDEN-26AUG11-B95.5,0.5885,0.5,0.0
2026-08-11,KDEN,19,KXHIGHDEN-26AUG11-T93,0.0,0.005,0.0
2026-08-11,KDEN,19,KXHIGHDEN-26AUG11-B97.5,0.347,0.375,1.0
2026-08-12,KDEN,15,KXHIGHDEN-26AUG12-B89.5,0.0045,0.015,0.0
2026-08-12,KDEN,15,KXHIGHDEN-26AUG12-T87,0.0015,0.005,0.0
2026-08-12,KDEN,15,KXHIGHDEN-26AUG12-B87.5,0.0025,0.015,0.0
2026-08-12,KDEN,15,KXHIGHDEN-26AUG12-B91.5,0.0155,0.045,0.0
2026-08-12,KDEN,15,KXHIGHDEN-26AUG12-B93.5,0.4615,0.36,0.0
2026-08-12,KDEN,15,KXHIGHDEN-26AUG12-T94,0.5145,0.565,1.0
2026-08-12,KDEN,17,KXHIGHDEN-26AUG12-B89.5,0.001,0.015,0.0
2026-08-12,KDEN,17,KXHIGHDEN-26AUG12-T87,0.0,0.005,0.0
2026-08-12,KDEN,17,KXHIGHDEN-26AUG12-B87.5,0.0,0.015,0.0
2026-08-12,KDEN,17,KXHIGHDEN-26AUG12-B91.5,0.004,0.045,0.0
2026-08-12,KDEN,17,KXHIGHDEN-26AUG12-B93.5,0.4675,0.375,0.0
2026-08-12,KDEN,17,KXHIGHDEN-26AUG12-T94,0.5275,0.565,1.0
2026-08-12,KDEN,19,KXHIGHDEN-26AUG12-B89.5,0.0,0.005,0.0
2026-08-12,KDEN,19,KXHIGHDEN-26AUG12-T87,0.0,0.005,0.0
2026-08-12,KDEN,19,KXHIGHDEN-26AUG12-B87.5,0.0,0.005,0.0
2026-08-12,KDEN,19,KXHIGHDEN-26AUG12-B91.5,0.0,0.07,0.0
2026-08-12,KDEN,19,KXHIGHDEN-26AUG12-B93.5,0.3625,0.43,0.0
2026-08-12,KDEN,19,KXHIGHDEN-26AUG12-T94,0.6375,0.49,1.0
2026-08-13,KDEN,15,KXHIGHDEN-26AUG13-B82.5,0.1165,0.195,1.0
2026-08-13,KDEN,15,KXHIGHDEN-26AUG13-B84.5,0.0115,0.055,0.0
2026-08-13,KDEN,15,KXHIGHDEN-26AUG13-B78.5,0.1345,0.185,0.0
2026-08-13,KDEN,15,KXHIGHDEN-26AUG13-T78,0.0005,0.155,0.0
2026-08-13,KDEN,15,KXHIGHDEN-26AUG13-B80.5,0.699,0.435,0.0
2026-08-13,KDEN,15,KXHIGHDEN-26AUG13-T85,0.038,0.005,0.0
2026-08-13,KDEN,17,KXHIGHDEN-26AUG13-B82.5,0.0885,0.295,1.0
2026-08-13,KDEN,17,KXHIGHDEN-26AUG13-B84.5,0.0185,0.045,0.0
2026-08-13,KDEN,17,KXHIGHDEN-26AUG13-B78.5,0.133,0.135,0.0
2026-08-13,KDEN,17,KXHIGHDEN-26AUG13-T78,0.0015,0.035,0.0
2026-08-13,KDEN,17,KXHIGHDEN-26AUG13-B80.5,0.741,0.44,0.0
2026-08-13,KDEN,17,KXHIGHDEN-26AUG13-T85,0.0175,0.005,0.0
2026-08-13,KDEN,19,KXHIGHDEN-26AUG13-B82.5,0.1345,0.345,1.0
2026-08-13,KDEN,19,KXHIGHDEN-26AUG13-B84.5,0.0405,0.045,0.0
2026-08-13,KDEN,19,KXHIGHDEN-26AUG13-B78.5,0.0,0.165,0.0
2026-08-13,KDEN,19,KXHIGHDEN-26AUG13-T78,0.0,0.005,0.0
2026-08-13,KDEN,19,KXHIGHDEN-26AUG13-B80.5,0.8115,0.455,0.0
2026-08-13,KDEN,19,KXHIGHDEN-26AUG13-T85,0.0135,0.005,0.0
2026-08-14,KDEN,15,KXHIGHDEN-26AUG14-T88,0.026,0.08499999999999999,0.0
2026-08-14,KDEN,15,KXHIGHDEN-26AUG14-T81,0.001,0.005,0.0
2026-08-14,KDEN,15,KXHIGHDEN-26AUG14-B87.5,0.2,0.45999999999999996,1.0
2026-08-14,KDEN,15,KXHIGHDEN-26AUG14-B81.5,0.005,0.04,0.0
2026-08-14,KDEN,15,KXHIGHDEN-26AUG14-B85.5,0.6485,0.28500000000000003,0.0
2026-08-14,KDEN,15,KXHIGHDEN-26AUG14-B83.5,0.1195,0.125,0.0
2026-08-14,KDEN,17,KXHIGHDEN-26AUG14-T88,0.06,0.125,0.0
2026-08-14,KDEN,17,KXHIGHDEN-26AUG14-T81,0.0,0.01,0.0
2026-08-14,KDEN,17,KXHIGHDEN-26AUG14-B87.5,0.2045,0.5,1.0
2026-08-14,KDEN,17,KXHIGHDEN-26AUG14-B81.5,0.0005,0.02,0.0
2026-08-14,KDEN,17,KXHIGHDEN-26AUG14-B85.5,0.634,0.28500000000000003,0.0
2026-08-14,KDEN,17,KXHIGHDEN-26AUG14-B83.5,0.101,0.065,0.0
2026-08-14,KDEN,19,KXHIGHDEN-26AUG14-T88,0.1,0.455,0.0
2026-08-14,KDEN,19,KXHIGHDEN-26AUG14-T81,0.0,0.005,0.0
2026-08-14,KDEN,19,KXHIGHDEN-26AUG14-B87.5,0.244,0.445,1.0
2026-08-14,KDEN,19,KXHIGHDEN-26AUG14-B81.5,0.0,0.005,0.0
2026-08-14,KDEN,19,KXHIGHDEN-26AUG14-B85.5,0.656,0.09,0.0
2026-08-14,KDEN,19,KXHIGHDEN-26AUG14-B83.5,0.0,0.005,0.0
2026-08-15,KDEN,15,KXHIGHDEN-26AUG15-B81.5,0.7525,0.275,1.0
2026-08-15,KDEN,15,KXHIGHDEN-26AUG15-T77,0.0,0.015,0.0
2026-08-15,KDEN,15,KXHIGHDEN-26AUG15-B79.5,0.0285,0.14500000000000002,0.0
2026-08-15,KDEN,15,KXHIGHDEN-26AUG15-B83.5,0.1915,0.445,0.0
2026-08-15,KDEN,15,KXHIGHDEN-26AUG15-B77.5,0.0005,0.025,0.0
2026-08-15,KDEN,15,KXHIGHDEN-26AUG15-T84,0.027,0.10500000000000001,0.0
2026-08-15,KDEN,17,KXHIGHDEN-26AUG15-B81.5,0.739,0.325,1.0
2026-08-15,KDEN,17,KXHIGHDEN-26AUG15-T77,0.0,0.01,0.0
2026-08-15,KDEN,17,KXHIGHDEN-26AUG15-B79.5,0.0265,0.055,0.0
2026-08-15,KDEN,17,KXHIGHDEN-26AUG15-B83.5,0.202,0.415,0.0
2026-08-15,KDEN,17,KXHIGHDEN-26AUG15-B77.5,0.0,0.025,0.0
2026-08-15,KDEN,17,KXHIGHDEN-26AUG15-T84,0.0325,0.14,0.0
2026-08-15,KDEN,19,KXHIGHDEN-26AUG15-B81.5,0.7675,0.25,1.0
2026-08-15,KDEN,19,KXHIGHDEN-26AUG15-T77,0.0,0.005,0.0
2026-08-15,KDEN,19,KXHIGHDEN-26AUG15-B79.5,0.0215,0.03,0.0
2026-08-15,KDEN,19,KXHIGHDEN-26AUG15-B83.5,0.1915,0.55,0.0
2026-08-15,KDEN,19,KXHIGHDEN-26AUG15-B77.5,0.0,0.005,0.0
2026-08-15,KDEN,19,KXHIGHDEN-26AUG15-T84,0.0195,0.10500000000000001,0.0
2026-08-16,KDEN,15,KXHIGHDEN-26AUG16-T80,0.008,0.05,0.0
2026-08-16,KDEN,15,KXHIGHDEN-26AUG16-B84.5,0.212,0.33,0.0
2026-08-16,KDEN,15,KXHIGHDEN-26AUG16-B82.5,0.733,0.435,1.0
2026-08-16,KDEN,15,KXHIGHDEN-26AUG16-B86.5,0.0035,0.055,0.0
2026-08-16,KDEN,15,KXHIGHDEN-26AUG16-B80.5,0.0395,0.04,0.0
2026-08-16,KDEN,15,KXHIGHDEN-26AUG16-T87,0.004,0.02,0.0
2026-08-16,KDEN,17,KXHIGHDEN-26AUG16-T80,0.003,0.065,0.0
2026-08-16,KDEN,17,KXHIGHDEN-26AUG16-B84.5,0.195,0.295,0.0
2026-08-16,KDEN,17,KXHIGHDEN-26AUG16-B82.5,0.746,0.445,1.0
2026-08-16,KDEN,17,KXHIGHDEN-26AUG16-B86.5,0.002,0.060000000000000005,0.0
2026-08-16,KDEN,17,KXHIGHDEN-26AUG16-B80.5,0.0505,0.095,0.0
2026-08-16,KDEN,17,KXHIGHDEN-26AUG16-T87,0.0035,0.025,0.0
2026-08-16,KDEN,19,KXHIGHDEN-26AUG16-T80,0.0,0.005,0.0
2026-08-16,KDEN,19,KXHIGHDEN-26AUG16-B84.5,0.189,0.2,0.0
2026-08-16,KDEN,19,KXHIGHDEN-26AUG16-B82.5,0.7705,0.625,1.0
2026-08-16,KDEN,19,KXHIGHDEN-26AUG16-B86.5,0.0075,0.015,0.0
2026-08-16,KDEN,19,KXHIGHDEN-26AUG16-B80.5,0.03,0.08499999999999999,0.0
2026-08-16,KDEN,19,KXHIGHDEN-26AUG16-T87,0.003,0.01,0.0
2026-08-17,KDEN,15,KXHIGHDEN-26AUG17-T85,0.0,0.005,0.0
2026-08-17,KDEN,15,KXHIGHDEN-26AUG17-B87.5,0.005,0.025,0.0
2026-08-17,KDEN,15,KXHIGHDEN-26AUG17-B85.5,0.002,0.015,0.0
2026-08-17,KDEN,15,KXHIGHDEN-26AUG17-B91.5,0.378,0.605,0.0
2026-08-17,KDEN,15,KXHIGHDEN-26AUG17-B89.5,0.0065,0.165,0.0
2026-08-17,KDEN,15,KXHIGHDEN-26AUG17-T92,0.6085,0.22499999999999998,1.0
2026-08-17,KDEN,17,KXHIGHDEN-26AUG17-B87.5,0.001,0.015,0.0
2026-08-17,KDEN,17,KXHIGHDEN-26AUG17-B85.5,0.0,0.005,0.0
2026-08-17,KDEN,17,KXHIGHDEN-26AUG17-B91.5,0.387,0.62,0.0
2026-08-17,KDEN,17,KXHIGHDEN-26AUG17-B89.5,0.0095,0.125,0.0
2026-08-17,KDEN,17,KXHIGHDEN-26AUG17-T92,0.6025,0.22499999999999998,1.0
2026-08-17,KDEN,19,KXHIGHDEN-26AUG17-T85,0.0,0.005,0.0
2026-08-17,KDEN,19,KXHIGHDEN-26AUG17-B87.5,0.0,0.005,0.0
2026-08-17,KDEN,19,KXHIGHDEN-26AUG17-B85.5,0.0,0.005,0.0
2026-08-17,KDEN,19,KXHIGHDEN-26AUG17-B91.5,0.3835,0.49,0.0
2026-08-17,KDEN,19,KXHIGHDEN-26AUG17-B89.5,0.012,0.065,0.0
2026-08-17,KDEN,19,KXHIGHDEN-26AUG17-T92,0.6045,0.435,1.0
2026-08-18,KDEN,15,KXHIGHDEN-26AUG18-B93.5,0.0115,0.105,0.0
2026-08-18,KDEN,15,KXHIGHDEN-26AUG18-T96,0.008,0.005,0.0
2026-08-18,KDEN,15,KXHIGHDEN-26AUG18-B91.5,0.0235,0.495,0.0
2026-08-18,KDEN,15,KXHIGHDEN-26AUG18-B95.5,0.005,0.01,0.0
2026-08-18,KDEN,15,KXHIGHDEN-26AUG18-T89,0.7785,0.04,1.0
2026-08-18,KDEN,15,KXHIGHDEN-26AUG18-B89.5,0.1735,0.35,0.0
2026-08-18,KDEN,17,KXHIGHDEN-26AUG18-B93.5,0.0105,0.025,0.0
2026-08-18,KDEN,17,KXHIGHDEN-26AUG18-T96,0.0025,0.005,0.0
2026-08-18,KDEN,17,KXHIGHDEN-26AUG18-B91.5,0.0115,0.495,0.0
2026-08-18,KDEN,17,KXHIGHDEN-26AUG18-B95.5,0.0065,0.01,0.0
2026-08-18,KDEN,17,KXHIGHDEN-26AUG18-T89,0.8105,0.135,1.0
2026-08-18,KDEN,17,KXHIGHDEN-26AUG18-B89.5,0.1585,0.365,0.0
2026-08-18,KDEN,19,KXHIGHDEN-26AUG18-B93.5,0.0025,0.025,0.0
2026-08-18,KDEN,19,KXHIGHDEN-26AUG18-T96,0.0,0.005,0.0
2026-08-18,KDEN,19,KXHIGHDEN-26AUG18-B91.5,0.018,0.405,0.0
2026-08-18,KDEN,19,KXHIGHDEN-26AUG18-B95.5,0.004,0.005,0.0
2026-08-18,KDEN,19,KXHIGHDEN-26AUG18-T89,0.757,0.10500000000000001,1.0
2026-08-18,KDEN,19,KXHIGHDEN-26AUG18-B89.5,0.2185,0.47,0.0
2026-08-19,KDEN,15,KXHIGHDEN-26AUG19-B84.5,0.022,0.015,0.0
2026-08-19,KDEN,15,KXHIGHDEN-26AUG19-B90.5,0.545,0.375,1.0
2026-08-19,KDEN,15,KXHIGHDEN-26AUG19-T91,0.095,0.015,0.0
2026-08-19,KDEN,15,KXHIGHDEN-26AUG19-B86.5,0.0355,0.1,0.0
2026-08-19,KDEN,15,KXHIGHDEN-26AUG19-B88.5,0.286,0.545,0.0
2026-08-19,KDEN,15,KXHIGHDEN-26AUG19-T84,0.0165,0.005,0.0
2026-08-19,KDEN,17,KXHIGHDEN-26AUG19-B84.5,0.0325,0.035,0.0
2026-08-19,KDEN,17,KXHIGHDEN-26AUG19-B90.5,0.5375,0.385,1.0
2026-08-19,KDEN,17,KXHIGHDEN-26AUG19-T91,0.08,0.02,0.0
2026-08-19,KDEN,17,KXHIGHDEN-26AUG19-B86.5,0.0485,0.09,0.0
2026-08-19,KDEN,17,KXHIGHDEN-26AUG19-B88.5,0.292,0.535,0.0
2026-08-19,KDEN,17,KXHIGHDEN-26AUG19-T84,0.0095,0.005,0.0
2026-08-19,KDEN,19,KXHIGHDEN-26AUG19-B84.5,0.0,0.005,0.0
2026-08-19,KDEN,19,KXHIGHDEN-26AUG19-B90.5,0.5875,0.475,1.0
2026-08-19,KDEN,19,KXHIGHDEN-26AUG19-T91,0.0895,0.045,0.0
2026-08-19,KDEN,19,KXHIGHDEN-26AUG19-B86.5,0.008,0.07500000000000001,0.0
2026-08-19,KDEN,19,KXHIGHDEN-26AUG19-B88.5,0.315,0.455,0.0
2026-08-19,KDEN,19,KXHIGHDEN-26AUG19-T84,0.0,0.005,0.0
2026-08-20,KDEN,15,KXHIGHDEN-26AUG20-B96.5,0.0015,0.015,0.0
2026-08-20,KDEN,15,KXHIGHDEN-26AUG20-T90,0.0125,0.015,0.0
2026-08-20,KDEN,15,KXHIGHDEN-26AUG20-T97,0.004,0.005,0.0
2026-08-20,KDEN,15,KXHIGHDEN-26AUG20-B90.5,0.146,0.05,0.0
2026-08-20,KDEN,15,KXHIGHDEN-26AUG20-B92.5,0.775,0.585,1.0
2026-08-20,KDEN,15,KXHIGHDEN-26AUG20-B94.5,0.061,0.375,0.0
2026-08-20,KDEN,17,KXHIGHDEN-26AUG20-B96.5,0.003,0.005,0.0
2026-08-20,KDEN,17,KXHIGHDEN-26AUG20-T90,0.005,0.035,0.0
2026-08-20,KDEN,17,KXHIGHDEN-26AUG20-T97,0.002,0.005,0.0
2026-08-20,KDEN,17,KXHIGHDEN-26AUG20-B90.5,0.1395,0.09,0.0
2026-08-20,KDEN,17,KXHIGHDEN-26AUG20-B92.5,0.799,0.645,1.0
2026-08-20,KDEN,17,KXHIGHDEN-26AUG20-B94.5,0.0515,0.185,0.0
2026-08-20,KDEN,19,KXHIGHDEN-26AUG20-B96.5,0.003,0.005,0.0
2026-08-20,KDEN,19,KXHIGHDEN-26AUG20-T90,0.0,0.01,0.0
2026-08-20,KDEN,19,KXHIGHDEN-26AUG20-T97,0.005,0.005,0.0
2026-08-20,KDEN,19,KXHIGHDEN-26AUG20-B90.5,0.114,0.095,0.0
2026-08-20,KDEN,19,KXHIGHDEN-26AUG20-B92.5,0.815,0.65,1.0
2026-08-20,KDEN,19,KXHIGHDEN-26AUG20-B94.5,0.063,0.24,0.0
2026-08-21,KDEN,15,KXHIGHDEN-26AUG21-B100.5,0.136,0.045,1.0
2026-08-21,KDEN,15,KXHIGHDEN-26AUG21-T94,0.006,0.005,0.0
2026-08-21,KDEN,15,KXHIGHDEN-26AUG21-B98.5,0.647,0.385,0.0
2026-08-21,KDEN,15,KXHIGHDEN-26AUG21-T101,0.015,0.005,0.0
2026-08-21,KDEN,15,KXHIGHDEN-26AUG21-B96.5,0.185,0.545,0.0
2026-08-21,KDEN,15,KXHIGHDEN-26AUG21-B94.5,0.011,0.035,0.0
2026-08-21,KDEN,17,KXHIGHDEN-26AUG21-B100.5,0.1555,0.035,1.0
2026-08-21,KDEN,17,KXHIGHDEN-26AUG21-T94,0.0,0.005,0.0
2026-08-21,KDEN,17,KXHIGHDEN-26AUG21-B98.5,0.6335,0.405,0.0
2026-08-21,KDEN,17,KXHIGHDEN-26AUG21-T101,0.035,0.005,0.0
2026-08-21,KDEN,17,KXHIGHDEN-26AUG21-B96.5,0.174,0.515,0.0
2026-08-21,KDEN,17,KXHIGHDEN-26AUG21-B94.5,0.002,0.035,0.0
2026-08-21,KDEN,19,KXHIGHDEN-26AUG21-B100.5,0.159,0.08,1.0
2026-08-21,KDEN,19,KXHIGHDEN-26AUG21-T94,0.0,0.005,0.0
2026-08-21,KDEN,19,KXHIGHDEN-26AUG21-B98.5,0.688,0.625,0.0
2026-08-21,KDEN,19,KXHIGHDEN-26AUG21-T101,0.024,0.005,0.0
2026-08-21,KDEN,19,KXHIGHDEN-26AUG21-B96.5,0.129,0.245,0.0
2026-08-21,KDEN,19,KXHIGHDEN-26AUG21-B94.5,0.0,0.005,0.0
2026-08-22,KDEN,15,KXHIGHDEN-26AUG22-T88,0.012,0.015,0.0
2026-08-22,KDEN,15,KXHIGHDEN-26AUG22-B92.5,0.433,0.325,1.0
2026-08-22,KDEN,15,KXHIGHDEN-26AUG22-B88.5,0.0555,0.055,0.0
2026-08-22,KDEN,15,KXHIGHDEN-26AUG22-B94.5,0.0955,0.405,0.0
2026-08-22,KDEN,15,KXHIGHDEN-26AUG22-T95,0.0245,0.08499999999999999,0.0
2026-08-22,KDEN,15,KXHIGHDEN-26AUG22-B90.5,0.3795,0.135,0.0
2026-08-22,KDEN,17,KXHIGHDEN-26AUG22-T88,0.0045,0.015,0.0
2026-08-22,KDEN,17,KXHIGHDEN-26AUG22-B92.5,0.4715,0.405,1.0
2026-08-22,KDEN,17,KXHIGHDEN-26AUG22-B88.5,0.0405,0.045,0.0
2026-08-22,KDEN,17,KXHIGHDEN-26AUG22-B94.5,0.081,0.325,0.0
2026-08-22,KDEN,17,KXHIGHDEN-26AUG22-T95,0.024,0.055,0.0
2026-08-22,KDEN,17,KXHIGHDEN-26AUG22-B90.5,0.3785,0.16,0.0
2026-08-22,KDEN,19,KXHIGHDEN-26AUG22-T88,0.0,0.005,0.0
2026-08-22,KDEN,19,KXHIGHDEN-26AUG22-B92.5,0.497,0.46499999999999997,1.0
2026-08-22,KDEN,19,KXHIGHDEN-26AUG22-B88.5,0.024,0.05,0.0
2026-08-22,KDEN,19,KXHIGHDEN-26AUG22-B94.5,0.082,0.28500000000000003,0.0
2026-08-22,KDEN,19,KXHIGHDEN-26AUG22-T95,0.015,0.035,0.0
2026-08-22,KDEN,19,KXHIGHDEN-26AUG22-B90.5,0.382,0.14500000000000002,0.0
2026-08-23,KDEN,15,KXHIGHDEN-26AUG23-B87.5,0.0005,0.025,0.0
2026-08-23,KDEN,15,KXHIGHDEN-26AUG23-T87,0.0,0.005,0.0
2026-08-23,KDEN,15,KXHIGHDEN-26AUG23-B91.5,0.257,0.315,0.0
2026-08-23,KDEN,15,KXHIGHDEN-26AUG23-B89.5,0.0045,0.065,0.0
2026-08-23,KDEN,15,KXHIGHDEN-26AUG23-B93.5,0.6375,0.445,1.0
2026-08-23,KDEN,15,KXHIGHDEN-26AUG23-T94,0.1005,0.14500000000000002,0.0
2026-08-23,KDEN,17,KXHIGHDEN-26AUG23-B87.5,0.001,0.025,0.0
2026-08-23,KDEN,17,KXHIGHDEN-26AUG23-T87,0.0,0.005,0.0
2026-08-23,KDEN,17,KXHIGHDEN-26AUG23-B91.5,0.2655,0.345,0.0
2026-08-23,KDEN,17,KXHIGHDEN-26AUG23-B89.5,0.0075,0.08,0.0
2026-08-23,KDEN,17,KXHIGHDEN-26AUG23-B93.5,0.651,0.435,1.0
2026-08-23,KDEN,17,KXHIGHDEN-26AUG23-T94,0.075,0.14500000000000002,0.0
2026-08-23,KDEN,19,KXHIGHDEN-26AUG23-B87.5,0.0,0.005,0.0
2026-08-23,KDEN,19,KXHIGHDEN-26AUG23-T87,0.0,0.005,0.0
2026-08-23,KDEN,19,KXHIGHDEN-26AUG23-B91.5,0.204,0.395,0.0
2026-08-23,KDEN,19,KXHIGHDEN-26AUG23-B89.5,0.0,0.12,0.0
2026-08-23,KDEN,19,KXHIGHDEN-26AUG23-B93.5,0.705,0.435,1.0
2026-08-23,KDEN,19,KXHIGHDEN-26AUG23-T94,0.091,0.07500000000000001,0.0
2026-08-24,KDEN,15,KXHIGHDEN-26AUG24-T87,0.0005,0.01,0.0
2026-08-24,KDEN,15,KXHIGHDEN-26AUG24-T94,0.0715,0.02,0.0
2026-08-24,KDEN,15,KXHIGHDEN-26AUG24-B87.5,0.01,0.02,0.0
2026-08-24,KDEN,15,KXHIGHDEN-26AUG24-B91.5,0.515,0.475,1.0
2026-08-24,KDEN,15,KXHIGHDEN-26AUG24-B93.5,0.2805,0.415,0.0
2026-08-24,KDEN,15,KXHIGHDEN-26AUG24-B89.5,0.1225,0.065,0.0
2026-08-24,KDEN,17,KXHIGHDEN-26AUG24-T87,0.0,0.005,0.0
2026-08-24,KDEN,17,KXHIGHDEN-26AUG24-T94,0.0765,0.035,0.0
2026-08-24,KDEN,17,KXHIGHDEN-26AUG24-B87.5,0.0045,0.005,0.0
2026-08-24,KDEN,17,KXHIGHDEN-26AUG24-B91.5,0.533,0.425,1.0
2026-08-24,KDEN,17,KXHIGHDEN-26AUG24-B93.5,0.2615,0.535,0.0
2026-08-24,KDEN,17,KXHIGHDEN-26AUG24-B89.5,0.1245,0.055,0.0
2026-08-24,KDEN,19,KXHIGHDEN-26AUG24-T87,0.0,0.005,0.0
2026-08-24,KDEN,19,KXHIGHDEN-26AUG24-T94,0.026,0.055,0.0
2026-08-24,KDEN,19,KXHIGHDEN-26AUG24-B87.5,0.0,0.005,0.0
2026-08-24,KDEN,19,KXHIGHDEN-26AUG24-B91.5,0.544,0.435,1.0
2026-08-24,KDEN,19,KXHIGHDEN-26AUG24-B93.5,0.332,0.505,0.0
2026-08-24,KDEN,19,KXHIGHDEN-26AUG24-B89.5,0.098,0.02,0.0
2026-07-01,KPHL,15,KXHIGHPHIL-26JUL01-B97.5,0.4445,0.535,1.0
2026-07-01,KPHL,15,KXHIGHPHIL-26JUL01-B95.5,0.359,0.07,0.0
2026-07-01,KPHL,15,KXHIGHPHIL-26JUL01-T95,0.14,0.015,0.0
2026-07-01,KPHL,15,KXHIGHPHIL-26JUL01-B99.5,0.0565,0.375,0.0
2026-07-01,KPHL,15,KXHIGHPHIL-26JUL01-B101.5,0.0,0.025,0.0
2026-07-01,KPHL,17,KXHIGHPHIL-26JUL01-B97.5,0.386,0.54,1.0
2026-07-01,KPHL,17,KXHIGHPHIL-26JUL01-T102,0.0,0.005,0.0
2026-07-01,KPHL,17,KXHIGHPHIL-26JUL01-B95.5,0.4475,0.10500000000000001,0.0
2026-07-01,KPHL,17,KXHIGHPHIL-26JUL01-T95,0.085,0.04,0.0
2026-07-01,KPHL,17,KXHIGHPHIL-26JUL01-B99.5,0.0815,0.35,0.0
2026-07-01,KPHL,17,KXHIGHPHIL-26JUL01-B101.5,0.0,0.02,0.0
2026-07-01,KPHL,19,KXHIGHPHIL-26JUL01-B97.5,0.607,0.545,1.0
2026-07-01,KPHL,19,KXHIGHPHIL-26JUL01-T102,0.0,0.005,0.0
2026-07-01,KPHL,19,KXHIGHPHIL-26JUL01-B95.5,0.1265,0.255,0.0
2026-07-01,KPHL,19,KXHIGHPHIL-26JUL01-T95,0.0,0.005,0.0
2026-07-01,KPHL,19,KXHIGHPHIL-26JUL01-B99.5,0.2655,0.18,0.0
2026-07-01,KPHL,19,KXHIGHPHIL-26JUL01-B101.5,0.001,0.01,0.0
2026-07-02,KPHL,15,KXHIGHPHIL-26JUL02-T101,0.0415,0.035,0.0
2026-07-02,KPHL,15,KXHIGHPHIL-26JUL02-B103.5,0.5345,0.55,1.0
2026-07-02,KPHL,15,KXHIGHPHIL-26JUL02-B101.5,0.2425,0.21500000000000002,0.0
2026-07-02,KPHL,15,KXHIGHPHIL-26JUL02-B107.5,0.0145,0.005,0.0
2026-07-02,KPHL,15,KXHIGHPHIL-26JUL02-B105.5,0.1665,0.175,0.0
2026-07-02,KPHL,15,KXHIGHPHIL-26JUL02-T108,0.0005,0.005,0.0
2026-07-02,KPHL,17,KXHIGHPHIL-26JUL02-T101,0.0215,0.01,0.0
2026-07-02,KPHL,17,KXHIGHPHIL-26JUL02-B103.5,0.5405,0.66,1.0
2026-07-02,KPHL,17,KXHIGHPHIL-26JUL02-B101.5,0.2825,0.10500000000000001,0.0
2026-07-02,KPHL,17,KXHIGHPHIL-26JUL02-B107.5,0.0195,0.005,0.0
2026-07-02,KPHL,17,KXHIGHPHIL-26JUL02-B105.5,0.136,0.2,0.0
2026-07-02,KPHL,19,KXHIGHPHIL-26JUL02-T101,0.0,0.005,0.0
2026-07-02,KPHL,19,KXHIGHPHIL-26JUL02-B103.5,0.734,0.78,1.0
2026-07-02,KPHL,19,KXHIGHPHIL-26JUL02-B101.5,0.186,0.225,0.0
2026-07-02,KPHL,19,KXHIGHPHIL-26JUL02-B107.5,0.0025,0.005,0.0
2026-07-02,KPHL,19,KXHIGHPHIL-26JUL02-B105.5,0.0775,0.04,0.0
2026-07-02,KPHL,19,KXHIGHPHIL-26JUL02-T108,0.0,0.005,0.0
2026-07-03,KPHL,15,KXHIGHPHIL-26JUL03-T101,0.0285,0.025,0.0
2026-07-03,KPHL,15,KXHIGHPHIL-26JUL03-B107.5,0.016,0.015,0.0
2026-07-03,KPHL,15,KXHIGHPHIL-26JUL03-B101.5,0.255,0.095,1.0
2026-07-03,KPHL,15,KXHIGHPHIL-26JUL03-T108,0.0085,0.005,0.0
2026-07-03,KPHL,15,KXHIGHPHIL-26JUL03-B103.5,0.553,0.565,0.0
2026-07-03,KPHL,15,KXHIGHPHIL-26JUL03-B105.5,0.139,0.345,0.0
2026-07-03,KPHL,17,KXHIGHPHIL-26JUL03-T101,0.0345,0.02,0.0
2026-07-03,KPHL,17,KXHIGHPHIL-26JUL03-B107.5,0.0205,0.005,0.0
2026-07-03,KPHL,17,KXHIGHPHIL-26JUL03-B101.5,0.305,0.225,1.0
2026-07-03,KPHL,17,KXHIGHPHIL-26JUL03-T108,0.0,0.005,0.0
2026-07-03,KPHL,17,KXHIGHPHIL-26JUL03-B103.5,0.52,0.67,0.0
2026-07-03,KPHL,17,KXHIGHPHIL-26JUL03-B105.5,0.12,0.155,0.0
2026-07-03,KPHL,19,KXHIGHPHIL-26JUL03-T101,0.0055,0.005,0.0
2026-07-03,KPHL,19,KXHIGHPHIL-26JUL03-B107.5,0.001,0.005,0.0
2026-07-03,KPHL,19,KXHIGHPHIL-26JUL03-B101.5,0.543,0.22,1.0
2026-07-03,KPHL,19,KXHIGHPHIL-26JUL03-T108,0.0,0.005,0.0
2026-07-03,KPHL,19,KXHIGHPHIL-26JUL03-B103.5,0.407,0.7,0.0
2026-07-03,KPHL,19,KXHIGHPHIL-26JUL03-B105.5,0.0435,0.060000000000000005,0.0
2026-07-04,KPHL,15,KXHIGHPHIL-26JUL04-B103.5,0.2635,0.125,0.0
2026-07-04,KPHL,15,KXHIGHPHIL-26JUL04-T99,0.018,0.045,0.0
2026-07-04,KPHL,15,KXHIGHPHIL-26JUL04-T106,0.0105,0.005,0.0
2026-07-04,KPHL,15,KXHIGHPHIL-26JUL04-B105.5,0.0215,0.015,0.0
2026-07-04,KPHL,15,KXHIGHPHIL-26JUL04-B101.5,0.5415,0.585,1.0
2026-07-04,KPHL,15,KXHIGHPHIL-26JUL04-B99.5,0.145,0.275,0.0
2026-07-04,KPHL,17,KXHIGHPHIL-26JUL04-B103.5,0.246,0.060000000000000005,0.0
2026-07-04,KPHL,17,KXHIGHPHIL-26JUL04-T99,0.0035,0.035,0.0
2026-07-04,KPHL,17,KXHIGHPHIL-26JUL04-T106,0.0,0.005,0.0
2026-07-04,KPHL,17,KXHIGHPHIL-26JUL04-B105.5,0.0345,0.005,0.0
2026-07-04,KPHL,17,KXHIGHPHIL-26JUL04-B101.5,0.5845,0.575,1.0
2026-07-04,KPHL,17,KXHIGHPHIL-26JUL04-B99.5,0.1315,0.315,0.0
2026-07-04,KPHL,19,KXHIGHPHIL-26JUL04-B103.5,0.3055,0.035,0.0
2026-07-04,KPHL,19,KXHIGHPHIL-26JUL04-T99,0.0,0.005,0.0
2026-07-04,KPHL,19,KXHIGHPHIL-26JUL04-T106,0.0,0.005,0.0
2026-07-04,KPHL,19,KXHIGHPHIL-26JUL04-B105.5,0.003,0.005,0.0
2026-07-04,KPHL,19,KXHIGHPHIL-26JUL04-B101.5,0.65,0.645,1.0
2026-07-04,KPHL,19,KXHIGHPHIL-26JUL04-B99.5,0.0415,0.35,0.0
2026-07-05,KPHL,15,KXHIGHPHIL-26JUL05-B93.5,0.477,0.315,1.0
2026-07-05,KPHL,15,KXHIGHPHIL-26JUL05-B91.5,0.169,0.5449999999999999,0.0
2026-07-05,KPHL,15,KXHIGHPHIL-26JUL05-B95.5,0.196,0.025,0.0
2026-07-05,KPHL,15,KXHIGHPHIL-26JUL05-T89,0.114,0.055,0.0
2026-07-05,KPHL,15,KXHIGHPHIL-26JUL05-T96,0.0065,0.025,0.0
2026-07-05,KPHL,15,KXHIGHPHIL-26JUL05-B89.5,0.0375,0.1,0.0
2026-07-05,KPHL,17,KXHIGHPHIL-26JUL05-B93.5,0.4365,0.245,1.0
2026-07-05,KPHL,17,KXHIGHPHIL-26JUL05-B91.5,0.1615,0.625,0.0
2026-07-05,KPHL,17,KXHIGHPHIL-26JUL05-B95.5,0.1375,0.015,0.0
2026-07-05,KPHL,17,KXHIGHPHIL-26JUL05-T89,0.0715,0.03,0.0
2026-07-05,KPHL,17,KXHIGHPHIL-26JUL05-T96,0.0055,0.005,0.0
2026-07-05,KPHL,17,KXHIGHPHIL-26JUL05-B89.5,0.1875,0.095,0.0
2026-07-05,KPHL,19,KXHIGHPHIL-26JUL05-B93.5,0.4105,0.275,1.0
2026-07-05,KPHL,19,KXHIGHPHIL-26JUL05-B91.5,0.528,0.755,0.0
2026-07-05,KPHL,19,KXHIGHPHIL-26JUL05-B95.5,0.056,0.015,0.0
2026-07-05,KPHL,19,KXHIGHPHIL-26JUL05-T89,0.0,0.005,0.0
2026-07-05,KPHL,19,KXHIGHPHIL-26JUL05-T96,0.0015,0.005,0.0
2026-07-05,KPHL,19,KXHIGHPHIL-26JUL05-B89.5,0.004,0.005,0.0
2026-07-06,KPHL,15,KXHIGHPHIL-26JUL06-T77,0.0,0.005,0.0
2026-07-06,KPHL,15,KXHIGHPHIL-26JUL06-B83.5,0.092,0.21000000000000002,0.0
2026-07-06,KPHL,15,KXHIGHPHIL-26JUL06-T84,0.087,0.10500000000000001,0.0
2026-07-06,KPHL,15,KXHIGHPHIL-26JUL06-B79.5,0.3055,0.255,0.0
2026-07-06,KPHL,15,KXHIGHPHIL-26JUL06-B81.5,0.5155,0.385,1.0
2026-07-06,KPHL,15,KXHIGHPHIL-26JUL06-B77.5,0.0,0.03,0.0
2026-07-06,KPHL,17,KXHIGHPHIL-26JUL06-T77,0.0,0.005,0.0
2026-07-06,KPHL,17,KXHIGHPHIL-26JUL06-B83.5,0.141,0.22999999999999998,0.0
2026-07-06,KPHL,17,KXHIGHPHIL-26JUL06-T84,0.0315,0.045,0.0
2026-07-06,KPHL,17,KXHIGHPHIL-26JUL06-B79.5,0.285,0.07500000000000001,0.0
2026-07-06,KPHL,17,KXHIGHPHIL-26JUL06-B81.5,0.5425,0.705,1.0
2026-07-06,KPHL,17,KXHIGHPHIL-26JUL06-B77.5,0.0,0.005,0.0
2026-07-06,KPHL,19,KXHIGHPHIL-26JUL06-T77,0.0,0.005,0.0
2026-07-06,KPHL,19,KXHIGHPHIL-26JUL06-B83.5,0.067,0.055,0.0
2026-07-06,KPHL,19,KXHIGHPHIL-26JUL06-T84,0.0,0.005,0.0
2026-07-06,KPHL,19,KXHIGHPHIL-26JUL06-B79.5,0.226,0.005,0.0
2026-07-06,KPHL,19,KXHIGHPHIL-26JUL06-B81.5,0.707,0.94,1.0
2026-07-06,KPHL,19,KXHIGHPHIL-26JUL06-B77.5,0.0,0.005,0.0
2026-07-07,KPHL,15,KXHIGHPHIL-26JUL07-B83.5,0.0185,0.04,0.0
2026-07-07,KPHL,15,KXHIGHPHIL-26JUL07-B79.5,0.5655,0.33999999999999997,0.0
2026-07-07,KPHL,15,KXHIGHPHIL-26JUL07-T77,0.0175,0.175,0.0
2026-07-07,KPHL,15,KXHIGHPHIL-26JUL07-B77.5,0.2645,0.4,1.0
2026-07-07,KPHL,15,KXHIGHPHIL-26JUL07-B81.5,0.122,0.08499999999999999,0.0
2026-07-07,KPHL,15,KXHIGHPHIL-26JUL07-T84,0.012,0.005,0.0
2026-07-07,KPHL,17,KXHIGHPHIL-26JUL07-B83.5,0.002,0.015,0.0
2026-07-07,KPHL,17,KXHIGHPHIL-26JUL07-B79.5,0.487,0.41000000000000003,0.0
2026-07-07,KPHL,17,KXHIGHPHIL-26JUL07-T77,0.0635,0.13,0.0
2026-07-07,KPHL,17,KXHIGHPHIL-26JUL07-B77.5,0.3565,0.41500000000000004,1.0
2026-07-07,KPHL,17,KXHIGHPHIL-26JUL07-B81.5,0.091,0.10500000000000001,0.0
2026-07-07,KPHL,17,KXHIGHPHIL-26JUL07-T84,0.0,0.005,0.0
2026-07-07,KPHL,19,KXHIGHPHIL-26JUL07-B83.5,0.0,0.005,0.0
2026-07-07,KPHL,19,KXHIGHPHIL-26JUL07-B79.5,0.429,0.22999999999999998,0.0
2026-07-07,KPHL,19,KXHIGHPHIL-26JUL07-T77,0.0045,0.005,0.0
2026-07-07,KPHL,19,KXHIGHPHIL-26JUL07-B77.5,0.525,0.745,1.0
2026-07-07,KPHL,19,KXHIGHPHIL-26JUL07-B81.5,0.0415,0.045,0.0
2026-07-07,KPHL,19,KXHIGHPHIL-26JUL07-T84,0.0,0.005,0.0
2026-07-08,KPHL,15,KXHIGHPHIL-26JUL08-B83.5,0.104,0.14500000000000002,0.0
2026-07-08,KPHL,15,KXHIGHPHIL-26JUL08-T88,0.017,0.065,0.0
2026-07-08,KPHL,15,KXHIGHPHIL-26JUL08-B81.5,0.0235,0.025,0.0
2026-07-08,KPHL,15,KXHIGHPHIL-26JUL08-B85.5,0.5535,0.53,1.0
2026-07-08,KPHL,15,KXHIGHPHIL-26JUL08-B87.5,0.2945,0.27,0.0
2026-07-08,KPHL,17,KXHIGHPHIL-26JUL08-B83.5,0.1775,0.14,0.0
2026-07-08,KPHL,17,KXHIGHPHIL-26JUL08-T88,0.0275,0.02,0.0
2026-07-08,KPHL,17,KXHIGHPHIL-26JUL08-T81,0.0,0.005,0.0
2026-07-08,KPHL,17,KXHIGHPHIL-26JUL08-B81.5,0.011,0.005,0.0
2026-07-08,KPHL,17,KXHIGHPHIL-26JUL08-B85.5,0.5345,0.615,1.0
2026-07-08,KPHL,17,KXHIGHPHIL-26JUL08-B87.5,0.2495,0.265,0.0
2026-07-08,KPHL,19,KXHIGHPHIL-26JUL08-B83.5,0.1395,0.16999999999999998,0.0
2026-07-08,KPHL,19,KXHIGHPHIL-26JUL08-T88,0.003,0.005,0.0
2026-07-08,KPHL,19,KXHIGHPHIL-26JUL08-T81,0.0,0.005,0.0
2026-07-08,KPHL,19,KXHIGHPHIL-26JUL08-B81.5,0.0,0.005,0.0
2026-07-08,KPHL,19,KXHIGHPHIL-26JUL08-B85.5,0.7055,0.645,1.0
2026-07-08,KPHL,19,KXHIGHPHIL-26JUL08-B87.5,0.152,0.20500000000000002,0.0
2026-07-09,KPHL,15,KXHIGHPHIL-26JUL09-B89.5,0.007,0.015,0.0
2026-07-09,KPHL,15,KXHIGHPHIL-26JUL09-T90,0.006,0.005,0.0
2026-07-09,KPHL,15,KXHIGHPHIL-26JUL09-B87.5,0.02,0.1,0.0
2026-07-09,KPHL,15,KXHIGHPHIL-26JUL09-T83,0.332,0.055,1.0
2026-07-09,KPHL,15,KXHIGHPHIL-26JUL09-B83.5,0.56,0.31,0.0
2026-07-09,KPHL,15,KXHIGHPHIL-26JUL09-B85.5,0.075,0.505,0.0
2026-07-09,KPHL,17,KXHIGHPHIL-26JUL09-B89.5,0.0,0.005,0.0
2026-07-09,KPHL,17,KXHIGHPHIL-26JUL09-T90,0.0,0.005,0.0
2026-07-09,KPHL,17,KXHIGHPHIL-26JUL09-B87.5,0.02,0.055,0.0
2026-07-09,KPHL,17,KXHIGHPHIL-26JUL09-T83,0.381,0.62,1.0
2026-07-09,KPHL,17,KXHIGHPHIL-26JUL09-B83.5,0.5575,0.29000000000000004,0.0
2026-07-09,KPHL,17,KXHIGHPHIL-26JUL09-B85.5,0.0415,0.08499999999999999,0.0
2026-07-09,KPHL,19,KXHIGHPHIL-26JUL09-B89.5,0.0,0.005,0.0
2026-07-09,KPHL,19,KXHIGHPHIL-26JUL09-T90,0.0,0.005,0.0
2026-07-09,KPHL,19,KXHIGHPHIL-26JUL09-B87.5,0.0,0.015,0.0
2026-07-09,KPHL,19,KXHIGHPHIL-26JUL09-T83,0.699,0.76,1.0
2026-07-09,KPHL,19,KXHIGHPHIL-26JUL09-B83.5,0.285,0.175,0.0
2026-07-09,KPHL,19,KXHIGHPHIL-26JUL09-B85.5,0.016,0.05,0.0
2026-07-10,KPHL,15,KXHIGHPHIL-26JUL10-B88.5,0.5495,0.42,0.0
2026-07-10,KPHL,15,KXHIGHPHIL-26JUL10-T86,0.0,0.005,0.0
2026-07-10,KPHL,15,KXHIGHPHIL-26JUL10-B86.5,0.216,0.155,1.0
2026-07-10,KPHL,15,KXHIGHPHIL-26JUL10-B92.5,0.0375,0.055,0.0
2026-07-10,KPHL,15,KXHIGHPHIL-26JUL10-B90.5,0.174,0.355,0.0
2026-07-10,KPHL,15,KXHIGHPHIL-26JUL10-T93,0.023,0.005,0.0
2026-07-10,KPHL,17,KXHIGHPHIL-26JUL10-B88.5,0.5715,0.66,0.0
2026-07-10,KPHL,17,KXHIGHPHIL-26JUL10-T86,0.0,0.005,0.0
2026-07-10,KPHL,17,KXHIGHPHIL-26JUL10-B86.5,0.186,0.06,1.0
2026-07-10,KPHL,17,KXHIGHPHIL-26JUL10-B92.5,0.018,0.04,0.0
2026-07-10,KPHL,17,KXHIGHPHIL-26JUL10-B90.5,0.202,0.265,0.0
2026-07-10,KPHL,17,KXHIGHPHIL-26JUL10-T93,0.0225,0.005,0.0
2026-07-10,KPHL,19,KXHIGHPHIL-26JUL10-B88.5,0.729,0.46499999999999997,0.0
2026-07-10,KPHL,19,KXHIGHPHIL-26JUL10-T86,0.0,0.005,0.0
2026-07-10,KPHL,19,KXHIGHPHIL-26JUL10-B86.5,0.193,0.475,1.0
2026-07-10,KPHL,19,KXHIGHPHIL-26JUL10-B92.5,0.001,0.005,0.0
2026-07-10,KPHL,19,KXHIGHPHIL-26JUL10-B90.5,0.077,0.03,0.0
2026-07-10,KPHL,19,KXHIGHPHIL-26JUL10-T93,0.0,0.005,0.0
2026-07-11,KPHL,15,KXHIGHPHIL-26JUL11-B82.5,0.0,0.005,0.0
2026-07-11,KPHL,15,KXHIGHPHIL-26JUL11-T89,0.124,0.015,0.0
2026-07-11,KPHL,15,KXHIGHPHIL-26JUL11-B86.5,0.797,0.49,0.0
2026-07-11,KPHL,15,KXHIGHPHIL-26JUL11-B88.5,0.079,0.175,1.0
2026-07-11,KPHL,15,KXHIGHPHIL-26JUL11-B84.5,0.0,0.26,0.0
2026-07-11,KPHL,15,KXHIGHPHIL-26JUL11-T82,0.0,0.005,0.0
2026-07-11,KPHL,17,KXHIGHPHIL-26JUL11-B82.5,0.0,0.005,0.0
2026-07-11,KPHL,17,KXHIGHPHIL-26JUL11-T89,0.136,0.04,0.0
2026-07-11,KPHL,17,KXHIGHPHIL-26JUL11-B86.5,0.683,0.005,0.0
2026-07-11,KPHL,17,KXHIGHPHIL-26JUL11-B88.5,0.181,0.945,1.0
2026-07-11,KPHL,17,KXHIGHPHIL-26JUL11-B84.5,0.0,0.005,0.0
2026-07-11,KPHL,17,KXHIGHPHIL-26JUL11-T82,0.0,0.005,0.0
2026-07-11,KPHL,19,KXHIGHPHIL-26JUL11-B82.5,0.0,0.005,0.0
2026-07-11,KPHL,19,KXHIGHPHIL-26JUL11-T89,0.0385,0.005,0.0
2026-07-11,KPHL,19,KXHIGHPHIL-26JUL11-B86.5,0.4075,0.005,0.0
2026-07-11,KPHL,19,KXHIGHPHIL-26JUL11-B88.5,0.554,0.995,1.0
2026-07-11,KPHL,19,KXHIGHPHIL-26JUL11-B84.5,0.0,0.005,0.0
2026-07-11,KPHL,19,KXHIGHPHIL-26JUL11-T82,0.0,0.005,0.0
2026-07-12,KPHL,15,KXHIGHPHIL-26JUL12-B84.5,0.0715,0.265,0.0
2026-07-12,KPHL,15,KXHIGHPHIL-26JUL12-B90.5,0.0505,0.035,0.0
2026-07-12,KPHL,15,KXHIGHPHIL-26JUL12-B86.5,0.4985,0.565,0.0
2026-07-12,KPHL,15,KXHIGHPHIL-26JUL12-T84,0.0,0.025,0.0
2026-07-12,KPHL,15,KXHIGHPHIL-26JUL12-T91,0.043,0.005,0.0
2026-07-12,KPHL,15,KXHIGHPHIL-26JUL12-B88.5,0.3365,0.15000000000000002,1.0
2026-07-12,KPHL,17,KXHIGHPHIL-26JUL12-B84.5,0.0,0.005,0.0
2026-07-12,KPHL,17,KXHIGHPHIL-26JUL12-B90.5,0.133,0.07,0.0
2026-07-12,KPHL,17,KXHIGHPHIL-26JUL12-B86.5,0.4495,0.445,0.0
2026-07-12,KPHL,17,KXHIGHPHIL-26JUL12-T84,0.0,0.005,0.0
2026-07-12,KPHL,17,KXHIGHPHIL-26JUL12-T91,0.0335,0.005,0.0
2026-07-12,KPHL,17,KXHIGHPHIL-26JUL12-B88.5,0.384,0.485,1.0
2026-07-12,KPHL,19,KXHIGHPHIL-26JUL12-B84.5,0.0,0.005,0.0
2026-07-12,KPHL,19,KXHIGHPHIL-26JUL12-B90.5,0.0385,0.02,0.0
2026-07-12,KPHL,19,KXHIGHPHIL-26JUL12-B86.5,0.324,0.8,0.0
2026-07-12,KPHL,19,KXHIGHPHIL-26JUL12-T84,0.0,0.005,0.0
2026-07-12,KPHL,19,KXHIGHPHIL-26JUL12-T91,0.0,0.005,0.0
2026-07-12,KPHL,19,KXHIGHPHIL-26JUL12-B88.5,0.6375,0.19,1.0
2026-07-13,KPHL,15,KXHIGHPHIL-26JUL13-T83,0.0125,0.005,0.0
2026-07-13,KPHL,15,KXHIGHPHIL-26JUL13-B89.5,0.076,0.045,0.0
2026-07-13,KPHL,15,KXHIGHPHIL-26JUL13-B85.5,0.3565,0.485,1.0
2026-07-13,KPHL,15,KXHIGHPHIL-26JUL13-B87.5,0.4915,0.46499999999999997,0.0
2026-07-13,KPHL,15,KXHIGHPHIL-26JUL13-B83.5,0.052,0.03,0.0
2026-07-13,KPHL,15,KXHIGHPHIL-26JUL13-T90,0.0115,0.005,0.0
2026-07-13,KPHL,17,KXHIGHPHIL-26JUL13-T83,0.0,0.005,0.0
2026-07-13,KPHL,17,KXHIGHPHIL-26JUL13-B89.5,0.0615,0.04,0.0
2026-07-13,KPHL,17,KXHIGHPHIL-26JUL13-B85.5,0.4025,0.675,1.0
2026-07-13,KPHL,17,KXHIGHPHIL-26JUL13-B87.5,0.4695,0.28,0.0
2026-07-13,KPHL,17,KXHIGHPHIL-26JUL13-B83.5,0.042,0.030000000000000002,0.0
2026-07-13,KPHL,17,KXHIGHPHIL-26JUL13-T90,0.0245,0.005,0.0
2026-07-13,KPHL,19,KXHIGHPHIL-26JUL13-T83,0.0,0.005,0.0
2026-07-13,KPHL,19,KXHIGHPHIL-26JUL13-B89.5,0.02,0.015,0.0
2026-07-13,KPHL,19,KXHIGHPHIL-26JUL13-B85.5,0.612,0.7350000000000001,1.0
2026-07-13,KPHL,19,KXHIGHPHIL-26JUL13-B87.5,0.3535,0.225,0.0
2026-07-13,KPHL,19,KXHIGHPHIL-26JUL13-B83.5,0.014,0.005,0.0
2026-07-13,KPHL,19,KXHIGHPHIL-26JUL13-T90,0.0005,0.005,0.0
2026-07-14,KPHL,15,KXHIGHPHIL-26JUL14-B95.5,0.019,0.195,0.0
2026-07-14,KPHL,15,KXHIGHPHIL-26JUL14-T96,0.008,0.025,0.0
2026-07-14,KPHL,15,KXHIGHPHIL-26JUL14-T89,0.0385,0.005,0.0
2026-07-14,KPHL,15,KXHIGHPHIL-26JUL14-B91.5,0.5425,0.155,1.0
2026-07-14,KPHL,15,KXHIGHPHIL-26JUL14-B93.5,0.198,0.635,0.0
2026-07-14,KPHL,15,KXHIGHPHIL-26JUL14-B89.5,0.194,0.015,0.0
2026-07-14,KPHL,17,KXHIGHPHIL-26JUL14-B95.5,0.0275,0.14500000000000002,0.0
2026-07-14,KPHL,17,KXHIGHPHIL-26JUL14-T96,0.0015,0.02,0.0
2026-07-14,KPHL,17,KXHIGHPHIL-26JUL14-T89,0.007,0.005,0.0
2026-07-14,KPHL,17,KXHIGHPHIL-26JUL14-B91.5,0.566,0.16499999999999998,1.0
2026-07-14,KPHL,17,KXHIGHPHIL-26JUL14-B93.5,0.193,0.715,0.0
2026-07-14,KPHL,17,KXHIGHPHIL-26JUL14-B89.5,0.205,0.025,0.0
2026-07-14,KPHL,19,KXHIGHPHIL-26JUL14-B95.5,0.038,0.155,0.0
2026-07-14,KPHL,19,KXHIGHPHIL-26JUL14-T96,0.0,0.005,0.0
2026-07-14,KPHL,19,KXHIGHPHIL-26JUL14-T89,0.0,0.005,0.0
2026-07-14,KPHL,19,KXHIGHPHIL-26JUL14-B91.5,0.35,0.43,1.0
2026-07-14,KPHL,19,KXHIGHPHIL-26JUL14-B93.5,0.612,0.485,0.0
2026-07-14,KPHL,19,KXHIGHPHIL-26JUL14-B89.5,0.0,0.005,0.0
2026-07-15,KPHL,15,KXHIGHPHIL-26JUL15-B100.5,0.0745,0.4,0.0
2026-07-15,KPHL,15,KXHIGHPHIL-26JUL15-B98.5,0.4285,0.41000000000000003,1.0
2026-07-15,KPHL,15,KXHIGHPHIL-26JUL15-T98,0.4855,0.16,0.0
2026-07-15,KPHL,15,KXHIGHPHIL-26JUL15-B102.5,0.0115,0.060000000000000005,0.0
2026-07-15,KPHL,15,KXHIGHPHIL-26JUL15-B104.5,0.0,0.005,0.0
2026-07-15,KPHL,15,KXHIGHPHIL-26JUL15-T105,0.0,0.005,0.0
2026-07-15,KPHL,17,KXHIGHPHIL-26JUL15-B100.5,0.111,0.475,0.0
2026-07-15,KPHL,17,KXHIGHPHIL-26JUL15-B98.5,0.4965,0.325,1.0
2026-07-15,KPHL,17,KXHIGHPHIL-26JUL15-T98,0.3625,0.1,0.0
2026-07-15,KPHL,17,KXHIGHPHIL-26JUL15-B102.5,0.0295,0.04,0.0
2026-07-15,KPHL,17,KXHIGHPHIL-26JUL15-T105,0.0,0.005,0.0
2026-07-15,KPHL,19,KXHIGHPHIL-26JUL15-B100.5,0.054,0.305,0.0
2026-07-15,KPHL,19,KXHIGHPHIL-26JUL15-B98.5,0.6765,0.705,1.0
2026-07-15,KPHL,19,KXHIGHPHIL-26JUL15-T98,0.269,0.005,0.0
2026-07-15,KPHL,19,KXHIGHPHIL-26JUL15-B102.5,0.0005,0.03,0.0
2026-07-15,KPHL,19,KXHIGHPHIL-26JUL15-B104.5,0.0,0.005,0.0
2026-07-15,KPHL,19,KXHIGHPHIL-26JUL15-T105,0.0,0.005,0.0
2026-07-16,KPHL,15,KXHIGHPHIL-26JUL16-B98.5,0.0675,0.05,0.0
2026-07-16,KPHL,15,KXHIGHPHIL-26JUL16-T101,0.0,0.005,0.0
2026-07-16,KPHL,15,KXHIGHPHIL-26JUL16-B100.5,0.0015,0.005,0.0
2026-07-16,KPHL,15,KXHIGHPHIL-26JUL16-B96.5,0.4175,0.12,0.0
2026-07-16,KPHL,15,KXHIGHPHIL-26JUL16-B94.5,0.374,0.405,1.0
2026-07-16,KPHL,15,KXHIGHPHIL-26JUL16-T94,0.1395,0.45999999999999996,0.0
2026-07-16,KPHL,17,KXHIGHPHIL-26JUL16-B98.5,0.0655,0.025,0.0
2026-07-16,KPHL,17,KXHIGHPHIL-26JUL16-T101,0.0,0.005,0.0
2026-07-16,KPHL,17,KXHIGHPHIL-26JUL16-B100.5,0.0,0.005,0.0
2026-07-16,KPHL,17,KXHIGHPHIL-26JUL16-B96.5,0.3255,0.155,0.0
2026-07-16,KPHL,17,KXHIGHPHIL-26JUL16-B94.5,0.4065,0.51,1.0
2026-07-16,KPHL,17,KXHIGHPHIL-26JUL16-T94,0.2025,0.315,0.0
2026-07-16,KPHL,19,KXHIGHPHIL-26JUL16-B98.5,0.022,0.02,0.0
2026-07-16,KPHL,19,KXHIGHPHIL-26JUL16-T101,0.0,0.005,0.0
2026-07-16,KPHL,19,KXHIGHPHIL-26JUL16-B96.5,0.36,0.11,0.0
2026-07-16,KPHL,19,KXHIGHPHIL-26JUL16-B94.5,0.618,0.77,1.0
2026-07-16,KPHL,19,KXHIGHPHIL-26JUL16-T94,0.0,0.095,0.0
2026-07-17,KPHL,15,KXHIGHPHIL-26JUL17-B90.5,0.3425,0.375,0.0
2026-07-17,KPHL,15,KXHIGHPHIL-26JUL17-B88.5,0.4765,0.355,1.0
2026-07-17,KPHL,15,KXHIGHPHIL-26JUL17-B92.5,0.0265,0.11499999999999999,0.0
2026-07-17,KPHL,15,KXHIGHPHIL-26JUL17-T88,0.1435,0.20500000000000002,0.0
2026-07-17,KPHL,15,KXHIGHPHIL-26JUL17-B94.5,0.011,0.005,0.0
2026-07-17,KPHL,15,KXHIGHPHIL-26JUL17-T95,0.0,0.005,0.0
2026-07-17,KPHL,17,KXHIGHPHIL-26JUL17-B90.5,0.357,0.31,0.0
2026-07-17,KPHL,17,KXHIGHPHIL-26JUL17-B88.5,0.496,0.575,1.0
2026-07-17,KPHL,17,KXHIGHPHIL-26JUL17-B92.5,0.0325,0.055,0.0
2026-07-17,KPHL,17,KXHIGHPHIL-26JUL17-T88,0.0945,0.07500000000000001,0.0
2026-07-17,KPHL,17,KXHIGHPHIL-26JUL17-B94.5,0.02,0.005,0.0
2026-07-17,KPHL,17,KXHIGHPHIL-26JUL17-T95,0.0,0.005,0.0
2026-07-17,KPHL,19,KXHIGHPHIL-26JUL17-B90.5,0.153,0.135,0.0
2026-07-17,KPHL,19,KXHIGHPHIL-26JUL17-B88.5,0.6865,0.745,1.0
2026-07-17,KPHL,19,KXHIGHPHIL-26JUL17-B92.5,0.006,0.025,0.0
2026-07-17,KPHL,19,KXHIGHPHIL-26JUL17-T88,0.1545,0.065,0.0
2026-07-17,KPHL,19,KXHIGHPHIL-26JUL17-B94.5,0.0,0.005,0.0
2026-07-17,KPHL,19,KXHIGHPHIL-26JUL17-T95,0.0,0.005,0.0
2026-07-18,KPHL,15,KXHIGHPHIL-26JUL18-B84.5,0.0415,0.255,0.0
2026-07-18,KPHL,15,KXHIGHPHIL-26JUL18-T89,0.345,0.185,1.0
2026-07-18,KPHL,15,KXHIGHPHIL-26JUL18-B88.5,0.4405,0.255,0.0
2026-07-18,KPHL,15,KXHIGHPHIL-26JUL18-B86.5,0.1545,0.22999999999999998,0.0
2026-07-18,KPHL,15,KXHIGHPHIL-26JUL18-B82.5,0.0185,0.055,0.0
2026-07-18,KPHL,15,KXHIGHPHIL-26JUL18-T82,0.0,0.04,0.0
2026-07-18,KPHL,17,KXHIGHPHIL-26JUL18-B84.5,0.0,0.055,0.0
2026-07-18,KPHL,17,KXHIGHPHIL-26JUL18-T89,0.438,0.325,1.0
2026-07-18,KPHL,17,KXHIGHPHIL-26JUL18-B88.5,0.474,0.315,0.0
2026-07-18,KPHL,17,KXHIGHPHIL-26JUL18-B86.5,0.088,0.265,0.0
2026-07-18,KPHL,17,KXHIGHPHIL-26JUL18-B82.5,0.0,0.005,0.0
2026-07-18,KPHL,17,KXHIGHPHIL-26JUL18-T82,0.0,0.005,0.0
2026-07-18,KPHL,19,KXHIGHPHIL-26JUL18-B84.5,0.0,0.005,0.0
2026-07-18,KPHL,19,KXHIGHPHIL-26JUL18-T89,1.0,0.995,1.0
2026-07-18,KPHL,19,KXHIGHPHIL-26JUL18-B88.5,0.0,0.005,0.0
2026-07-18,KPHL,19,KXHIGHPHIL-26JUL18-B86.5,0.0,0.005,0.0
2026-07-18,KPHL,19,KXHIGHPHIL-26JUL18-B82.5,0.0,0.005,0.0
2026-07-18,KPHL,19,KXHIGHPHIL-26JUL18-T82,0.0,0.005,0.0
2026-07-19,KPHL,15,KXHIGHPHIL-26JUL19-B84.5,0.542,0.445,1.0
2026-07-19,KPHL,15,KXHIGHPHIL-26JUL19-B82.5,0.2755,0.095,0.0
2026-07-19,KPHL,15,KXHIGHPHIL-26JUL19-B86.5,0.1315,0.37,0.0
2026-07-19,KPHL,15,KXHIGHPHIL-26JUL19-T89,0.017,0.005,0.0
2026-07-19,KPHL,15,KXHIGHPHIL-26JUL19-T82,0.0135,0.015,0.0
2026-07-19,KPHL,15,KXHIGHPHIL-26JUL19-B88.5,0.0205,0.095,0.0
2026-07-19,KPHL,17,KXHIGHPHIL-26JUL19-B84.5,0.678,0.6,1.0
2026-07-19,KPHL,17,KXHIGHPHIL-26JUL19-B82.5,0.0,0.14500000000000002,0.0
2026-07-19,KPHL,17,KXHIGHPHIL-26JUL19-B86.5,0.2435,0.25,0.0
2026-07-19,KPHL,17,KXHIGHPHIL-26JUL19-T89,0.0295,0.005,0.0
2026-07-19,KPHL,17,KXHIGHPHIL-26JUL19-T82,0.0,0.005,0.0
2026-07-19,KPHL,17,KXHIGHPHIL-26JUL19-B88.5,0.049,0.035,0.0
2026-07-19,KPHL,19,KXHIGHPHIL-26JUL19-B84.5,0.7535,0.8200000000000001,1.0
2026-07-19,KPHL,19,KXHIGHPHIL-26JUL19-B82.5,0.0,0.005,0.0
2026-07-19,KPHL,19,KXHIGHPHIL-26JUL19-B86.5,0.245,0.175,0.0
2026-07-19,KPHL,19,KXHIGHPHIL-26JUL19-T89,0.0,0.005,0.0
2026-07-19,KPHL,19,KXHIGHPHIL-26JUL19-T82,0.0,0.005,0.0
2026-07-19,KPHL,19,KXHIGHPHIL-26JUL19-B88.5,0.0015,0.015,0.0
2026-07-20,KPHL,15,KXHIGHPHIL-26JUL20-B84.5,0.435,0.515,1.0
2026-07-20,KPHL,15,KXHIGHPHIL-26JUL20-B82.5,0.0975,0.045,0.0
2026-07-20,KPHL,15,KXHIGHPHIL-26JUL20-T89,0.016,0.005,0.0
2026-07-20,KPHL,15,KXHIGHPHIL-26JUL20-B88.5,0.05,0.005,0.0
2026-07-20,KPHL,15,KXHIGHPHIL-26JUL20-B86.5,0.385,0.445,0.0
2026-07-20,KPHL,15,KXHIGHPHIL-26JUL20-T82,0.0165,0.005,0.0
2026-07-20,KPHL,17,KXHIGHPHIL-26JUL20-B84.5,0.473,0.305,1.0
2026-07-20,KPHL,17,KXHIGHPHIL-26JUL20-B82.5,0.0615,0.035,0.0
2026-07-20,KPHL,17,KXHIGHPHIL-26JUL20-T89,0.0275,0.005,0.0
2026-07-20,KPHL,17,KXHIGHPHIL-26JUL20-B88.5,0.056,0.025,0.0
2026-07-20,KPHL,17,KXHIGHPHIL-26JUL20-B86.5,0.382,0.675,0.0
2026-07-20,KPHL,17,KXHIGHPHIL-26JUL20-T82,0.0,0.005,0.0
2026-07-20,KPHL,19,KXHIGHPHIL-26JUL20-B84.5,0.671,0.755,1.0
2026-07-20,KPHL,19,KXHIGHPHIL-26JUL20-B82.5,0.0,0.005,0.0
2026-07-20,KPHL,19,KXHIGHPHIL-26JUL20-T89,0.0,0.005,0.0
2026-07-20,KPHL,19,KXHIGHPHIL-26JUL20-B88.5,0.018,0.005,0.0
2026-07-20,KPHL,19,KXHIGHPHIL-26JUL20-B86.5,0.311,0.22999999999999998,0.0
2026-07-20,KPHL,19,KXHIGHPHIL-26JUL20-T82,0.0,0.005,0.0
2026-07-21,KPHL,15,KXHIGHPHIL-26JUL21-B81.5,0.0,0.005,0.0
2026-07-21,KPHL,15,KXHIGHPHIL-26JUL21-B83.5,0.035,0.10500000000000001,0.0
2026-07-21,KPHL,15,KXHIGHPHIL-26JUL21-B87.5,0.484,0.305,1.0
2026-07-21,KPHL,15,KXHIGHPHIL-26JUL21-B85.5,0.269,0.435,0.0
2026-07-21,KPHL,15,KXHIGHPHIL-26JUL21-T88,0.212,0.165,0.0
2026-07-21,KPHL,15,KXHIGHPHIL-26JUL21-T81,0.0,0.005,0.0
2026-07-21,KPHL,17,KXHIGHPHIL-26JUL21-B81.5,0.0,0.005,0.0
2026-07-21,KPHL,17,KXHIGHPHIL-26JUL21-B83.5,0.019,0.07,0.0
2026-07-21,KPHL,17,KXHIGHPHIL-26JUL21-B87.5,0.515,0.355,1.0
2026-07-21,KPHL,17,KXHIGHPHIL-26JUL21-B85.5,0.272,0.39,0.0
2026-07-21,KPHL,17,KXHIGHPHIL-26JUL21-T88,0.194,0.14500000000000002,0.0
2026-07-21,KPHL,17,KXHIGHPHIL-26JUL21-T81,0.0,0.005,0.0
2026-07-21,KPHL,19,KXHIGHPHIL-26JUL21-B81.5,0.0,0.005,0.0
2026-07-21,KPHL,19,KXHIGHPHIL-26JUL21-B83.5,0.0,0.005,0.0
2026-07-21,KPHL,19,KXHIGHPHIL-26JUL21-B87.5,0.6825,0.725,1.0
2026-07-21,KPHL,19,KXHIGHPHIL-26JUL21-B85.5,0.0745,0.005,0.0
2026-07-21,KPHL,19,KXHIGHPHIL-26JUL21-T88,0.243,0.27,0.0
2026-07-21,KPHL,19,KXHIGHPHIL-26JUL21-T81,0.0,0.005,0.0
2026-07-22,KPHL,15,KXHIGHPHIL-26JUL22-T82,0.0,0.005,0.0
2026-07-22,KPHL,15,KXHIGHPHIL-26JUL22-B86.5,0.023,0.265,0.0
2026-07-22,KPHL,15,KXHIGHPHIL-26JUL22-B82.5,0.0,0.005,0.0
2026-07-22,KPHL,15,KXHIGHPHIL-26JUL22-B88.5,0.276,0.46499999999999997,0.0
2026-07-22,KPHL,15,KXHIGHPHIL-26JUL22-B84.5,0.0,0.045,0.0
2026-07-22,KPHL,15,KXHIGHPHIL-26JUL22-T89,0.701,0.215,1.0
2026-07-22,KPHL,17,KXHIGHPHIL-26JUL22-T82,0.0,0.005,0.0
2026-07-22,KPHL,17,KXHIGHPHIL-26JUL22-B86.5,0.0,0.005,0.0
2026-07-22,KPHL,17,KXHIGHPHIL-26JUL22-B82.5,0.0,0.005,0.0
2026-07-22,KPHL,17,KXHIGHPHIL-26JUL22-B88.5,0.2855,0.39,0.0
2026-07-22,KPHL,17,KXHIGHPHIL-26JUL22-B84.5,0.0,0.005,0.0
2026-07-22,KPHL,17,KXHIGHPHIL-26JUL22-T89,0.7145,0.62,1.0
2026-07-22,KPHL,19,KXHIGHPHIL-26JUL22-T82,0.0,0.005,0.0
2026-07-22,KPHL,19,KXHIGHPHIL-26JUL22-B86.5,0.0,0.005,0.0
2026-07-22,KPHL,19,KXHIGHPHIL-26JUL22-B82.5,0.0,0.005,0.0
2026-07-22,KPHL,19,KXHIGHPHIL-26JUL22-B88.5,0.2095,0.16,0.0
2026-07-22,KPHL,19,KXHIGHPHIL-26JUL22-B84.5,0.0,0.005,0.0
2026-07-22,KPHL,19,KXHIGHPHIL-26JUL22-T89,0.7905,0.84,1.0
2026-07-23,KPHL,15,KXHIGHPHIL-26JUL23-B85.5,0.2235,0.135,0.0
2026-07-23,KPHL,15,KXHIGHPHIL-26JUL23-B83.5,0.4775,0.475,1.0
2026-07-23,KPHL,15,KXHIGHPHIL-26JUL23-T86,0.051,0.025,0.0
2026-07-23,KPHL,15,KXHIGHPHIL-26JUL23-T79,0.005,0.005,0.0
2026-07-23,KPHL,15,KXHIGHPHIL-26JUL23-B79.5,0.032,0.015,0.0
2026-07-23,KPHL,15,KXHIGHPHIL-26JUL23-B81.5,0.211,0.38,0.0
2026-07-23,KPHL,17,KXHIGHPHIL-26JUL23-B85.5,0.23,0.2,0.0
2026-07-23,KPHL,17,KXHIGHPHIL-26JUL23-B83.5,0.534,0.605,1.0
2026-07-23,KPHL,17,KXHIGHPHIL-26JUL23-T86,0.0445,0.005,0.0
2026-07-23,KPHL,17,KXHIGHPHIL-26JUL23-T79,0.0,0.005,0.0
2026-07-23,KPHL,17,KXHIGHPHIL-26JUL23-B79.5,0.008,0.005,0.0
2026-07-23,KPHL,17,KXHIGHPHIL-26JUL23-B81.5,0.1835,0.20500000000000002,0.0
2026-07-23,KPHL,19,KXHIGHPHIL-26JUL23-B85.5,0.0995,0.1,0.0
2026-07-23,KPHL,19,KXHIGHPHIL-26JUL23-B83.5,0.711,0.725,1.0
2026-07-23,KPHL,19,KXHIGHPHIL-26JUL23-T86,0.003,0.01,0.0
2026-07-23,KPHL,19,KXHIGHPHIL-26JUL23-T79,0.0,0.005,0.0
2026-07-23,KPHL,19,KXHIGHPHIL-26JUL23-B79.5,0.0,0.005,0.0
2026-07-23,KPHL,19,KXHIGHPHIL-26JUL23-B81.5,0.1865,0.155,0.0
2026-07-24,KPHL,15,KXHIGHPHIL-26JUL24-B86.5,0.3105,0.355,0.0
2026-07-24,KPHL,15,KXHIGHPHIL-26JUL24-T82,0.0,0.01,0.0
2026-07-24,KPHL,15,KXHIGHPHIL-26JUL24-B88.5,0.062,0.045,0.0
2026-07-24,KPHL,15,KXHIGHPHIL-26JUL24-B84.5,0.496,0.56,1.0
2026-07-24,KPHL,15,KXHIGHPHIL-26JUL24-T89,0.027,0.01,0.0
2026-07-24,KPHL,15,KXHIGHPHIL-26JUL24-B82.5,0.1045,0.08,0.0
2026-07-24,KPHL,17,KXHIGHPHIL-26JUL24-B86.5,0.34,0.325,0.0
2026-07-24,KPHL,17,KXHIGHPHIL-26JUL24-T82,0.0,0.005,0.0
2026-07-24,KPHL,17,KXHIGHPHIL-26JUL24-B88.5,0.0285,0.045,0.0
2026-07-24,KPHL,17,KXHIGHPHIL-26JUL24-B84.5,0.5185,0.58,1.0
2026-07-24,KPHL,17,KXHIGHPHIL-26JUL24-T89,0.025,0.005,0.0
2026-07-24,KPHL,17,KXHIGHPHIL-26JUL24-B82.5,0.088,0.065,0.0
2026-07-24,KPHL,19,KXHIGHPHIL-26JUL24-B86.5,0.1135,0.25,0.0
2026-07-24,KPHL,19,KXHIGHPHIL-26JUL24-T82,0.0,0.005,0.0
2026-07-24,KPHL,19,KXHIGHPHIL-26JUL24-B88.5,0.008,0.025,0.0
2026-07-24,KPHL,19,KXHIGHPHIL-26JUL24-B84.5,0.7265,0.745,1.0
2026-07-24,KPHL,19,KXHIGHPHIL-26JUL24-T89,0.0,0.005,0.0
2026-07-24,KPHL,19,KXHIGHPHIL-26JUL24-B82.5,0.152,0.005,0.0
2026-07-25,KPHL,15,KXHIGHPHIL-26JUL25-T83,0.035,0.025,0.0
2026-07-25,KPHL,15,KXHIGHPHIL-26JUL25-B83.5,0.4535,0.435,0.0
2026-07-25,KPHL,15,KXHIGHPHIL-26JUL25-T90,0.006,0.005,0.0
2026-07-25,KPHL,15,KXHIGHPHIL-26JUL25-B87.5,0.039,0.045,0.0
2026-07-25,KPHL,15,KXHIGHPHIL-26JUL25-B89.5,0.0115,0.02,0.0
2026-07-25,KPHL,15,KXHIGHPHIL-26JUL25-B85.5,0.455,0.55,1.0
2026-07-25,KPHL,17,KXHIGHPHIL-26JUL25-T83,0.014,0.02,0.0
2026-07-25,KPHL,17,KXHIGHPHIL-26JUL25-B83.5,0.4065,0.585,0.0
2026-07-25,KPHL,17,KXHIGHPHIL-26JUL25-T90,0.0005,0.005,0.0
2026-07-25,KPHL,17,KXHIGHPHIL-26JUL25-B87.5,0.0645,0.03,0.0
2026-07-25,KPHL,17,KXHIGHPHIL-26JUL25-B89.5,0.0125,0.005,0.0
2026-07-25,KPHL,17,KXHIGHPHIL-26JUL25-B85.5,0.502,0.415,1.0
2026-07-25,KPHL,19,KXHIGHPHIL-26JUL25-T83,0.0,0.005,0.0
2026-07-25,KPHL,19,KXHIGHPHIL-26JUL25-B83.5,0.178,0.005,0.0
2026-07-25,KPHL,19,KXHIGHPHIL-26JUL25-T90,0.0,0.005,0.0
2026-07-25,KPHL,19,KXHIGHPHIL-26JUL25-B87.5,0.195,0.065,0.0
2026-07-25,KPHL,19,KXHIGHPHIL-26JUL25-B89.5,0.0,0.025,0.0
2026-07-25,KPHL,19,KXHIGHPHIL-26JUL25-B85.5,0.627,0.895,1.0
2026-07-26,KPHL,15,KXHIGHPHIL-26JUL26-B86.5,0.579,0.485,0.0
2026-07-26,KPHL,15,KXHIGHPHIL-26JUL26-B90.5,0.004,0.005,0.0
2026-07-26,KPHL,15,KXHIGHPHIL-26JUL26-T84,0.0625,0.095,0.0
2026-07-26,KPHL,15,KXHIGHPHIL-26JUL26-B84.5,0.272,0.355,1.0
2026-07-26,KPHL,15,KXHIGHPHIL-26JUL26-B88.5,0.0825,0.045,0.0
2026-07-26,KPHL,15,KXHIGHPHIL-26JUL26-T91,0.0,0.005,0.0
2026-07-26,KPHL,17,KXHIGHPHIL-26JUL26-B86.5,0.6095,0.395,0.0
2026-07-26,KPHL,17,KXHIGHPHIL-26JUL26-B90.5,0.0,0.005,0.0
2026-07-26,KPHL,17,KXHIGHPHIL-26JUL26-T84,0.0025,0.10500000000000001,0.0
2026-07-26,KPHL,17,KXHIGHPHIL-26JUL26-B84.5,0.337,0.43,1.0
2026-07-26,KPHL,17,KXHIGHPHIL-26JUL26-B88.5,0.051,0.055,0.0
2026-07-26,KPHL,17,KXHIGHPHIL-26JUL26-T91,0.0,0.005,0.0
2026-07-26,KPHL,19,KXHIGHPHIL-26JUL26-B86.5,0.4065,0.115,0.0
2026-07-26,KPHL,19,KXHIGHPHIL-26JUL26-B90.5,0.0,0.005,0.0
2026-07-26,KPHL,19,KXHIGHPHIL-26JUL26-T84,0.0,0.005,0.0
2026-07-26,KPHL,19,KXHIGHPHIL-26JUL26-B84.5,0.586,0.825,1.0
2026-07-26,KPHL,19,KXHIGHPHIL-26JUL26-B88.5,0.0075,0.025,0.0
2026-07-26,KPHL,19,KXHIGHPHIL-26JUL26-T91,0.0,0.005,0.0
2026-07-27,KPHL,15,KXHIGHPHIL-26JUL27-T83,0.0,0.015,0.0
2026-07-27,KPHL,15,KXHIGHPHIL-26JUL27-B83.5,0.0065,0.045,0.0
2026-07-27,KPHL,15,KXHIGHPHIL-26JUL27-B87.5,0.4985,0.565,1.0
2026-07-27,KPHL,15,KXHIGHPHIL-26JUL27-B85.5,0.3725,0.36,0.0
2026-07-27,KPHL,15,KXHIGHPHIL-26JUL27-B89.5,0.086,0.03,0.0
2026-07-27,KPHL,15,KXHIGHPHIL-26JUL27-T90,0.0365,0.005,0.0
2026-07-27,KPHL,17,KXHIGHPHIL-26JUL27-T83,0.0,0.005,0.0
2026-07-27,KPHL,17,KXHIGHPHIL-26JUL27-B83.5,0.0,0.005,0.0
2026-07-27,KPHL,17,KXHIGHPHIL-26JUL27-B87.5,0.601,0.66,1.0
2026-07-27,KPHL,17,KXHIGHPHIL-26JUL27-B85.5,0.24,0.095,0.0
2026-07-27,KPHL,17,KXHIGHPHIL-26JUL27-B89.5,0.138,0.185,0.0
2026-07-27,KPHL,17,KXHIGHPHIL-26JUL27-T90,0.021,0.005,0.0
2026-07-27,KPHL,19,KXHIGHPHIL-26JUL27-T83,0.0,0.005,0.0
2026-07-27,KPHL,19,KXHIGHPHIL-26JUL27-B83.5,0.0,0.005,0.0
2026-07-27,KPHL,19,KXHIGHPHIL-26JUL27-B87.5,0.7645,0.955,1.0
2026-07-27,KPHL,19,KXHIGHPHIL-26JUL27-B85.5,0.223,0.005,0.0
2026-07-27,KPHL,19,KXHIGHPHIL-26JUL27-B89.5,0.0125,0.045,0.0
2026-07-27,KPHL,19,KXHIGHPHIL-26JUL27-T90,0.0,0.005,0.0
2026-07-28,KPHL,15,KXHIGHPHIL-26JUL28-B81.5,0.034,0.005,0.0
2026-07-28,KPHL,15,KXHIGHPHIL-26JUL28-T77,0.0,0.005,0.0
2026-07-28,KPHL,15,KXHIGHPHIL-26JUL28-B77.5,0.0,0.005,0.0
2026-07-28,KPHL,15,KXHIGHPHIL-26JUL28-B79.5,0.0,0.005,0.0
2026-07-28,KPHL,15,KXHIGHPHIL-26JUL28-B83.5,0.4955,0.41000000000000003,0.0
2026-07-28,KPHL,15,KXHIGHPHIL-26JUL28-T84,0.4705,0.5700000000000001,1.0
2026-07-28,KPHL,17,KXHIGHPHIL-26JUL28-B81.5,0.0,0.005,0.0
2026-07-28,KPHL,17,KXHIGHPHIL-26JUL28-T77,0.0,0.005,0.0
2026-07-28,KPHL,17,KXHIGHPHIL-26JUL28-B77.5,0.0,0.005,0.0
2026-07-28,KPHL,17,KXHIGHPHIL-26JUL28-B79.5,0.0,0.005,0.0
2026-07-28,KPHL,17,KXHIGHPHIL-26JUL28-B83.5,0.407,0.38,0.0
2026-07-28,KPHL,17,KXHIGHPHIL-26JUL28-T84,0.593,0.585,1.0
2026-07-28,KPHL,19,KXHIGHPHIL-26JUL28-B81.5,0.0,0.005,0.0
2026-07-28,KPHL,19,KXHIGHPHIL-26JUL28-T77,0.0,0.005,0.0
2026-07-28,KPHL,19,KXHIGHPHIL-26JUL28-B77.5,0.0,0.005,0.0
2026-07-28,KPHL,19,KXHIGHPHIL-26JUL28-B79.5,0.0,0.005,0.0
2026-07-28,KPHL,19,KXHIGHPHIL-26JUL28-B83.5,0.316,0.005,0.0
2026-07-28,KPHL,19,KXHIGHPHIL-26JUL28-T84,0.684,0.995,1.0
2026-07-29,KPHL,15,KXHIGHPHIL-26JUL29-B83.5,0.244,0.29000000000000004,0.0
2026-07-29,KPHL,15,KXHIGHPHIL-26JUL29-B85.5,0.5905,0.495,1.0
2026-07-29,KPHL,15,KXHIGHPHIL-26JUL29-B79.5,0.0,0.025,0.0
2026-07-29,KPHL,15,KXHIGHPHIL-26JUL29-T79,0.0,0.005,0.0
2026-07-29,KPHL,15,KXHIGHPHIL-26JUL29-B81.5,0.0025,0.025,0.0
2026-07-29,KPHL,15,KXHIGHPHIL-26JUL29-T86,0.163,0.15500000000000003,0.0
2026-07-29,KPHL,17,KXHIGHPHIL-26JUL29-B83.5,0.144,0.005,0.0
2026-07-29,KPHL,17,KXHIGHPHIL-26JUL29-B85.5,0.547,0.55,1.0
2026-07-29,KPHL,17,KXHIGHPHIL-26JUL29-B79.5,0.0,0.005,0.0
2026-07-29,KPHL,17,KXHIGHPHIL-26JUL29-T79,0.0,0.005,0.0
2026-07-29,KPHL,17,KXHIGHPHIL-26JUL29-B81.5,0.0,0.005,0.0
2026-07-29,KPHL,17,KXHIGHPHIL-26JUL29-T86,0.309,0.42,0.0
2026-07-29,KPHL,19,KXHIGHPHIL-26JUL29-B83.5,0.053,0.005,0.0
2026-07-29,KPHL,19,KXHIGHPHIL-26JUL29-B85.5,0.7765,0.875,1.0
2026-07-29,KPHL,19,KXHIGHPHIL-26JUL29-B79.5,0.0,0.005,0.0
2026-07-29,KPHL,19,KXHIGHPHIL-26JUL29-T79,0.0,0.005,0.0
2026-07-29,KPHL,19,KXHIGHPHIL-26JUL29-B81.5,0.0,0.005,0.0
2026-07-29,KPHL,19,KXHIGHPHIL-26JUL29-T86,0.1705,0.14500000000000002,0.0
2026-07-30,KPHL,15,KXHIGHPHIL-26JUL30-B80.5,0.071,0.095,0.0
2026-07-30,KPHL,15,KXHIGHPHIL-26JUL30-T87,0.016,0.005,0.0
2026-07-30,KPHL,15,KXHIGHPHIL-26JUL30-T80,0.0,0.005,0.0
2026-07-30,KPHL,15,KXHIGHPHIL-26JUL30-B86.5,0.024,0.155,0.0
2026-07-30,KPHL,15,KXHIGHPHIL-26JUL30-B84.5,0.301,0.45999999999999996,0.0
2026-07-30,KPHL,15,KXHIGHPHIL-26JUL30-B82.5,0.588,0.33,1.0
2026-07-30,KPHL,17,KXHIGHPHIL-26JUL30-B80.5,0.0905,0.065,0.0
2026-07-30,KPHL,17,KXHIGHPHIL-26JUL30-T87,0.0,0.005,0.0
2026-07-30,KPHL,17,KXHIGHPHIL-26JUL30-T80,0.0,0.005,0.0
2026-07-30,KPHL,17,KXHIGHPHIL-26JUL30-B86.5,0.0105,0.09,0.0
2026-07-30,KPHL,17,KXHIGHPHIL-26JUL30-B84.5,0.19,0.445,0.0
2026-07-30,KPHL,17,KXHIGHPHIL-26JUL30-B82.5,0.709,0.395,1.0
2026-07-30,KPHL,19,KXHIGHPHIL-26JUL30-B80.5,0.0,0.005,0.0
2026-07-30,KPHL,19,KXHIGHPHIL-26JUL30-T87,0.0,0.005,0.0
2026-07-30,KPHL,19,KXHIGHPHIL-26JUL30-T80,0.0,0.005,0.0
2026-07-30,KPHL,19,KXHIGHPHIL-26JUL30-B86.5,0.0005,0.025,0.0
2026-07-30,KPHL,19,KXHIGHPHIL-26JUL30-B84.5,0.273,0.18,0.0
2026-07-30,KPHL,19,KXHIGHPHIL-26JUL30-B82.5,0.7265,0.745,1.0
2026-07-31,KPHL,15,KXHIGHPHIL-26JUL31-T84,0.0,0.01,0.0
2026-07-31,KPHL,15,KXHIGHPHIL-26JUL31-B88.5,0.6195,0.555,1.0
2026-07-31,KPHL,15,KXHIGHPHIL-26JUL31-B86.5,0.126,0.275,0.0
2026-07-31,KPHL,15,KXHIGHPHIL-26JUL31-B90.5,0.226,0.125,0.0
2026-07-31,KPHL,15,KXHIGHPHIL-26JUL31-T91,0.014,0.005,0.0
2026-07-31,KPHL,15,KXHIGHPHIL-26JUL31-B84.5,0.0145,0.03,0.0
2026-07-31,KPHL,17,KXHIGHPHIL-26JUL31-T84,0.0,0.005,0.0
2026-07-31,KPHL,17,KXHIGHPHIL-26JUL31-B88.5,0.765,0.625,1.0
2026-07-31,KPHL,17,KXHIGHPHIL-26JUL31-B86.5,0.077,0.325,0.0
2026-07-31,KPHL,17,KXHIGHPHIL-26JUL31-B90.5,0.145,0.055,0.0
2026-07-31,KPHL,17,KXHIGHPHIL-26JUL31-T91,0.013,0.005,0.0
2026-07-31,KPHL,17,KXHIGHPHIL-26JUL31-B84.5,0.0,0.005,0.0
2026-07-31,KPHL,19,KXHIGHPHIL-26JUL31-T84,0.0,0.005,0.0
2026-07-31,KPHL,19,KXHIGHPHIL-26JUL31-B88.5,0.761,0.815,1.0
2026-07-31,KPHL,19,KXHIGHPHIL-26JUL31-B86.5,0.0,0.005,0.0
2026-07-31,KPHL,19,KXHIGHPHIL-26JUL31-B90.5,0.2385,0.155,0.0
2026-07-31,KPHL,19,KXHIGHPHIL-26JUL31-T91,0.0005,0.005,0.0
2026-07-31,KPHL,19,KXHIGHPHIL-26JUL31-B84.5,0.0,0.005,0.0
2026-08-01,KPHL,15,KXHIGHPHIL-26AUG01-T86,0.0,0.015,0.0
2026-08-01,KPHL,15,KXHIGHPHIL-26AUG01-B86.5,0.0,0.09,0.0
2026-08-01,KPHL,15,KXHIGHPHIL-26AUG01-T93,0.0395,0.005,0.0
2026-08-01,KPHL,15,KXHIGHPHIL-26AUG01-B92.5,0.1235,0.01,0.0
2026-08-01,KPHL,15,KXHIGHPHIL-26AUG01-B90.5,0.6345,0.355,1.0
2026-08-01,KPHL,15,KXHIGHPHIL-26AUG01-B88.5,0.2025,0.505,0.0
2026-08-01,KPHL,17,KXHIGHPHIL-26AUG01-T86,0.0,0.005,0.0
2026-08-01,KPHL,17,KXHIGHPHIL-26AUG01-B86.5,0.0,0.005,0.0
2026-08-01,KPHL,17,KXHIGHPHIL-26AUG01-T93,0.009,0.005,0.0
2026-08-01,KPHL,17,KXHIGHPHIL-26AUG01-B92.5,0.056,0.035,0.0
2026-08-01,KPHL,17,KXHIGHPHIL-26AUG01-B90.5,0.7205,0.535,1.0
2026-08-01,KPHL,17,KXHIGHPHIL-26AUG01-B88.5,0.2145,0.44499999999999995,0.0
2026-08-01,KPHL,19,KXHIGHPHIL-26AUG01-T86,0.0,0.005,0.0
2026-08-01,KPHL,19,KXHIGHPHIL-26AUG01-B86.5,0.0,0.005,0.0
2026-08-01,KPHL,19,KXHIGHPHIL-26AUG01-T93,0.0,0.005,0.0
2026-08-01,KPHL,19,KXHIGHPHIL-26AUG01-B92.5,0.1725,0.05500000000000001,0.0
2026-08-01,KPHL,19,KXHIGHPHIL-26AUG01-B90.5,0.8275,0.955,1.0
2026-08-01,KPHL,19,KXHIGHPHIL-26AUG01-B88.5,0.0,0.005,0.0
2026-08-02,KPHL,15,KXHIGHPHIL-26AUG02-B89.5,0.616,0.585,0.0
2026-08-02,KPHL,15,KXHIGHPHIL-26AUG02-B91.5,0.302,0.095,1.0
2026-08-02,KPHL,15,KXHIGHPHIL-26AUG02-B85.5,0.0,0.065,0.0
2026-08-02,KPHL,15,KXHIGHPHIL-26AUG02-B87.5,0.0405,0.265,0.0
2026-08-02,KPHL,15,KXHIGHPHIL-26AUG02-T85,0.0,0.005,0.0
2026-08-02,KPHL,15,KXHIGHPHIL-26AUG02-T92,0.0415,0.005,0.0
2026-08-02,KPHL,17,KXHIGHPHIL-26AUG02-B89.5,0.5195,0.74,0.0
2026-08-02,KPHL,17,KXHIGHPHIL-26AUG02-B91.5,0.433,0.255,1.0
2026-08-02,KPHL,17,KXHIGHPHIL-26AUG02-B85.5,0.0,0.005,0.0
2026-08-02,KPHL,17,KXHIGHPHIL-26AUG02-B87.5,0.0115,0.005,0.0
2026-08-02,KPHL,17,KXHIGHPHIL-26AUG02-T85,0.0,0.005,0.0
2026-08-02,KPHL,17,KXHIGHPHIL-26AUG02-T92,0.036,0.025,0.0
2026-08-02,KPHL,19,KXHIGHPHIL-26AUG02-B89.5,0.3515,0.705,0.0
2026-08-02,KPHL,19,KXHIGHPHIL-26AUG02-B91.5,0.643,0.29500000000000004,1.0
2026-08-02,KPHL,19,KXHIGHPHIL-26AUG02-B85.5,0.0,0.005,0.0
2026-08-02,KPHL,19,KXHIGHPHIL-26AUG02-B87.5,0.0,0.005,0.0
2026-08-02,KPHL,19,KXHIGHPHIL-26AUG02-T85,0.0,0.005,0.0
2026-08-02,KPHL,19,KXHIGHPHIL-26AUG02-T92,0.0055,0.005,0.0
2026-08-03,KPHL,15,KXHIGHPHIL-26AUG03-B80.5,0.0,0.01,0.0
2026-08-03,KPHL,15,KXHIGHPHIL-26AUG03-B84.5,0.03,0.08,0.0
2026-08-03,KPHL,15,KXHIGHPHIL-26AUG03-B82.5,0.0,0.025,0.0
2026-08-03,KPHL,15,KXHIGHPHIL-26AUG03-T80,0.0,0.005,0.0
2026-08-03,KPHL,15,KXHIGHPHIL-26AUG03-T87,0.515,0.455,1.0
2026-08-03,KPHL,15,KXHIGHPHIL-26AUG03-B86.5,0.455,0.425,0.0
2026-08-03,KPHL,17,KXHIGHPHIL-26AUG03-B80.5,0.0,0.005,0.0
2026-08-03,KPHL,17,KXHIGHPHIL-26AUG03-B84.5,0.137,0.005,0.0
2026-08-03,KPHL,17,KXHIGHPHIL-26AUG03-B82.5,0.0,0.005,0.0
2026-08-03,KPHL,17,KXHIGHPHIL-26AUG03-T80,0.0,0.005,0.0
2026-08-03,KPHL,17,KXHIGHPHIL-26AUG03-T87,0.281,0.605,1.0
2026-08-03,KPHL,17,KXHIGHPHIL-26AUG03-B86.5,0.582,0.365,0.0
2026-08-03,KPHL,19,KXHIGHPHIL-26AUG03-B80.5,0.0,0.005,0.0
2026-08-03,KPHL,19,KXHIGHPHIL-26AUG03-B84.5,0.0,0.005,0.0
2026-08-03,KPHL,19,KXHIGHPHIL-26AUG03-B82.5,0.0,0.005,0.0
2026-08-03,KPHL,19,KXHIGHPHIL-26AUG03-T80,0.0,0.005,0.0
2026-08-03,KPHL,19,KXHIGHPHIL-26AUG03-T87,0.7365,0.215,1.0
2026-08-03,KPHL,19,KXHIGHPHIL-26AUG03-B86.5,0.2635,0.795,0.0
2026-08-04,KPHL,15,KXHIGHPHIL-26AUG04-B85.5,0.27,0.165,0.0
2026-08-04,KPHL,15,KXHIGHPHIL-26AUG04-B89.5,0.093,0.335,1.0
2026-08-04,KPHL,15,KXHIGHPHIL-26AUG04-T83,0.0,0.005,0.0
2026-08-04,KPHL,15,KXHIGHPHIL-26AUG04-B87.5,0.6095,0.495,0.0
2026-08-04,KPHL,15,KXHIGHPHIL-26AUG04-B83.5,0.013,0.01,0.0
2026-08-04,KPHL,15,KXHIGHPHIL-26AUG04-T90,0.0145,0.035,0.0
2026-08-04,KPHL,17,KXHIGHPHIL-26AUG04-B85.5,0.129,0.11499999999999999,0.0
2026-08-04,KPHL,17,KXHIGHPHIL-26AUG04-B89.5,0.156,0.305,1.0
2026-08-04,KPHL,17,KXHIGHPHIL-26AUG04-T83,0.0,0.005,0.0
2026-08-04,KPHL,17,KXHIGHPHIL-26AUG04-B87.5,0.688,0.585,0.0
2026-08-04,KPHL,17,KXHIGHPHIL-26AUG04-B83.5,0.0,0.005,0.0
2026-08-04,KPHL,17,KXHIGHPHIL-26AUG04-T90,0.027,0.035,0.0
2026-08-04,KPHL,19,KXHIGHPHIL-26AUG04-B85.5,0.0,0.005,0.0
2026-08-04,KPHL,19,KXHIGHPHIL-26AUG04-B89.5,0.611,0.525,1.0
2026-08-04,KPHL,19,KXHIGHPHIL-26AUG04-T83,0.0,0.005,0.0
2026-08-04,KPHL,19,KXHIGHPHIL-26AUG04-B87.5,0.3855,0.405,0.0
2026-08-04,KPHL,19,KXHIGHPHIL-26AUG04-B83.5,0.0,0.005,0.0
2026-08-04,KPHL,19,KXHIGHPHIL-26AUG04-T90,0.0035,0.045,0.0
2026-08-05,KPHL,15,KXHIGHPHIL-26AUG05-B86.5,0.3795,0.575,0.0
2026-08-05,KPHL,15,KXHIGHPHIL-26AUG05-B82.5,0.0,0.025,0.0
2026-08-05,KPHL,15,KXHIGHPHIL-26AUG05-B84.5,0.4745,0.275,1.0
2026-08-05,KPHL,15,KXHIGHPHIL-26AUG05-T89,0.0515,0.015,0.0
2026-08-05,KPHL,15,KXHIGHPHIL-26AUG05-T82,0.0,0.005,0.0
2026-08-05,KPHL,15,KXHIGHPHIL-26AUG05-B88.5,0.0945,0.125,0.0
2026-08-05,KPHL,17,KXHIGHPHIL-26AUG05-B86.5,0.506,0.58,0.0
2026-08-05,KPHL,17,KXHIGHPHIL-26AUG05-B82.5,0.0,0.005,0.0
2026-08-05,KPHL,17,KXHIGHPHIL-26AUG05-B84.5,0.4315,0.24,1.0
2026-08-05,KPHL,17,KXHIGHPHIL-26AUG05-T89,0.0165,0.04,0.0
2026-08-05,KPHL,17,KXHIGHPHIL-26AUG05-T82,0.0,0.005,0.0
2026-08-05,KPHL,17,KXHIGHPHIL-26AUG05-B88.5,0.046,0.155,0.0
2026-08-05,KPHL,19,KXHIGHPHIL-26AUG05-B86.5,0.3005,0.59,0.0
2026-08-05,KPHL,19,KXHIGHPHIL-26AUG05-B82.5,0.0,0.005,0.0
2026-08-05,KPHL,19,KXHIGHPHIL-26AUG05-B84.5,0.6955,0.25,1.0
2026-08-05,KPHL,19,KXHIGHPHIL-26AUG05-T89,0.0,0.035,0.0
2026-08-05,KPHL,19,KXHIGHPHIL-26AUG05-T82,0.0,0.005,0.0
2026-08-05,KPHL,19,KXHIGHPHIL-26AUG05-B88.5,0.004,0.14500000000000002,0.0
2026-08-06,KPHL,15,KXHIGHPHIL-26AUG06-B88.5,0.022,0.005,0.0
2026-08-06,KPHL,15,KXHIGHPHIL-26AUG06-T88,0.0005,0.005,0.0
2026-08-06,KPHL,15,KXHIGHPHIL-26AUG06-T95,0.022,0.005,0.0
2026-08-06,KPHL,15,KXHIGHPHIL-26AUG06-B94.5,0.1435,0.275,0.0
2026-08-06,KPHL,15,KXHIGHPHIL-26AUG06-B92.5,0.59,0.645,1.0
2026-08-06,KPHL,15,KXHIGHPHIL-26AUG06-B90.5,0.222,0.085,0.0
2026-08-06,KPHL,17,KXHIGHPHIL-26AUG06-B88.5,0.0,0.005,0.0
2026-08-06,KPHL,17,KXHIGHPHIL-26AUG06-T88,0.0,0.005,0.0
2026-08-06,KPHL,17,KXHIGHPHIL-26AUG06-T95,0.0085,0.015,0.0
2026-08-06,KPHL,17,KXHIGHPHIL-26AUG06-B94.5,0.135,0.33,0.0
2026-08-06,KPHL,17,KXHIGHPHIL-26AUG06-B92.5,0.6895,0.6699999999999999,1.0
2026-08-06,KPHL,17,KXHIGHPHIL-26AUG06-B90.5,0.167,0.035,0.0
2026-08-06,KPHL,19,KXHIGHPHIL-26AUG06-B88.5,0.0,0.005,0.0
2026-08-06,KPHL,19,KXHIGHPHIL-26AUG06-T88,0.0,0.005,0.0
2026-08-06,KPHL,19,KXHIGHPHIL-26AUG06-T95,0.0,0.005,0.0
2026-08-06,KPHL,19,KXHIGHPHIL-26AUG06-B94.5,0.254,0.23500000000000001,0.0
2026-08-06,KPHL,19,KXHIGHPHIL-26AUG06-B92.5,0.746,0.695,1.0
2026-08-06,KPHL,19,KXHIGHPHIL-26AUG06-B90.5,0.0,0.005,0.0
2026-08-07,KPHL,15,KXHIGHPHIL-26AUG07-T96,0.023,0.025,0.0
2026-08-07,KPHL,15,KXHIGHPHIL-26AUG07-B95.5,0.081,0.12,0.0
2026-08-07,KPHL,15,KXHIGHPHIL-26AUG07-B93.5,0.453,0.475,1.0
2026-08-07,KPHL,15,KXHIGHPHIL-26AUG07-T89,0.0,0.015,0.0
2026-08-07,KPHL,15,KXHIGHPHIL-26AUG07-B91.5,0.3995,0.32999999999999996,0.0
2026-08-07,KPHL,15,KXHIGHPHIL-26AUG07-B89.5,0.0435,0.03,0.0
2026-08-07,KPHL,17,KXHIGHPHIL-26AUG07-T96,0.023,0.015,0.0
2026-08-07,KPHL,17,KXHIGHPHIL-26AUG07-B95.5,0.1295,0.175,0.0
2026-08-07,KPHL,17,KXHIGHPHIL-26AUG07-B93.5,0.5705,0.585,1.0
2026-08-07,KPHL,17,KXHIGHPHIL-26AUG07-T89,0.0,0.005,0.0
2026-08-07,KPHL,17,KXHIGHPHIL-26AUG07-B91.5,0.277,0.215,0.0
2026-08-07,KPHL,17,KXHIGHPHIL-26AUG07-B89.5,0.0,0.005,0.0
2026-08-07,KPHL,19,KXHIGHPHIL-26AUG07-T96,0.0,0.01,0.0
2026-08-07,KPHL,19,KXHIGHPHIL-26AUG07-B95.5,0.166,0.26,0.0
2026-08-07,KPHL,19,KXHIGHPHIL-26AUG07-B93.5,0.7345,0.6950000000000001,1.0
2026-08-07,KPHL,19,KXHIGHPHIL-26AUG07-T89,0.0,0.005,0.0
2026-08-07,KPHL,19,KXHIGHPHIL-26AUG07-B91.5,0.0995,0.005,0.0
2026-08-07,KPHL,19,KXHIGHPHIL-26AUG07-B89.5,0.0,0.005,0.0
2026-08-08,KPHL,15,KXHIGHPHIL-26AUG08-B89.5,0.3,0.055,0.0
2026-08-08,KPHL,15,KXHIGHPHIL-26AUG08-T89,0.015,0.025,0.0
2026-08-08,KPHL,15,KXHIGHPHIL-26AUG08-B91.5,0.513,0.405,1.0
2026-08-08,KPHL,15,KXHIGHPHIL-26AUG08-B95.5,0.0225,0.055,0.0
2026-08-08,KPHL,15,KXHIGHPHIL-26AUG08-B93.5,0.138,0.475,0.0
2026-08-08,KPHL,15,KXHIGHPHIL-26AUG08-T96,0.0115,0.015,0.0
2026-08-08,KPHL,17,KXHIGHPHIL-26AUG08-B89.5,0.162,0.07,0.0
2026-08-08,KPHL,17,KXHIGHPHIL-26AUG08-T89,0.0,0.005,0.0
2026-08-08,KPHL,17,KXHIGHPHIL-26AUG08-B91.5,0.493,0.385,1.0
2026-08-08,KPHL,17,KXHIGHPHIL-26AUG08-B95.5,0.0375,0.10500000000000001,0.0
2026-08-08,KPHL,17,KXHIGHPHIL-26AUG08-B93.5,0.293,0.41500000000000004,0.0
2026-08-08,KPHL,17,KXHIGHPHIL-26AUG08-T96,0.0145,0.01,0.0
2026-08-08,KPHL,19,KXHIGHPHIL-26AUG08-B89.5,0.0565,0.005,0.0
2026-08-08,KPHL,19,KXHIGHPHIL-26AUG08-T89,0.0,0.005,0.0
2026-08-08,KPHL,19,KXHIGHPHIL-26AUG08-B91.5,0.748,0.975,1.0
2026-08-08,KPHL,19,KXHIGHPHIL-26AUG08-B95.5,0.0,0.005,0.0
2026-08-08,KPHL,19,KXHIGHPHIL-26AUG08-B93.5,0.1955,0.035,0.0
2026-08-08,KPHL,19,KXHIGHPHIL-26AUG08-T96,0.0,0.005,0.0
2026-08-09,KPHL,15,KXHIGHPHIL-26AUG09-B93.5,0.579,0.5700000000000001,1.0
2026-08-09,KPHL,15,KXHIGHPHIL-26AUG09-B95.5,0.17,0.135,0.0
2026-08-09,KPHL,15,KXHIGHPHIL-26AUG09-B97.5,0.0165,0.01,0.0
2026-08-09,KPHL,15,KXHIGHPHIL-26AUG09-T98,0.001,0.005,0.0
2026-08-09,KPHL,15,KXHIGHPHIL-26AUG09-T91,0.0275,0.025,0.0
2026-08-09,KPHL,15,KXHIGHPHIL-26AUG09-B91.5,0.206,0.255,0.0
2026-08-09,KPHL,17,KXHIGHPHIL-26AUG09-B93.5,0.6425,0.595,1.0
2026-08-09,KPHL,17,KXHIGHPHIL-26AUG09-B95.5,0.227,0.10500000000000001,0.0
2026-08-09,KPHL,17,KXHIGHPHIL-26AUG09-B97.5,0.0275,0.01,0.0
2026-08-09,KPHL,17,KXHIGHPHIL-26AUG09-T98,0.0,0.005,0.0
2026-08-09,KPHL,17,KXHIGHPHIL-26AUG09-T91,0.0,0.005,0.0
2026-08-09,KPHL,17,KXHIGHPHIL-26AUG09-B91.5,0.103,0.265,0.0
2026-08-09,KPHL,19,KXHIGHPHIL-26AUG09-B93.5,0.732,0.69,1.0
2026-08-09,KPHL,19,KXHIGHPHIL-26AUG09-B95.5,0.237,0.325,0.0
2026-08-09,KPHL,19,KXHIGHPHIL-26AUG09-B97.5,0.0,0.005,0.0
2026-08-09,KPHL,19,KXHIGHPHIL-26AUG09-T98,0.0,0.005,0.0
2026-08-09,KPHL,19,KXHIGHPHIL-26AUG09-T91,0.0,0.005,0.0
2026-08-09,KPHL,19,KXHIGHPHIL-26AUG09-B91.5,0.031,0.005,0.0
2026-08-10,KPHL,15,KXHIGHPHIL-26AUG10-B94.5,0.12,0.265,0.0
2026-08-10,KPHL,15,KXHIGHPHIL-26AUG10-B96.5,0.016,0.025,0.0
2026-08-10,KPHL,15,KXHIGHPHIL-26AUG10-T97,0.0,0.015,0.0
2026-08-10,KPHL,15,KXHIGHPHIL-26AUG10-T90,0.0295,0.10500000000000001,0.0
2026-08-10,KPHL,15,KXHIGHPHIL-26AUG10-B90.5,0.259,0.20500000000000002,1.0
2026-08-10,KPHL,15,KXHIGHPHIL-26AUG10-B92.5,0.5755,0.425,0.0
2026-08-10,KPHL,17,KXHIGHPHIL-26AUG10-B94.5,0.106,0.065,0.0
2026-08-10,KPHL,17,KXHIGHPHIL-26AUG10-B96.5,0.017,0.03,0.0
2026-08-10,KPHL,17,KXHIGHPHIL-26AUG10-T97,0.0,0.005,0.0
2026-08-10,KPHL,17,KXHIGHPHIL-26AUG10-T90,0.0,0.11499999999999999,0.0
2026-08-10,KPHL,17,KXHIGHPHIL-26AUG10-B90.5,0.206,0.46499999999999997,1.0
2026-08-10,KPHL,17,KXHIGHPHIL-26AUG10-B92.5,0.671,0.33,0.0
2026-08-10,KPHL,19,KXHIGHPHIL-26AUG10-B94.5,0.035,0.045,0.0
2026-08-10,KPHL,19,KXHIGHPHIL-26AUG10-B96.5,0.0,0.015,0.0
2026-08-10,KPHL,19,KXHIGHPHIL-26AUG10-T97,0.0,0.005,0.0
2026-08-10,KPHL,19,KXHIGHPHIL-26AUG10-T90,0.0,0.005,0.0
2026-08-10,KPHL,19,KXHIGHPHIL-26AUG10-B90.5,0.1925,0.345,1.0
2026-08-10,KPHL,19,KXHIGHPHIL-26AUG10-B92.5,0.7725,0.62,0.0
2026-08-11,KPHL,15,KXHIGHPHIL-26AUG11-B93.5,0.0395,0.035,0.0
2026-08-11,KPHL,15,KXHIGHPHIL-26AUG11-T87,0.0105,0.03,0.0
2026-08-11,KPHL,15,KXHIGHPHIL-26AUG11-B91.5,0.1295,0.155,0.0
2026-08-11,KPHL,15,KXHIGHPHIL-26AUG11-T94,0.0175,0.005,0.0
2026-08-11,KPHL,15,KXHIGHPHIL-26AUG11-B89.5,0.4825,0.46499999999999997,0.0
2026-08-11,KPHL,15,KXHIGHPHIL-26AUG11-B87.5,0.3205,0.355,1.0
2026-08-11,KPHL,17,KXHIGHPHIL-26AUG11-B93.5,0.0135,0.045,0.0
2026-08-11,KPHL,17,KXHIGHPHIL-26AUG11-T87,0.005,0.005,0.0
2026-08-11,KPHL,17,KXHIGHPHIL-26AUG11-B91.5,0.0585,0.235,0.0
2026-08-11,KPHL,17,KXHIGHPHIL-26AUG11-T94,0.0,0.005,0.0
2026-08-11,KPHL,17,KXHIGHPHIL-26AUG11-B89.5,0.602,0.63,0.0
2026-08-11,KPHL,17,KXHIGHPHIL-26AUG11-B87.5,0.321,0.085,1.0
2026-08-11,KPHL,19,KXHIGHPHIL-26AUG11-B93.5,0.0,0.01,0.0
2026-08-11,KPHL,19,KXHIGHPHIL-26AUG11-T87,0.0,0.005,0.0
2026-08-11,KPHL,19,KXHIGHPHIL-26AUG11-B91.5,0.023,0.095,0.0
2026-08-11,KPHL,19,KXHIGHPHIL-26AUG11-T94,0.0,0.005,0.0
2026-08-11,KPHL,19,KXHIGHPHIL-26AUG11-B89.5,0.7405,0.62,0.0
2026-08-11,KPHL,19,KXHIGHPHIL-26AUG11-B87.5,0.2365,0.28,1.0
2026-08-12,KPHL,15,KXHIGHPHIL-26AUG12-T91,0.0945,0.03,0.0
2026-08-12,KPHL,15,KXHIGHPHIL-26AUG12-T84,0.0,0.005,0.0
2026-08-12,KPHL,15,KXHIGHPHIL-26AUG12-B84.5,0.0,0.02,0.0
2026-08-12,KPHL,15,KXHIGHPHIL-26AUG12-B88.5,0.429,0.47,0.0
2026-08-12,KPHL,15,KXHIGHPHIL-26AUG12-B86.5,0.0555,0.045,0.0
2026-08-12,KPHL,15,KXHIGHPHIL-26AUG12-B90.5,0.421,0.385,1.0
2026-08-12,KPHL,17,KXHIGHPHIL-26AUG12-T91,0.0305,0.025,0.0
2026-08-12,KPHL,17,KXHIGHPHIL-26AUG12-T84,0.0,0.005,0.0
2026-08-12,KPHL,17,KXHIGHPHIL-26AUG12-B84.5,0.0,0.005,0.0
2026-08-12,KPHL,17,KXHIGHPHIL-26AUG12-B88.5,0.552,0.48,0.0
2026-08-12,KPHL,17,KXHIGHPHIL-26AUG12-B86.5,0.028,0.065,0.0
2026-08-12,KPHL,17,KXHIGHPHIL-26AUG12-B90.5,0.3895,0.425,1.0
2026-08-12,KPHL,19,KXHIGHPHIL-26AUG12-T91,0.0115,0.045,0.0
2026-08-12,KPHL,19,KXHIGHPHIL-26AUG12-T84,0.0,0.005,0.0
2026-08-12,KPHL,19,KXHIGHPHIL-26AUG12-B84.5,0.0,0.005,0.0
2026-08-12,KPHL,19,KXHIGHPHIL-26AUG12-B88.5,0.3,0.005,0.0
2026-08-12,KPHL,19,KXHIGHPHIL-26AUG12-B86.5,0.0,0.005,0.0
2026-08-12,KPHL,19,KXHIGHPHIL-26AUG12-B90.5,0.6885,0.965,1.0
2026-08-13,KPHL,15,KXHIGHPHIL-26AUG13-B92.5,0.1795,0.10500000000000001,0.0
2026-08-13,KPHL,15,KXHIGHPHIL-26AUG13-B90.5,0.5575,0.735,1.0
2026-08-13,KPHL,15,KXHIGHPHIL-26AUG13-B86.5,0.0375,0.025,0.0
2026-08-13,KPHL,15,KXHIGHPHIL-26AUG13-T86,0.0,0.005,0.0
2026-08-13,KPHL,15,KXHIGHPHIL-26AUG13-T93,0.018,0.025,0.0
2026-08-13,KPHL,15,KXHIGHPHIL-26AUG13-B88.5,0.2075,0.125,0.0
2026-08-13,KPHL,17,KXHIGHPHIL-26AUG13-B92.5,0.0925,0.08499999999999999,0.0
2026-08-13,KPHL,17,KXHIGHPHIL-26AUG13-B90.5,0.4205,0.715,1.0
2026-08-13,KPHL,17,KXHIGHPHIL-26AUG13-B86.5,0.064,0.025,0.0
2026-08-13,KPHL,17,KXHIGHPHIL-26AUG13-T86,0.0,0.005,0.0
2026-08-13,KPHL,17,KXHIGHPHIL-26AUG13-T93,0.0005,0.005,0.0
2026-08-13,KPHL,17,KXHIGHPHIL-26AUG13-B88.5,0.4225,0.175,0.0
2026-08-13,KPHL,19,KXHIGHPHIL-26AUG13-B92.5,0.0515,0.01,0.0
2026-08-13,KPHL,19,KXHIGHPHIL-26AUG13-B90.5,0.77,0.76,1.0
2026-08-13,KPHL,19,KXHIGHPHIL-26AUG13-B86.5,0.0,0.005,0.0
2026-08-13,KPHL,19,KXHIGHPHIL-26AUG13-T86,0.0,0.005,0.0
2026-08-13,KPHL,19,KXHIGHPHIL-26AUG13-T93,0.0,0.005,0.0
2026-08-13,KPHL,19,KXHIGHPHIL-26AUG13-B88.5,0.1785,0.22,0.0
2026-08-14,KPHL,15,KXHIGHPHIL-26AUG14-T84,0.0,0.005,0.0
2026-08-14,KPHL,15,KXHIGHPHIL-26AUG14-T91,0.1115,0.055,0.0
2026-08-14,KPHL,15,KXHIGHPHIL-26AUG14-B88.5,0.356,0.355,0.0
2026-08-14,KPHL,15,KXHIGHPHIL-26AUG14-B90.5,0.4975,0.525,1.0
2026-08-14,KPHL,15,KXHIGHPHIL-26AUG14-B84.5,0.0,0.005,0.0
2026-08-14,KPHL,15,KXHIGHPHIL-26AUG14-B86.5,0.035,0.045,0.0
2026-08-14,KPHL,17,KXHIGHPHIL-26AUG14-T84,0.0,0.005,0.0
2026-08-14,KPHL,17,KXHIGHPHIL-26AUG14-T91,0.042,0.08499999999999999,0.0
2026-08-14,KPHL,17,KXHIGHPHIL-26AUG14-B88.5,0.493,0.265,0.0
2026-08-14,KPHL,17,KXHIGHPHIL-26AUG14-B90.5,0.45,0.625,1.0
2026-08-14,KPHL,17,KXHIGHPHIL-26AUG14-B84.5,0.0,0.005,0.0
2026-08-14,KPHL,17,KXHIGHPHIL-26AUG14-B86.5,0.015,0.025,0.0
2026-08-14,KPHL,19,KXHIGHPHIL-26AUG14-T84,0.0,0.005,0.0
2026-08-14,KPHL,19,KXHIGHPHIL-26AUG14-T91,0.0135,0.035,0.0
2026-08-14,KPHL,19,KXHIGHPHIL-26AUG14-B88.5,0.2735,0.425,0.0
2026-08-14,KPHL,19,KXHIGHPHIL-26AUG14-B90.5,0.713,0.535,1.0
2026-08-14,KPHL,19,KXHIGHPHIL-26AUG14-B84.5,0.0,0.005,0.0
2026-08-14,KPHL,19,KXHIGHPHIL-26AUG14-B86.5,0.0,0.005,0.0
2026-08-15,KPHL,15,KXHIGHPHIL-26AUG15-T92,0.018,0.005,0.0
2026-08-15,KPHL,15,KXHIGHPHIL-26AUG15-B89.5,0.578,0.555,1.0
2026-08-15,KPHL,15,KXHIGHPHIL-26AUG15-B91.5,0.1575,0.125,0.0
2026-08-15,KPHL,15,KXHIGHPHIL-26AUG15-T85,0.0,0.005,0.0
2026-08-15,KPHL,15,KXHIGHPHIL-26AUG15-B87.5,0.2065,0.31,0.0
2026-08-15,KPHL,15,KXHIGHPHIL-26AUG15-B85.5,0.04,0.005,0.0
2026-08-15,KPHL,17,KXHIGHPHIL-26AUG15-T92,0.0185,0.005,0.0
2026-08-15,KPHL,17,KXHIGHPHIL-26AUG15-B89.5,0.6335,0.575,1.0
2026-08-15,KPHL,17,KXHIGHPHIL-26AUG15-B91.5,0.2735,0.07,0.0
2026-08-15,KPHL,17,KXHIGHPHIL-26AUG15-T85,0.0,0.005,0.0
2026-08-15,KPHL,17,KXHIGHPHIL-26AUG15-B87.5,0.0745,0.325,0.0
2026-08-15,KPHL,17,KXHIGHPHIL-26AUG15-B85.5,0.0,0.005,0.0
2026-08-15,KPHL,19,KXHIGHPHIL-26AUG15-T92,0.0005,0.005,0.0
2026-08-15,KPHL,19,KXHIGHPHIL-26AUG15-B89.5,0.817,0.87,1.0
2026-08-15,KPHL,19,KXHIGHPHIL-26AUG15-B91.5,0.162,0.10500000000000001,0.0
2026-08-15,KPHL,19,KXHIGHPHIL-26AUG15-T85,0.0,0.005,0.0
2026-08-15,KPHL,19,KXHIGHPHIL-26AUG15-B87.5,0.0205,0.005,0.0
2026-08-15,KPHL,19,KXHIGHPHIL-26AUG15-B85.5,0.0,0.005,0.0
2026-08-16,KPHL,15,KXHIGHPHIL-26AUG16-B81.5,0.513,0.37,0.0
2026-08-16,KPHL,15,KXHIGHPHIL-26AUG16-B85.5,0.019,0.03,0.0
2026-08-16,KPHL,15,KXHIGHPHIL-26AUG16-T79,0.0005,0.275,0.0
2026-08-16,KPHL,15,KXHIGHPHIL-26AUG16-B79.5,0.09,0.28,1.0
2026-08-16,KPHL,15,KXHIGHPHIL-26AUG16-B83.5,0.368,0.045,0.0
2026-08-16,KPHL,15,KXHIGHPHIL-26AUG16-T86,0.0095,0.005,0.0
2026-08-16,KPHL,17,KXHIGHPHIL-26AUG16-B81.5,0.6035,0.225,0.0
2026-08-16,KPHL,17,KXHIGHPHIL-26AUG16-B85.5,0.023,0.015,0.0
2026-08-16,KPHL,17,KXHIGHPHIL-26AUG16-T79,0.0,0.005,0.0
2026-08-16,KPHL,17,KXHIGHPHIL-26AUG16-B79.5,0.0455,0.685,1.0
2026-08-16,KPHL,17,KXHIGHPHIL-26AUG16-B83.5,0.328,0.03,0.0
2026-08-16,KPHL,17,KXHIGHPHIL-26AUG16-T86,0.0,0.005,0.0
2026-08-16,KPHL,19,KXHIGHPHIL-26AUG16-B81.5,0.764,0.11000000000000001,0.0
2026-08-16,KPHL,19,KXHIGHPHIL-26AUG16-B85.5,0.0005,0.005,0.0
2026-08-16,KPHL,19,KXHIGHPHIL-26AUG16-T79,0.0,0.005,0.0
2026-08-16,KPHL,19,KXHIGHPHIL-26AUG16-B79.5,0.1695,0.86,1.0
2026-08-16,KPHL,19,KXHIGHPHIL-26AUG16-B83.5,0.066,0.015,0.0
2026-08-16,KPHL,19,KXHIGHPHIL-26AUG16-T86,0.0,0.005,0.0
2026-08-17,KPHL,15,KXHIGHPHIL-26AUG17-B87.5,0.2135,0.255,0.0
2026-08-17,KPHL,15,KXHIGHPHIL-26AUG17-B91.5,0.0815,0.125,0.0
2026-08-17,KPHL,15,KXHIGHPHIL-26AUG17-B89.5,0.4685,0.52,1.0
2026-08-17,KPHL,15,KXHIGHPHIL-26AUG17-T85,0.1455,0.025,0.0
2026-08-17,KPHL,15,KXHIGHPHIL-26AUG17-B85.5,0.089,0.07500000000000001,0.0
2026-08-17,KPHL,15,KXHIGHPHIL-26AUG17-T92,0.002,0.005,0.0
2026-08-17,KPHL,17,KXHIGHPHIL-26AUG17-B87.5,0.235,0.45499999999999996,0.0
2026-08-17,KPHL,17,KXHIGHPHIL-26AUG17-B91.5,0.0375,0.03,0.0
2026-08-17,KPHL,17,KXHIGHPHIL-26AUG17-B89.5,0.3565,0.33,1.0
2026-08-17,KPHL,17,KXHIGHPHIL-26AUG17-T85,0.0525,0.025,0.0
2026-08-17,KPHL,17,KXHIGHPHIL-26AUG17-B85.5,0.3185,0.085,0.0
2026-08-17,KPHL,17,KXHIGHPHIL-26AUG17-T92,0.0,0.005,0.0
2026-08-17,KPHL,19,KXHIGHPHIL-26AUG17-B87.5,0.7365,0.53,0.0
2026-08-17,KPHL,19,KXHIGHPHIL-26AUG17-B91.5,0.0115,0.02,0.0
2026-08-17,KPHL,19,KXHIGHPHIL-26AUG17-B89.5,0.2505,0.225,1.0
2026-08-17,KPHL,19,KXHIGHPHIL-26AUG17-T85,0.0,0.005,0.0
2026-08-17,KPHL,19,KXHIGHPHIL-26AUG17-B85.5,0.001,0.235,0.0
2026-08-17,KPHL,19,KXHIGHPHIL-26AUG17-T92,0.0005,0.005,0.0
2026-08-18,KPHL,15,KXHIGHPHIL-26AUG18-B90.5,0.2075,0.32499999999999996,0.0
2026-08-18,KPHL,15,KXHIGHPHIL-26AUG18-B88.5,0.595,0.52,1.0
2026-08-18,KPHL,15,KXHIGHPHIL-26AUG18-B84.5,0.002,0.015,0.0
2026-08-18,KPHL,15,KXHIGHPHIL-26AUG18-T84,0.0,0.005,0.0
2026-08-18,KPHL,15,KXHIGHPHIL-26AUG18-B86.5,0.1705,0.1,0.0
2026-08-18,KPHL,15,KXHIGHPHIL-26AUG18-T91,0.025,0.025,0.0
2026-08-18,KPHL,17,KXHIGHPHIL-26AUG18-B90.5,0.15,0.29000000000000004,0.0
2026-08-18,KPHL,17,KXHIGHPHIL-26AUG18-B88.5,0.6265,0.535,1.0
2026-08-18,KPHL,17,KXHIGHPHIL-26AUG18-B84.5,0.0,0.005,0.0
2026-08-18,KPHL,17,KXHIGHPHIL-26AUG18-T84,0.0,0.005,0.0
2026-08-18,KPHL,17,KXHIGHPHIL-26AUG18-B86.5,0.213,0.18,0.0
2026-08-18,KPHL,17,KXHIGHPHIL-26AUG18-T91,0.0105,0.015,0.0
2026-08-18,KPHL,19,KXHIGHPHIL-26AUG18-B90.5,0.0195,0.15500000000000003,0.0
2026-08-18,KPHL,19,KXHIGHPHIL-26AUG18-B88.5,0.2755,0.525,1.0
2026-08-18,KPHL,19,KXHIGHPHIL-26AUG18-B84.5,0.0,0.005,0.0
2026-08-18,KPHL,19,KXHIGHPHIL-26AUG18-T84,0.0,0.005,0.0
2026-08-18,KPHL,19,KXHIGHPHIL-26AUG18-B86.5,0.705,0.30000000000000004,0.0
2026-08-18,KPHL,19,KXHIGHPHIL-26AUG18-T91,0.0,0.005,0.0
2026-08-19,KPHL,15,KXHIGHPHIL-26AUG19-B92.5,0.115,0.025,0.0
2026-08-19,KPHL,15,KXHIGHPHIL-26AUG19-T93,0.0105,0.01,0.0
2026-08-19,KPHL,15,KXHIGHPHIL-26AUG19-B90.5,0.592,0.435,1.0
2026-08-19,KPHL,15,KXHIGHPHIL-26AUG19-T86,0.0,0.005,0.0
2026-08-19,KPHL,15,KXHIGHPHIL-26AUG19-B88.5,0.244,0.505,0.0
2026-08-19,KPHL,15,KXHIGHPHIL-26AUG19-B86.5,0.0385,0.025,0.0
2026-08-19,KPHL,17,KXHIGHPHIL-26AUG19-B92.5,0.081,0.06,0.0
2026-08-19,KPHL,17,KXHIGHPHIL-26AUG19-T93,0.0,0.005,0.0
2026-08-19,KPHL,17,KXHIGHPHIL-26AUG19-B90.5,0.499,0.625,1.0
2026-08-19,KPHL,17,KXHIGHPHIL-26AUG19-T86,0.0,0.005,0.0
2026-08-19,KPHL,17,KXHIGHPHIL-26AUG19-B88.5,0.411,0.325,0.0
2026-08-19,KPHL,17,KXHIGHPHIL-26AUG19-B86.5,0.009,0.005,0.0
2026-08-19,KPHL,19,KXHIGHPHIL-26AUG19-B92.5,0.0325,0.045,0.0
2026-08-19,KPHL,19,KXHIGHPHIL-26AUG19-T93,0.0,0.005,0.0
2026-08-19,KPHL,19,KXHIGHPHIL-26AUG19-B90.5,0.764,0.6799999999999999,1.0
2026-08-19,KPHL,19,KXHIGHPHIL-26AUG19-T86,0.0,0.005,0.0
2026-08-19,KPHL,19,KXHIGHPHIL-26AUG19-B88.5,0.2035,0.25,0.0
2026-08-19,KPHL,19,KXHIGHPHIL-26AUG19-B86.5,0.0,0.005,0.0
2026-08-20,KPHL,15,KXHIGHPHIL-26AUG20-T87,0.192,0.14500000000000002,0.0
2026-08-20,KPHL,15,KXHIGHPHIL-26AUG20-T80,0.0,0.085,0.0
2026-08-20,KPHL,15,KXHIGHPHIL-26AUG20-B80.5,0.039,0.14500000000000002,0.0
2026-08-20,KPHL,15,KXHIGHPHIL-26AUG20-B84.5,0.267,0.2,1.0
2026-08-20,KPHL,15,KXHIGHPHIL-26AUG20-B86.5,0.3765,0.25,0.0
2026-08-20,KPHL,15,KXHIGHPHIL-26AUG20-B82.5,0.1255,0.225,0.0
2026-08-20,KPHL,17,KXHIGHPHIL-26AUG20-T87,0.2055,0.07500000000000001,0.0
2026-08-20,KPHL,17,KXHIGHPHIL-26AUG20-T80,0.0,0.005,0.0
2026-08-20,KPHL,17,KXHIGHPHIL-26AUG20-B80.5,0.0,0.195,0.0
2026-08-20,KPHL,17,KXHIGHPHIL-26AUG20-B84.5,0.223,0.185,1.0
2026-08-20,KPHL,17,KXHIGHPHIL-26AUG20-B86.5,0.5715,0.10500000000000001,0.0
2026-08-20,KPHL,17,KXHIGHPHIL-26AUG20-B82.5,0.0,0.48,0.0
2026-08-20,KPHL,19,KXHIGHPHIL-26AUG20-T87,0.032,0.15,0.0
2026-08-20,KPHL,19,KXHIGHPHIL-26AUG20-T80,0.0,0.005,0.0
2026-08-20,KPHL,19,KXHIGHPHIL-26AUG20-B80.5,0.0,0.005,0.0
2026-08-20,KPHL,19,KXHIGHPHIL-26AUG20-B84.5,0.7485,0.7849999999999999,1.0
2026-08-20,KPHL,19,KXHIGHPHIL-26AUG20-B86.5,0.2195,0.1,0.0
2026-08-20,KPHL,19,KXHIGHPHIL-26AUG20-B82.5,0.0,0.005,0.0
2026-08-21,KPHL,15,KXHIGHPHIL-26AUG21-B84.5,0.447,0.265,1.0
2026-08-21,KPHL,15,KXHIGHPHIL-26AUG21-T85,0.0605,0.055,0.0
2026-08-21,KPHL,15,KXHIGHPHIL-26AUG21-B78.5,0.006,0.015,0.0
2026-08-21,KPHL,15,KXHIGHPHIL-26AUG21-T78,0.0,0.005,0.0
2026-08-21,KPHL,15,KXHIGHPHIL-26AUG21-B80.5,0.08,0.10500000000000001,0.0
2026-08-21,KPHL,15,KXHIGHPHIL-26AUG21-B82.5,0.4065,0.565,0.0
2026-08-21,KPHL,17,KXHIGHPHIL-26AUG21-B84.5,0.4335,0.32,1.0
2026-08-21,KPHL,17,KXHIGHPHIL-26AUG21-T85,0.0455,0.03,0.0
2026-08-21,KPHL,17,KXHIGHPHIL-26AUG21-B78.5,0.0,0.005,0.0
2026-08-21,KPHL,17,KXHIGHPHIL-26AUG21-T78,0.0,0.005,0.0
2026-08-21,KPHL,17,KXHIGHPHIL-26AUG21-B80.5,0.0275,0.035,0.0
2026-08-21,KPHL,17,KXHIGHPHIL-26AUG21-B82.5,0.4935,0.62,0.0
2026-08-21,KPHL,19,KXHIGHPHIL-26AUG21-B84.5,0.229,0.235,1.0
2026-08-21,KPHL,19,KXHIGHPHIL-26AUG21-T85,0.0035,0.02,0.0
2026-08-21,KPHL,19,KXHIGHPHIL-26AUG21-B78.5,0.0,0.005,0.0
2026-08-21,KPHL,19,KXHIGHPHIL-26AUG21-T78,0.0,0.005,0.0
2026-08-21,KPHL,19,KXHIGHPHIL-26AUG21-B80.5,0.0,0.005,0.0
2026-08-21,KPHL,19,KXHIGHPHIL-26AUG21-B82.5,0.7675,0.76,0.0
2026-08-22,KPHL,15,KXHIGHPHIL-26AUG22-T74,0.0,0.005,0.0
2026-08-22,KPHL,15,KXHIGHPHIL-26AUG22-B76.5,0.0755,0.095,0.0
2026-08-22,KPHL,15,KXHIGHPHIL-26AUG22-B80.5,0.506,0.365,1.0
2026-08-22,KPHL,15,KXHIGHPHIL-26AUG22-B78.5,0.2575,0.38,0.0
2026-08-22,KPHL,15,KXHIGHPHIL-26AUG22-B74.5,0.0055,0.005,0.0
2026-08-22,KPHL,15,KXHIGHPHIL-26AUG22-T81,0.1555,0.135,0.0
2026-08-22,KPHL,17,KXHIGHPHIL-26AUG22-T74,0.0,0.005,0.0
2026-08-22,KPHL,17,KXHIGHPHIL-26AUG22-B76.5,0.0135,0.135,0.0
2026-08-22,KPHL,17,KXHIGHPHIL-26AUG22-B80.5,0.4605,0.235,1.0
2026-08-22,KPHL,17,KXHIGHPHIL-26AUG22-B78.5,0.4065,0.5800000000000001,0.0
2026-08-22,KPHL,17,KXHIGHPHIL-26AUG22-B74.5,0.0,0.005,0.0
2026-08-22,KPHL,17,KXHIGHPHIL-26AUG22-T81,0.1195,0.035,0.0
2026-08-22,KPHL,19,KXHIGHPHIL-26AUG22-T74,0.0,0.005,0.0
2026-08-22,KPHL,19,KXHIGHPHIL-26AUG22-B76.5,0.0,0.005,0.0
2026-08-22,KPHL,19,KXHIGHPHIL-26AUG22-B80.5,0.2605,0.905,1.0
2026-08-22,KPHL,19,KXHIGHPHIL-26AUG22-B78.5,0.7175,0.005,0.0
2026-08-22,KPHL,19,KXHIGHPHIL-26AUG22-B74.5,0.0,0.005,0.0
2026-08-22,KPHL,19,KXHIGHPHIL-26AUG22-T81,0.022,0.1,0.0
2026-08-23,KPHL,15,KXHIGHPHIL-26AUG23-T87,0.0045,0.005,0.0
2026-08-23,KPHL,15,KXHIGHPHIL-26AUG23-B86.5,0.0415,0.135,0.0
2026-08-23,KPHL,15,KXHIGHPHIL-26AUG23-B80.5,0.043,0.025,0.0
2026-08-23,KPHL,15,KXHIGHPHIL-26AUG23-T80,0.0,0.015,0.0
2026-08-23,KPHL,15,KXHIGHPHIL-26AUG23-B84.5,0.6815,0.63,1.0
2026-08-23,KPHL,15,KXHIGHPHIL-26AUG23-B82.5,0.2295,0.20500000000000002,0.0
2026-08-23,KPHL,17,KXHIGHPHIL-26AUG23-T87,0.0,0.005,0.0
2026-08-23,KPHL,17,KXHIGHPHIL-26AUG23-B86.5,0.0295,0.045,0.0
2026-08-23,KPHL,17,KXHIGHPHIL-26AUG23-B80.5,0.039,0.07500000000000001,0.0
2026-08-23,KPHL,17,KXHIGHPHIL-26AUG23-T80,0.0,0.005,0.0
2026-08-23,KPHL,17,KXHIGHPHIL-26AUG23-B84.5,0.57,0.595,1.0
2026-08-23,KPHL,17,KXHIGHPHIL-26AUG23-B82.5,0.3615,0.28500000000000003,0.0
2026-08-23,KPHL,19,KXHIGHPHIL-26AUG23-T87,0.0,0.005,0.0
2026-08-23,KPHL,19,KXHIGHPHIL-26AUG23-B86.5,0.0275,0.07500000000000001,0.0
2026-08-23,KPHL,19,KXHIGHPHIL-26AUG23-B80.5,0.0,0.005,0.0
2026-08-23,KPHL,19,KXHIGHPHIL-26AUG23-T80,0.0,0.005,0.0
2026-08-23,KPHL,19,KXHIGHPHIL-26AUG23-B84.5,0.784,0.72,1.0
2026-08-23,KPHL,19,KXHIGHPHIL-26AUG23-B82.5,0.1885,0.175,0.0
2026-08-24,KPHL,15,KXHIGHPHIL-26AUG24-B82.5,0.671,0.595,1.0
2026-08-24,KPHL,15,KXHIGHPHIL-26AUG24-T78,0.0,0.005,0.0
2026-08-24,KPHL,15,KXHIGHPHIL-26AUG24-B78.5,0.0,0.005,0.0
2026-08-24,KPHL,15,KXHIGHPHIL-26AUG24-B84.5,0.246,0.235,0.0
2026-08-24,KPHL,15,KXHIGHPHIL-26AUG24-B80.5,0.0715,0.14500000000000002,0.0
2026-08-24,KPHL,15,KXHIGHPHIL-26AUG24-T85,0.0115,0.01,0.0
2026-08-24,KPHL,17,KXHIGHPHIL-26AUG24-B82.5,0.7335,0.665,1.0
2026-08-24,KPHL,17,KXHIGHPHIL-26AUG24-T78,0.0,0.005,0.0
2026-08-24,KPHL,17,KXHIGHPHIL-26AUG24-B78.5,0.0,0.005,0.0
2026-08-24,KPHL,17,KXHIGHPHIL-26AUG24-B84.5,0.1445,0.155,0.0
2026-08-24,KPHL,17,KXHIGHPHIL-26AUG24-B80.5,0.117,0.16,0.0
2026-08-24,KPHL,17,KXHIGHPHIL-26AUG24-T85,0.005,0.005,0.0
2026-08-24,KPHL,19,KXHIGHPHIL-26AUG24-B82.5,0.816,0.725,1.0
2026-08-24,KPHL,19,KXHIGHPHIL-26AUG24-T78,0.0,0.005,0.0
2026-08-24,KPHL,19,KXHIGHPHIL-26AUG24-B78.5,0.0,0.005,0.0
2026-08-24,KPHL,19,KXHIGHPHIL-26AUG24-B84.5,0.184,0.255,0.0
2026-08-24,KPHL,19,KXHIGHPHIL-26AUG24-B80.5,0.0,0.005,0.0
2026-08-24,KPHL,19,KXHIGHPHIL-26AUG24-T85,0.0,0.005,0.0
